2024-12-19T11:11:19.195+01:00  INFO 14736 --- [main] a.t.p.r.PaperlessRestApplicationTests    : Starting PaperlessRestApplicationTests using Java 21.0.4 with PID 14736 (started by Martin in C:\Users\Martin\Documents\FH Technikum\WS2024\SWKOM\Paperless\PaperlessRest)
2024-12-19T11:11:19.205+01:00 DEBUG 14736 --- [main] a.t.p.r.PaperlessRestApplicationTests    : Running with Spring Boot v3.3.4, Spring v6.1.13
2024-12-19T11:11:19.205+01:00  INFO 14736 --- [main] a.t.p.r.PaperlessRestApplicationTests    : The following 1 profile is active: "test"
2024-12-19T11:11:19.206+01:00 DEBUG 14736 --- [main] o.s.boot.SpringApplication               : Loading source class at.technikumwien.paperless.rest.PaperlessRestApplication
2024-12-19T11:11:19.252+01:00 DEBUG 14736 --- [main] o.s.w.c.s.GenericWebApplicationContext   : Refreshing org.springframework.web.context.support.GenericWebApplicationContext@66eb985d
2024-12-19T11:11:19.278+01:00 DEBUG 14736 --- [main] o.s.b.f.s.DefaultListableBeanFactory     : Creating shared instance of singleton bean 'org.springframework.context.annotation.internalConfigurationAnnotationProcessor'
2024-12-19T11:11:19.295+01:00 DEBUG 14736 --- [main] o.s.b.f.s.DefaultListableBeanFactory     : Creating shared instance of singleton bean 'org.springframework.boot.autoconfigure.internalCachingMetadataReaderFactory'
2024-12-19T11:11:19.331+01:00 DEBUG 14736 --- [main] o.s.c.a.ClassPathBeanDefinitionScanner   : Identified candidate component class: file [C:\Users\Martin\Documents\FH Technikum\WS2024\SWKOM\Paperless\PaperlessRest\target\classes\at\technikumwien\paperless\rest\DocumentController.class]
2024-12-19T11:11:19.334+01:00 DEBUG 14736 --- [main] o.s.c.a.ClassPathBeanDefinitionScanner   : Identified candidate component class: file [C:\Users\Martin\Documents\FH Technikum\WS2024\SWKOM\Paperless\PaperlessRest\target\classes\at\technikumwien\paperless\rest\MinioConfig.class]
2024-12-19T11:11:19.336+01:00 DEBUG 14736 --- [main] o.s.c.a.ClassPathBeanDefinitionScanner   : Identified candidate component class: file [C:\Users\Martin\Documents\FH Technikum\WS2024\SWKOM\Paperless\PaperlessRest\target\classes\at\technikumwien\paperless\rest\RabbitMqConfig.class]
2024-12-19T11:11:19.339+01:00 DEBUG 14736 --- [main] o.s.c.a.ClassPathBeanDefinitionScanner   : Ignored because not a concrete top-level class: file [C:\Users\Martin\Documents\FH Technikum\WS2024\SWKOM\Paperless\PaperlessRest\target\classes\at\technikumwien\paperless\rest\repository\jpa\DocumentJpaRepository.class]
2024-12-19T11:11:19.341+01:00 DEBUG 14736 --- [main] o.s.c.a.ClassPathBeanDefinitionScanner   : Identified candidate component class: file [C:\Users\Martin\Documents\FH Technikum\WS2024\SWKOM\Paperless\PaperlessRest\target\classes\at\technikumwien\paperless\rest\service\DocumentService.class]
2024-12-19T11:11:19.341+01:00 DEBUG 14736 --- [main] o.s.c.a.ClassPathBeanDefinitionScanner   : Identified candidate component class: file [C:\Users\Martin\Documents\FH Technikum\WS2024\SWKOM\Paperless\PaperlessRest\target\classes\at\technikumwien\paperless\rest\service\RabbitMqService.class]
2024-12-19T11:11:19.765+01:00  INFO 14736 --- [main] .s.d.r.c.RepositoryConfigurationDelegate : Bootstrapping Spring Data JPA repositories in DEFAULT mode.
2024-12-19T11:11:19.773+01:00 DEBUG 14736 --- [main] .s.d.r.c.RepositoryConfigurationDelegate : Scanning for JPA repositories in packages at.technikumwien.paperless.rest.repository.jpa.
2024-12-19T11:11:19.780+01:00 DEBUG 14736 --- [main] o.s.d.r.c.RepositoryComponentProvider    : Identified candidate component class: file [C:\Users\Martin\Documents\FH Technikum\WS2024\SWKOM\Paperless\PaperlessRest\target\classes\at\technikumwien\paperless\rest\repository\jpa\DocumentJpaRepository.class]
2024-12-19T11:11:19.815+01:00  INFO 14736 --- [main] .s.d.r.c.RepositoryConfigurationDelegate : Finished Spring Data repository scanning in 40 ms. Found 1 JPA repository interface.
2024-12-19T11:11:20.295+01:00 DEBUG 14736 --- [main] o.s.b.f.s.DefaultListableBeanFactory     : Creating shared instance of singleton bean 'propertySourcesPlaceholderConfigurer'
2024-12-19T11:11:20.298+01:00 DEBUG 14736 --- [main] o.s.b.f.s.DefaultListableBeanFactory     : Creating shared instance of singleton bean 'org.springframework.boot.test.mock.mockito.MockitoPostProcessor'
2024-12-19T11:11:20.299+01:00 DEBUG 14736 --- [main] o.s.b.f.s.DefaultListableBeanFactory     : Creating shared instance of singleton bean 'emBeanDefinitionRegistrarPostProcessor'
2024-12-19T11:11:20.299+01:00 DEBUG 14736 --- [main] o.s.b.f.s.DefaultListableBeanFactory     : Creating shared instance of singleton bean 'org.springframework.boot.sql.init.dependency.DatabaseInitializationDependencyConfigurer$DependsOnDatabaseInitializationPostProcessor'
2024-12-19T11:11:20.340+01:00 DEBUG 14736 --- [main] o.s.b.f.s.DefaultListableBeanFactory     : Creating shared instance of singleton bean 'org.springframework.context.event.internalEventListenerProcessor'
2024-12-19T11:11:20.343+01:00 DEBUG 14736 --- [main] o.s.b.f.s.DefaultListableBeanFactory     : Creating shared instance of singleton bean 'preserveErrorControllerTargetClassPostProcessor'
2024-12-19T11:11:20.344+01:00 DEBUG 14736 --- [main] o.s.b.f.s.DefaultListableBeanFactory     : Creating shared instance of singleton bean 'org.springframework.context.event.internalEventListenerFactory'
2024-12-19T11:11:20.344+01:00 DEBUG 14736 --- [main] o.s.b.f.s.DefaultListableBeanFactory     : Creating shared instance of singleton bean 'org.springframework.transaction.config.internalTransactionalEventListenerFactory'
2024-12-19T11:11:20.348+01:00 DEBUG 14736 --- [main] o.s.b.f.s.DefaultListableBeanFactory     : Creating shared instance of singleton bean 'org.springframework.boot.test.mock.mockito.MockitoPostProcessor$SpyPostProcessor'
2024-12-19T11:11:20.349+01:00 DEBUG 14736 --- [main] o.s.b.f.s.DefaultListableBeanFactory     : Creating shared instance of singleton bean 'org.springframework.context.annotation.internalAutowiredAnnotationProcessor'
2024-12-19T11:11:20.351+01:00 DEBUG 14736 --- [main] o.s.b.f.s.DefaultListableBeanFactory     : Creating shared instance of singleton bean 'org.springframework.context.annotation.internalCommonAnnotationProcessor'
2024-12-19T11:11:20.355+01:00 DEBUG 14736 --- [main] o.s.b.f.s.DefaultListableBeanFactory     : Creating shared instance of singleton bean 'org.springframework.context.annotation.internalPersistenceAnnotationProcessor'
2024-12-19T11:11:20.355+01:00 DEBUG 14736 --- [main] o.s.b.f.s.DefaultListableBeanFactory     : Creating shared instance of singleton bean 'org.springframework.boot.context.properties.ConfigurationPropertiesBindingPostProcessor'
2024-12-19T11:11:20.355+01:00 DEBUG 14736 --- [main] o.s.b.f.s.DefaultListableBeanFactory     : Creating shared instance of singleton bean 'org.springframework.boot.context.internalConfigurationPropertiesBinder'
2024-12-19T11:11:20.359+01:00 DEBUG 14736 --- [main] o.s.b.f.s.DefaultListableBeanFactory     : Creating shared instance of singleton bean 'jdbcConnectionDetailsHikariBeanPostProcessor'
2024-12-19T11:11:20.362+01:00 DEBUG 14736 --- [main] o.s.b.f.s.DefaultListableBeanFactory     : Creating shared instance of singleton bean 'org.springframework.amqp.rabbit.config.internalRabbitListenerAnnotationProcessor'
2024-12-19T11:11:20.372+01:00 DEBUG 14736 --- [main] o.s.b.f.s.DefaultListableBeanFactory     : Creating shared instance of singleton bean 'org.springframework.aop.config.internalAutoProxyCreator'
2024-12-19T11:11:20.394+01:00 DEBUG 14736 --- [main] o.s.b.f.s.DefaultListableBeanFactory     : Creating shared instance of singleton bean 'persistenceExceptionTranslationPostProcessor'
2024-12-19T11:11:20.397+01:00 DEBUG 14736 --- [main] o.s.b.f.s.DefaultListableBeanFactory     : Autowiring by type from bean name 'persistenceExceptionTranslationPostProcessor' via factory method to bean named 'environment'
2024-12-19T11:11:20.403+01:00 DEBUG 14736 --- [main] o.s.b.f.s.DefaultListableBeanFactory     : Creating shared instance of singleton bean 'webServerFactoryCustomizerBeanPostProcessor'
2024-12-19T11:11:20.404+01:00 DEBUG 14736 --- [main] o.s.b.f.s.DefaultListableBeanFactory     : Creating shared instance of singleton bean 'errorPageRegistrarBeanPostProcessor'
2024-12-19T11:11:20.405+01:00 DEBUG 14736 --- [main] o.s.b.f.s.DefaultListableBeanFactory     : Creating shared instance of singleton bean 'projectingArgumentResolverBeanPostProcessor'
2024-12-19T11:11:20.407+01:00 DEBUG 14736 --- [main] o.s.b.f.s.DefaultListableBeanFactory     : Creating shared instance of singleton bean 'org.springframework.transaction.config.internalTransactionAdvisor'
2024-12-19T11:11:20.407+01:00 DEBUG 14736 --- [main] o.s.b.f.s.DefaultListableBeanFactory     : Creating shared instance of singleton bean 'org.springframework.transaction.annotation.ProxyTransactionManagementConfiguration'
2024-12-19T11:11:20.420+01:00 DEBUG 14736 --- [main] o.s.b.f.s.DefaultListableBeanFactory     : Creating shared instance of singleton bean 'transactionAttributeSource'
2024-12-19T11:11:20.421+01:00 DEBUG 14736 --- [main] o.s.b.f.s.DefaultListableBeanFactory     : Creating shared instance of singleton bean 'transactionInterceptor'
2024-12-19T11:11:20.422+01:00 DEBUG 14736 --- [main] o.s.b.f.s.DefaultListableBeanFactory     : Autowiring by type from bean name 'transactionInterceptor' via factory method to bean named 'transactionAttributeSource'
2024-12-19T11:11:20.433+01:00 DEBUG 14736 --- [main] o.s.b.f.s.DefaultListableBeanFactory     : Autowiring by type from bean name 'org.springframework.transaction.config.internalTransactionAdvisor' via factory method to bean named 'transactionAttributeSource'
2024-12-19T11:11:20.434+01:00 DEBUG 14736 --- [main] o.s.b.f.s.DefaultListableBeanFactory     : Autowiring by type from bean name 'org.springframework.transaction.config.internalTransactionAdvisor' via factory method to bean named 'transactionInterceptor'
2024-12-19T11:11:20.472+01:00 DEBUG 14736 --- [main] o.s.u.c.s.UiApplicationContextUtils      : Unable to locate ThemeSource with name 'themeSource': using default [org.springframework.ui.context.support.ResourceBundleThemeSource@79d3473e]
2024-12-19T11:11:20.473+01:00 DEBUG 14736 --- [main] o.s.b.f.s.DefaultListableBeanFactory     : Creating shared instance of singleton bean 'dataSourceScriptDatabaseInitializer'
2024-12-19T11:11:20.473+01:00 DEBUG 14736 --- [main] o.s.b.f.s.DefaultListableBeanFactory     : Creating shared instance of singleton bean 'org.springframework.boot.autoconfigure.sql.init.DataSourceInitializationConfiguration'
2024-12-19T11:11:20.475+01:00 DEBUG 14736 --- [main] o.s.b.f.s.DefaultListableBeanFactory     : Creating shared instance of singleton bean 'dataSource'
2024-12-19T11:11:20.475+01:00 DEBUG 14736 --- [main] o.s.b.f.s.DefaultListableBeanFactory     : Creating shared instance of singleton bean 'org.springframework.boot.autoconfigure.jdbc.DataSourceConfiguration$Hikari'
2024-12-19T11:11:20.476+01:00 DEBUG 14736 --- [main] o.s.b.f.s.DefaultListableBeanFactory     : Creating shared instance of singleton bean 'spring.datasource-org.springframework.boot.autoconfigure.jdbc.DataSourceProperties'
2024-12-19T11:11:20.477+01:00 DEBUG 14736 --- [main] o.s.b.f.s.DefaultListableBeanFactory     : Creating shared instance of singleton bean 'org.springframework.boot.context.properties.BoundConfigurationProperties'
2024-12-19T11:11:20.499+01:00 DEBUG 14736 --- [main] o.s.b.f.s.DefaultListableBeanFactory     : Creating shared instance of singleton bean 'jdbcConnectionDetails'
2024-12-19T11:11:20.499+01:00 DEBUG 14736 --- [main] o.s.b.f.s.DefaultListableBeanFactory     : Creating shared instance of singleton bean 'org.springframework.boot.autoconfigure.jdbc.DataSourceAutoConfiguration$PooledDataSourceConfiguration'
2024-12-19T11:11:20.500+01:00 DEBUG 14736 --- [main] o.s.b.f.s.DefaultListableBeanFactory     : Autowiring by type from bean name 'jdbcConnectionDetails' via factory method to bean named 'spring.datasource-org.springframework.boot.autoconfigure.jdbc.DataSourceProperties'
2024-12-19T11:11:20.501+01:00 DEBUG 14736 --- [main] o.s.b.f.s.DefaultListableBeanFactory     : Autowiring by type from bean name 'dataSource' via factory method to bean named 'spring.datasource-org.springframework.boot.autoconfigure.jdbc.DataSourceProperties'
2024-12-19T11:11:20.501+01:00 DEBUG 14736 --- [main] o.s.b.f.s.DefaultListableBeanFactory     : Autowiring by type from bean name 'dataSource' via factory method to bean named 'jdbcConnectionDetails'
2024-12-19T11:11:20.504+01:00 DEBUG 14736 --- [main] com.zaxxer.hikari.HikariConfig           : Driver class org.h2.Driver found in Thread context class loader jdk.internal.loader.ClassLoaders$AppClassLoader@70dea4e
2024-12-19T11:11:20.525+01:00 DEBUG 14736 --- [main] o.s.b.f.s.DefaultListableBeanFactory     : Creating shared instance of singleton bean 'spring.sql.init-org.springframework.boot.autoconfigure.sql.init.SqlInitializationProperties'
2024-12-19T11:11:20.528+01:00 DEBUG 14736 --- [main] o.s.b.f.s.DefaultListableBeanFactory     : Autowiring by type from bean name 'dataSourceScriptDatabaseInitializer' via factory method to bean named 'dataSource'
2024-12-19T11:11:20.528+01:00 DEBUG 14736 --- [main] o.s.b.f.s.DefaultListableBeanFactory     : Autowiring by type from bean name 'dataSourceScriptDatabaseInitializer' via factory method to bean named 'spring.sql.init-org.springframework.boot.autoconfigure.sql.init.SqlInitializationProperties'
2024-12-19T11:11:20.535+01:00 DEBUG 14736 --- [main] o.s.b.f.s.DefaultListableBeanFactory     : Creating shared instance of singleton bean 'entityManagerFactory'
2024-12-19T11:11:20.535+01:00 DEBUG 14736 --- [main] o.s.b.f.s.DefaultListableBeanFactory     : Creating shared instance of singleton bean 'org.springframework.boot.autoconfigure.orm.jpa.HibernateJpaConfiguration'
2024-12-19T11:11:20.537+01:00 DEBUG 14736 --- [main] o.s.b.f.s.DefaultListableBeanFactory     : Creating shared instance of singleton bean 'spring.jpa-org.springframework.boot.autoconfigure.orm.jpa.JpaProperties'
2024-12-19T11:11:20.542+01:00 DEBUG 14736 --- [main] o.s.b.f.s.DefaultListableBeanFactory     : Creating shared instance of singleton bean 'spring.jpa.hibernate-org.springframework.boot.autoconfigure.orm.jpa.HibernateProperties'
2024-12-19T11:11:20.546+01:00 DEBUG 14736 --- [main] o.s.b.f.s.DefaultListableBeanFactory     : Autowiring by type from bean name 'org.springframework.boot.autoconfigure.orm.jpa.HibernateJpaConfiguration' via constructor to bean named 'dataSource'
2024-12-19T11:11:20.546+01:00 DEBUG 14736 --- [main] o.s.b.f.s.DefaultListableBeanFactory     : Autowiring by type from bean name 'org.springframework.boot.autoconfigure.orm.jpa.HibernateJpaConfiguration' via constructor to bean named 'spring.jpa-org.springframework.boot.autoconfigure.orm.jpa.JpaProperties'
2024-12-19T11:11:20.546+01:00 DEBUG 14736 --- [main] o.s.b.f.s.DefaultListableBeanFactory     : Autowiring by type from bean name 'org.springframework.boot.autoconfigure.orm.jpa.HibernateJpaConfiguration' via constructor to bean named 'org.springframework.beans.factory.support.DefaultListableBeanFactory@1bcf67e8'
2024-12-19T11:11:20.546+01:00 DEBUG 14736 --- [main] o.s.b.f.s.DefaultListableBeanFactory     : Autowiring by type from bean name 'org.springframework.boot.autoconfigure.orm.jpa.HibernateJpaConfiguration' via constructor to bean named 'spring.jpa.hibernate-org.springframework.boot.autoconfigure.orm.jpa.HibernateProperties'
2024-12-19T11:11:20.549+01:00 DEBUG 14736 --- [main] o.s.b.f.s.DefaultListableBeanFactory     : Creating shared instance of singleton bean 'hikariPoolDataSourceMetadataProvider'
2024-12-19T11:11:20.549+01:00 DEBUG 14736 --- [main] o.s.b.f.s.DefaultListableBeanFactory     : Creating shared instance of singleton bean 'org.springframework.boot.autoconfigure.jdbc.metadata.DataSourcePoolMetadataProvidersConfiguration$HikariPoolDataSourceMetadataProviderConfiguration'
2024-12-19T11:11:20.559+01:00 DEBUG 14736 --- [main] o.s.b.f.s.DefaultListableBeanFactory     : Creating shared instance of singleton bean 'entityManagerFactoryBuilder'
2024-12-19T11:11:20.560+01:00 DEBUG 14736 --- [main] o.s.b.f.s.DefaultListableBeanFactory     : Creating shared instance of singleton bean 'jpaVendorAdapter'
2024-12-19T11:11:20.579+01:00 DEBUG 14736 --- [main] org.jboss.logging                        : Logging Provider: org.jboss.logging.Slf4jLoggerProvider found via system property
2024-12-19T11:11:20.584+01:00 DEBUG 14736 --- [main] o.s.b.f.s.DefaultListableBeanFactory     : Autowiring by type from bean name 'entityManagerFactoryBuilder' via factory method to bean named 'jpaVendorAdapter'
2024-12-19T11:11:20.589+01:00 DEBUG 14736 --- [main] o.s.b.f.s.DefaultListableBeanFactory     : Creating shared instance of singleton bean 'persistenceManagedTypes'
2024-12-19T11:11:20.590+01:00 DEBUG 14736 --- [main] o.s.b.f.s.DefaultListableBeanFactory     : Autowiring by type from bean name 'persistenceManagedTypes' via factory method to bean named 'org.springframework.beans.factory.support.DefaultListableBeanFactory@1bcf67e8'
2024-12-19T11:11:20.590+01:00 DEBUG 14736 --- [main] o.s.b.f.s.DefaultListableBeanFactory     : Autowiring by type from bean name 'persistenceManagedTypes' via factory method to bean named 'org.springframework.web.context.support.GenericWebApplicationContext@66eb985d'
2024-12-19T11:11:20.591+01:00 DEBUG 14736 --- [main] o.s.b.f.s.DefaultListableBeanFactory     : Creating shared instance of singleton bean 'org.springframework.boot.autoconfigure.AutoConfigurationPackages'
2024-12-19T11:11:20.592+01:00 DEBUG 14736 --- [main] o.s.b.a.AutoConfigurationPackages        : @EnableAutoConfiguration was declared on a class in the package 'at.technikumwien.paperless.rest'. Automatic @Repository and @Entity scanning is enabled.
2024-12-19T11:11:20.601+01:00 DEBUG 14736 --- [main] o.s.b.f.s.DefaultListableBeanFactory     : Autowiring by type from bean name 'entityManagerFactory' via factory method to bean named 'entityManagerFactoryBuilder'
2024-12-19T11:11:20.602+01:00 DEBUG 14736 --- [main] o.s.b.f.s.DefaultListableBeanFactory     : Autowiring by type from bean name 'entityManagerFactory' via factory method to bean named 'persistenceManagedTypes'
2024-12-19T11:11:20.622+01:00 DEBUG 14736 --- [main] j.LocalContainerEntityManagerFactoryBean : Building JPA container EntityManagerFactory for persistence unit 'default'
2024-12-19T11:11:20.651+01:00 DEBUG 14736 --- [main] o.hibernate.jpa.internal.util.LogHelper  : PersistenceUnitInfo [
	name: default
	persistence provider classname: null
	classloader: jdk.internal.loader.ClassLoaders$AppClassLoader@70dea4e
	excludeUnlistedClasses: true
	JTA datasource: null
	Non JTA datasource: HikariDataSource (null)
	Transaction type: RESOURCE_LOCAL
	PU root URL: file:/C:/Users/Martin/Documents/FH%20Technikum/WS2024/SWKOM/Paperless/PaperlessRest/target/test-classes/
	Shared Cache Mode: UNSPECIFIED
	Validation Mode: AUTO
	Jar files URLs []
	Managed classes names [
		at.technikumwien.paperless.rest.repository.jpa.DocumentJpa]
	Mapping files names []
	Properties []
2024-12-19T11:11:20.670+01:00 DEBUG 14736 --- [main] o.h.i.internal.IntegratorServiceImpl     : Adding Integrator [org.hibernate.boot.beanvalidation.BeanValidationIntegrator].
2024-12-19T11:11:20.673+01:00 DEBUG 14736 --- [main] o.h.i.internal.IntegratorServiceImpl     : Adding Integrator [org.hibernate.cache.internal.CollectionCacheInvalidator].
2024-12-19T11:11:20.743+01:00  INFO 14736 --- [main] org.hibernate.Version                    : HHH000412: Hibernate ORM core version 6.5.3.Final
2024-12-19T11:11:20.745+01:00 DEBUG 14736 --- [main] org.hibernate.cfg.Environment            : HHH000206: 'hibernate.properties' not found
2024-12-19T11:11:20.776+01:00 DEBUG 14736 --- [main] org.hibernate.orm.idgen.factory          : Registering IdentifierGenerator strategy [uuid2] -> [org.hibernate.id.UUIDGenerator]
2024-12-19T11:11:20.777+01:00 DEBUG 14736 --- [main] org.hibernate.orm.idgen.factory          : Registering IdentifierGenerator strategy [guid] -> [org.hibernate.id.GUIDGenerator]
2024-12-19T11:11:20.778+01:00 DEBUG 14736 --- [main] org.hibernate.orm.idgen.factory          : Registering IdentifierGenerator strategy [uuid] -> [org.hibernate.id.UUIDHexGenerator]
2024-12-19T11:11:20.778+01:00 DEBUG 14736 --- [main] org.hibernate.orm.idgen.factory          : Registering IdentifierGenerator strategy [uuid.hex] -> [org.hibernate.id.UUIDHexGenerator]
2024-12-19T11:11:20.778+01:00 DEBUG 14736 --- [main] org.hibernate.orm.idgen.factory          : Registering IdentifierGenerator strategy [assigned] -> [org.hibernate.id.Assigned]
2024-12-19T11:11:20.779+01:00 DEBUG 14736 --- [main] org.hibernate.orm.idgen.factory          : Registering IdentifierGenerator strategy [identity] -> [org.hibernate.id.IdentityGenerator]
2024-12-19T11:11:20.779+01:00 DEBUG 14736 --- [main] org.hibernate.orm.idgen.factory          : Registering IdentifierGenerator strategy [select] -> [org.hibernate.id.SelectGenerator]
2024-12-19T11:11:20.781+01:00 DEBUG 14736 --- [main] org.hibernate.orm.idgen.factory          : Registering IdentifierGenerator strategy [sequence] -> [org.hibernate.id.enhanced.SequenceStyleGenerator]
2024-12-19T11:11:20.782+01:00 DEBUG 14736 --- [main] org.hibernate.orm.idgen.factory          : Registering IdentifierGenerator strategy [increment] -> [org.hibernate.id.IncrementGenerator]
2024-12-19T11:11:20.782+01:00 DEBUG 14736 --- [main] org.hibernate.orm.idgen.factory          : Registering IdentifierGenerator strategy [foreign] -> [org.hibernate.id.ForeignGenerator]
2024-12-19T11:11:20.782+01:00 DEBUG 14736 --- [main] org.hibernate.orm.idgen.factory          : Registering IdentifierGenerator strategy [enhanced-sequence] -> [org.hibernate.id.enhanced.SequenceStyleGenerator]
2024-12-19T11:11:20.783+01:00 DEBUG 14736 --- [main] org.hibernate.orm.idgen.factory          : Registering IdentifierGenerator strategy [enhanced-table] -> [org.hibernate.id.enhanced.TableGenerator]
2024-12-19T11:11:20.792+01:00 DEBUG 14736 --- [main] o.h.c.internal.RegionFactoryInitiator    : Cannot default RegionFactory based on registered strategies as `[]` RegionFactory strategies were registered
2024-12-19T11:11:20.793+01:00  INFO 14736 --- [main] o.h.c.internal.RegionFactoryInitiator    : HHH000026: Second-level cache disabled
2024-12-19T11:11:20.901+01:00 DEBUG 14736 --- [main] org.hibernate.type.BasicTypeRegistry     : Adding type registration boolean -> org.hibernate.type.BasicTypeReference@6380e9e9
2024-12-19T11:11:20.902+01:00 DEBUG 14736 --- [main] org.hibernate.type.BasicTypeRegistry     : Adding type registration boolean -> org.hibernate.type.BasicTypeReference@6380e9e9
2024-12-19T11:11:20.902+01:00 DEBUG 14736 --- [main] org.hibernate.type.BasicTypeRegistry     : Adding type registration java.lang.Boolean -> org.hibernate.type.BasicTypeReference@6380e9e9
2024-12-19T11:11:20.902+01:00 DEBUG 14736 --- [main] org.hibernate.type.BasicTypeRegistry     : Adding type registration numeric_boolean -> org.hibernate.type.BasicTypeReference@350da119
2024-12-19T11:11:20.902+01:00 DEBUG 14736 --- [main] org.hibernate.type.BasicTypeRegistry     : Adding type registration org.hibernate.type.NumericBooleanConverter -> org.hibernate.type.BasicTypeReference@350da119
2024-12-19T11:11:20.902+01:00 DEBUG 14736 --- [main] org.hibernate.type.BasicTypeRegistry     : Adding type registration true_false -> org.hibernate.type.BasicTypeReference@6a09484c
2024-12-19T11:11:20.902+01:00 DEBUG 14736 --- [main] org.hibernate.type.BasicTypeRegistry     : Adding type registration org.hibernate.type.TrueFalseConverter -> org.hibernate.type.BasicTypeReference@6a09484c
2024-12-19T11:11:20.902+01:00 DEBUG 14736 --- [main] org.hibernate.type.BasicTypeRegistry     : Adding type registration yes_no -> org.hibernate.type.BasicTypeReference@34c7232c
2024-12-19T11:11:20.902+01:00 DEBUG 14736 --- [main] org.hibernate.type.BasicTypeRegistry     : Adding type registration org.hibernate.type.YesNoConverter -> org.hibernate.type.BasicTypeReference@34c7232c
2024-12-19T11:11:20.903+01:00 DEBUG 14736 --- [main] org.hibernate.type.BasicTypeRegistry     : Adding type registration byte -> org.hibernate.type.BasicTypeReference@50ec4bfc
2024-12-19T11:11:20.903+01:00 DEBUG 14736 --- [main] org.hibernate.type.BasicTypeRegistry     : Adding type registration byte -> org.hibernate.type.BasicTypeReference@50ec4bfc
2024-12-19T11:11:20.903+01:00 DEBUG 14736 --- [main] org.hibernate.type.BasicTypeRegistry     : Adding type registration java.lang.Byte -> org.hibernate.type.BasicTypeReference@50ec4bfc
2024-12-19T11:11:20.903+01:00 DEBUG 14736 --- [main] org.hibernate.type.BasicTypeRegistry     : Adding type registration binary -> org.hibernate.type.BasicTypeReference@8b13d91
2024-12-19T11:11:20.903+01:00 DEBUG 14736 --- [main] org.hibernate.type.BasicTypeRegistry     : Adding type registration byte[] -> org.hibernate.type.BasicTypeReference@8b13d91
2024-12-19T11:11:20.903+01:00 DEBUG 14736 --- [main] org.hibernate.type.BasicTypeRegistry     : Adding type registration [B -> org.hibernate.type.BasicTypeReference@8b13d91
2024-12-19T11:11:20.903+01:00 DEBUG 14736 --- [main] org.hibernate.type.BasicTypeRegistry     : Adding type registration binary_wrapper -> org.hibernate.type.BasicTypeReference@285a4fe3
2024-12-19T11:11:20.903+01:00 DEBUG 14736 --- [main] org.hibernate.type.BasicTypeRegistry     : Adding type registration wrapper-binary -> org.hibernate.type.BasicTypeReference@285a4fe3
2024-12-19T11:11:20.904+01:00 DEBUG 14736 --- [main] org.hibernate.type.BasicTypeRegistry     : Adding type registration image -> org.hibernate.type.BasicTypeReference@2589d787
2024-12-19T11:11:20.904+01:00 DEBUG 14736 --- [main] org.hibernate.type.BasicTypeRegistry     : Adding type registration blob -> org.hibernate.type.BasicTypeReference@1788cb61
2024-12-19T11:11:20.904+01:00 DEBUG 14736 --- [main] org.hibernate.type.BasicTypeRegistry     : Adding type registration java.sql.Blob -> org.hibernate.type.BasicTypeReference@1788cb61
2024-12-19T11:11:20.904+01:00 DEBUG 14736 --- [main] org.hibernate.type.BasicTypeRegistry     : Adding type registration materialized_blob -> org.hibernate.type.BasicTypeReference@16d431b4
2024-12-19T11:11:20.904+01:00 DEBUG 14736 --- [main] org.hibernate.type.BasicTypeRegistry     : Adding type registration materialized_blob_wrapper -> org.hibernate.type.BasicTypeReference@6c0b51da
2024-12-19T11:11:20.904+01:00 DEBUG 14736 --- [main] org.hibernate.type.BasicTypeRegistry     : Adding type registration short -> org.hibernate.type.BasicTypeReference@7558633
2024-12-19T11:11:20.904+01:00 DEBUG 14736 --- [main] org.hibernate.type.BasicTypeRegistry     : Adding type registration short -> org.hibernate.type.BasicTypeReference@7558633
2024-12-19T11:11:20.904+01:00 DEBUG 14736 --- [main] org.hibernate.type.BasicTypeRegistry     : Adding type registration java.lang.Short -> org.hibernate.type.BasicTypeReference@7558633
2024-12-19T11:11:20.905+01:00 DEBUG 14736 --- [main] org.hibernate.type.BasicTypeRegistry     : Adding type registration integer -> org.hibernate.type.BasicTypeReference@5657967b
2024-12-19T11:11:20.905+01:00 DEBUG 14736 --- [main] org.hibernate.type.BasicTypeRegistry     : Adding type registration int -> org.hibernate.type.BasicTypeReference@5657967b
2024-12-19T11:11:20.905+01:00 DEBUG 14736 --- [main] org.hibernate.type.BasicTypeRegistry     : Adding type registration java.lang.Integer -> org.hibernate.type.BasicTypeReference@5657967b
2024-12-19T11:11:20.905+01:00 DEBUG 14736 --- [main] org.hibernate.type.BasicTypeRegistry     : Adding type registration long -> org.hibernate.type.BasicTypeReference@61394494
2024-12-19T11:11:20.905+01:00 DEBUG 14736 --- [main] org.hibernate.type.BasicTypeRegistry     : Adding type registration long -> org.hibernate.type.BasicTypeReference@61394494
2024-12-19T11:11:20.905+01:00 DEBUG 14736 --- [main] org.hibernate.type.BasicTypeRegistry     : Adding type registration java.lang.Long -> org.hibernate.type.BasicTypeReference@61394494
2024-12-19T11:11:20.905+01:00 DEBUG 14736 --- [main] org.hibernate.type.BasicTypeRegistry     : Adding type registration float -> org.hibernate.type.BasicTypeReference@578a5ce8
2024-12-19T11:11:20.905+01:00 DEBUG 14736 --- [main] org.hibernate.type.BasicTypeRegistry     : Adding type registration float -> org.hibernate.type.BasicTypeReference@578a5ce8
2024-12-19T11:11:20.905+01:00 DEBUG 14736 --- [main] org.hibernate.type.BasicTypeRegistry     : Adding type registration java.lang.Float -> org.hibernate.type.BasicTypeReference@578a5ce8
2024-12-19T11:11:20.905+01:00 DEBUG 14736 --- [main] org.hibernate.type.BasicTypeRegistry     : Adding type registration double -> org.hibernate.type.BasicTypeReference@7c453c34
2024-12-19T11:11:20.906+01:00 DEBUG 14736 --- [main] org.hibernate.type.BasicTypeRegistry     : Adding type registration double -> org.hibernate.type.BasicTypeReference@7c453c34
2024-12-19T11:11:20.906+01:00 DEBUG 14736 --- [main] org.hibernate.type.BasicTypeRegistry     : Adding type registration java.lang.Double -> org.hibernate.type.BasicTypeReference@7c453c34
2024-12-19T11:11:20.906+01:00 DEBUG 14736 --- [main] org.hibernate.type.BasicTypeRegistry     : Adding type registration big_integer -> org.hibernate.type.BasicTypeReference@16cb9989
2024-12-19T11:11:20.906+01:00 DEBUG 14736 --- [main] org.hibernate.type.BasicTypeRegistry     : Adding type registration java.math.BigInteger -> org.hibernate.type.BasicTypeReference@16cb9989
2024-12-19T11:11:20.906+01:00 DEBUG 14736 --- [main] org.hibernate.type.BasicTypeRegistry     : Adding type registration big_decimal -> org.hibernate.type.BasicTypeReference@3dfd6220
2024-12-19T11:11:20.906+01:00 DEBUG 14736 --- [main] org.hibernate.type.BasicTypeRegistry     : Adding type registration java.math.BigDecimal -> org.hibernate.type.BasicTypeReference@3dfd6220
2024-12-19T11:11:20.906+01:00 DEBUG 14736 --- [main] org.hibernate.type.BasicTypeRegistry     : Adding type registration character -> org.hibernate.type.BasicTypeReference@3815146b
2024-12-19T11:11:20.906+01:00 DEBUG 14736 --- [main] org.hibernate.type.BasicTypeRegistry     : Adding type registration char -> org.hibernate.type.BasicTypeReference@3815146b
2024-12-19T11:11:20.906+01:00 DEBUG 14736 --- [main] org.hibernate.type.BasicTypeRegistry     : Adding type registration java.lang.Character -> org.hibernate.type.BasicTypeReference@3815146b
2024-12-19T11:11:20.906+01:00 DEBUG 14736 --- [main] org.hibernate.type.BasicTypeRegistry     : Adding type registration character_nchar -> org.hibernate.type.BasicTypeReference@6de43bc1
2024-12-19T11:11:20.906+01:00 DEBUG 14736 --- [main] org.hibernate.type.BasicTypeRegistry     : Adding type registration string -> org.hibernate.type.BasicTypeReference@27a9f025
2024-12-19T11:11:20.906+01:00 DEBUG 14736 --- [main] org.hibernate.type.BasicTypeRegistry     : Adding type registration java.lang.String -> org.hibernate.type.BasicTypeReference@27a9f025
2024-12-19T11:11:20.906+01:00 DEBUG 14736 --- [main] org.hibernate.type.BasicTypeRegistry     : Adding type registration nstring -> org.hibernate.type.BasicTypeReference@71936a92
2024-12-19T11:11:20.906+01:00 DEBUG 14736 --- [main] org.hibernate.type.BasicTypeRegistry     : Adding type registration characters -> org.hibernate.type.BasicTypeReference@61359e87
2024-12-19T11:11:20.906+01:00 DEBUG 14736 --- [main] org.hibernate.type.BasicTypeRegistry     : Adding type registration char[] -> org.hibernate.type.BasicTypeReference@61359e87
2024-12-19T11:11:20.907+01:00 DEBUG 14736 --- [main] org.hibernate.type.BasicTypeRegistry     : Adding type registration [C -> org.hibernate.type.BasicTypeReference@61359e87
2024-12-19T11:11:20.907+01:00 DEBUG 14736 --- [main] org.hibernate.type.BasicTypeRegistry     : Adding type registration wrapper-characters -> org.hibernate.type.BasicTypeReference@2dc39b53
2024-12-19T11:11:20.907+01:00 DEBUG 14736 --- [main] org.hibernate.type.BasicTypeRegistry     : Adding type registration text -> org.hibernate.type.BasicTypeReference@45037e16
2024-12-19T11:11:20.907+01:00 DEBUG 14736 --- [main] org.hibernate.type.BasicTypeRegistry     : Adding type registration ntext -> org.hibernate.type.BasicTypeReference@2f2e4bde
2024-12-19T11:11:20.907+01:00 DEBUG 14736 --- [main] org.hibernate.type.BasicTypeRegistry     : Adding type registration clob -> org.hibernate.type.BasicTypeReference@6222391a
2024-12-19T11:11:20.907+01:00 DEBUG 14736 --- [main] org.hibernate.type.BasicTypeRegistry     : Adding type registration java.sql.Clob -> org.hibernate.type.BasicTypeReference@6222391a
2024-12-19T11:11:20.907+01:00 DEBUG 14736 --- [main] org.hibernate.type.BasicTypeRegistry     : Adding type registration nclob -> org.hibernate.type.BasicTypeReference@538a2f0e
2024-12-19T11:11:20.907+01:00 DEBUG 14736 --- [main] org.hibernate.type.BasicTypeRegistry     : Adding type registration java.sql.NClob -> org.hibernate.type.BasicTypeReference@538a2f0e
2024-12-19T11:11:20.907+01:00 DEBUG 14736 --- [main] org.hibernate.type.BasicTypeRegistry     : Adding type registration materialized_clob -> org.hibernate.type.BasicTypeReference@d2708a7
2024-12-19T11:11:20.907+01:00 DEBUG 14736 --- [main] org.hibernate.type.BasicTypeRegistry     : Adding type registration materialized_clob_char_array -> org.hibernate.type.BasicTypeReference@508ad266
2024-12-19T11:11:20.907+01:00 DEBUG 14736 --- [main] org.hibernate.type.BasicTypeRegistry     : Adding type registration materialized_clob_character_array -> org.hibernate.type.BasicTypeReference@2313db84
2024-12-19T11:11:20.907+01:00 DEBUG 14736 --- [main] org.hibernate.type.BasicTypeRegistry     : Adding type registration materialized_nclob -> org.hibernate.type.BasicTypeReference@216372b7
2024-12-19T11:11:20.907+01:00 DEBUG 14736 --- [main] org.hibernate.type.BasicTypeRegistry     : Adding type registration materialized_nclob_character_array -> org.hibernate.type.BasicTypeReference@14b4340c
2024-12-19T11:11:20.908+01:00 DEBUG 14736 --- [main] org.hibernate.type.BasicTypeRegistry     : Adding type registration materialized_nclob_char_array -> org.hibernate.type.BasicTypeReference@12abcd1e
2024-12-19T11:11:20.908+01:00 DEBUG 14736 --- [main] org.hibernate.type.BasicTypeRegistry     : Adding type registration Duration -> org.hibernate.type.BasicTypeReference@2fd9fb34
2024-12-19T11:11:20.908+01:00 DEBUG 14736 --- [main] org.hibernate.type.BasicTypeRegistry     : Adding type registration java.time.Duration -> org.hibernate.type.BasicTypeReference@2fd9fb34
2024-12-19T11:11:20.908+01:00 DEBUG 14736 --- [main] org.hibernate.type.BasicTypeRegistry     : Adding type registration LocalDateTime -> org.hibernate.type.BasicTypeReference@1595d2b2
2024-12-19T11:11:20.908+01:00 DEBUG 14736 --- [main] org.hibernate.type.BasicTypeRegistry     : Adding type registration java.time.LocalDateTime -> org.hibernate.type.BasicTypeReference@1595d2b2
2024-12-19T11:11:20.908+01:00 DEBUG 14736 --- [main] org.hibernate.type.BasicTypeRegistry     : Adding type registration LocalDate -> org.hibernate.type.BasicTypeReference@20349058
2024-12-19T11:11:20.908+01:00 DEBUG 14736 --- [main] org.hibernate.type.BasicTypeRegistry     : Adding type registration java.time.LocalDate -> org.hibernate.type.BasicTypeReference@20349058
2024-12-19T11:11:20.908+01:00 DEBUG 14736 --- [main] org.hibernate.type.BasicTypeRegistry     : Adding type registration LocalTime -> org.hibernate.type.BasicTypeReference@6cbb7a7d
2024-12-19T11:11:20.908+01:00 DEBUG 14736 --- [main] org.hibernate.type.BasicTypeRegistry     : Adding type registration java.time.LocalTime -> org.hibernate.type.BasicTypeReference@6cbb7a7d
2024-12-19T11:11:20.908+01:00 DEBUG 14736 --- [main] org.hibernate.type.BasicTypeRegistry     : Adding type registration OffsetDateTime -> org.hibernate.type.BasicTypeReference@cdb3c85
2024-12-19T11:11:20.908+01:00 DEBUG 14736 --- [main] org.hibernate.type.BasicTypeRegistry     : Adding type registration java.time.OffsetDateTime -> org.hibernate.type.BasicTypeReference@cdb3c85
2024-12-19T11:11:20.909+01:00 DEBUG 14736 --- [main] org.hibernate.type.BasicTypeRegistry     : Adding type registration OffsetDateTimeWithTimezone -> org.hibernate.type.BasicTypeReference@37606fee
2024-12-19T11:11:20.909+01:00 DEBUG 14736 --- [main] org.hibernate.type.BasicTypeRegistry     : Adding type registration OffsetDateTimeWithoutTimezone -> org.hibernate.type.BasicTypeReference@33d28f0a
2024-12-19T11:11:20.909+01:00 DEBUG 14736 --- [main] org.hibernate.type.BasicTypeRegistry     : Adding type registration OffsetTime -> org.hibernate.type.BasicTypeReference@48d739f
2024-12-19T11:11:20.909+01:00 DEBUG 14736 --- [main] org.hibernate.type.BasicTypeRegistry     : Adding type registration java.time.OffsetTime -> org.hibernate.type.BasicTypeReference@48d739f
2024-12-19T11:11:20.909+01:00 DEBUG 14736 --- [main] org.hibernate.type.BasicTypeRegistry     : Adding type registration OffsetTimeUtc -> org.hibernate.type.BasicTypeReference@51e7589f
2024-12-19T11:11:20.909+01:00 DEBUG 14736 --- [main] org.hibernate.type.BasicTypeRegistry     : Adding type registration OffsetTimeWithTimezone -> org.hibernate.type.BasicTypeReference@65cc5252
2024-12-19T11:11:20.909+01:00 DEBUG 14736 --- [main] org.hibernate.type.BasicTypeRegistry     : Adding type registration OffsetTimeWithoutTimezone -> org.hibernate.type.BasicTypeReference@42c12b3e
2024-12-19T11:11:20.909+01:00 DEBUG 14736 --- [main] org.hibernate.type.BasicTypeRegistry     : Adding type registration ZonedDateTime -> org.hibernate.type.BasicTypeReference@2dbfa972
2024-12-19T11:11:20.909+01:00 DEBUG 14736 --- [main] org.hibernate.type.BasicTypeRegistry     : Adding type registration java.time.ZonedDateTime -> org.hibernate.type.BasicTypeReference@2dbfa972
2024-12-19T11:11:20.909+01:00 DEBUG 14736 --- [main] org.hibernate.type.BasicTypeRegistry     : Adding type registration ZonedDateTimeWithTimezone -> org.hibernate.type.BasicTypeReference@46f73ffa
2024-12-19T11:11:20.909+01:00 DEBUG 14736 --- [main] org.hibernate.type.BasicTypeRegistry     : Adding type registration ZonedDateTimeWithoutTimezone -> org.hibernate.type.BasicTypeReference@41aebbb4
2024-12-19T11:11:20.909+01:00 DEBUG 14736 --- [main] org.hibernate.type.BasicTypeRegistry     : Adding type registration date -> org.hibernate.type.BasicTypeReference@afde064
2024-12-19T11:11:20.909+01:00 DEBUG 14736 --- [main] org.hibernate.type.BasicTypeRegistry     : Adding type registration java.sql.Date -> org.hibernate.type.BasicTypeReference@afde064
2024-12-19T11:11:20.909+01:00 DEBUG 14736 --- [main] org.hibernate.type.BasicTypeRegistry     : Adding type registration time -> org.hibernate.type.BasicTypeReference@5a592c70
2024-12-19T11:11:20.910+01:00 DEBUG 14736 --- [main] org.hibernate.type.BasicTypeRegistry     : Adding type registration java.sql.Time -> org.hibernate.type.BasicTypeReference@5a592c70
2024-12-19T11:11:20.910+01:00 DEBUG 14736 --- [main] org.hibernate.type.BasicTypeRegistry     : Adding type registration timestamp -> org.hibernate.type.BasicTypeReference@252ec02e
2024-12-19T11:11:20.910+01:00 DEBUG 14736 --- [main] org.hibernate.type.BasicTypeRegistry     : Adding type registration java.sql.Timestamp -> org.hibernate.type.BasicTypeReference@252ec02e
2024-12-19T11:11:20.910+01:00 DEBUG 14736 --- [main] org.hibernate.type.BasicTypeRegistry     : Adding type registration java.util.Date -> org.hibernate.type.BasicTypeReference@252ec02e
2024-12-19T11:11:20.910+01:00 DEBUG 14736 --- [main] org.hibernate.type.BasicTypeRegistry     : Adding type registration calendar -> org.hibernate.type.BasicTypeReference@11e9ac24
2024-12-19T11:11:20.910+01:00 DEBUG 14736 --- [main] org.hibernate.type.BasicTypeRegistry     : Adding type registration java.util.Calendar -> org.hibernate.type.BasicTypeReference@11e9ac24
2024-12-19T11:11:20.910+01:00 DEBUG 14736 --- [main] org.hibernate.type.BasicTypeRegistry     : Adding type registration java.util.GregorianCalendar -> org.hibernate.type.BasicTypeReference@11e9ac24
2024-12-19T11:11:20.910+01:00 DEBUG 14736 --- [main] org.hibernate.type.BasicTypeRegistry     : Adding type registration calendar_date -> org.hibernate.type.BasicTypeReference@74f280bd
2024-12-19T11:11:20.910+01:00 DEBUG 14736 --- [main] org.hibernate.type.BasicTypeRegistry     : Adding type registration calendar_time -> org.hibernate.type.BasicTypeReference@675b18ff
2024-12-19T11:11:20.910+01:00 DEBUG 14736 --- [main] org.hibernate.type.BasicTypeRegistry     : Adding type registration instant -> org.hibernate.type.BasicTypeReference@34279b8a
2024-12-19T11:11:20.910+01:00 DEBUG 14736 --- [main] org.hibernate.type.BasicTypeRegistry     : Adding type registration java.time.Instant -> org.hibernate.type.BasicTypeReference@34279b8a
2024-12-19T11:11:20.910+01:00 DEBUG 14736 --- [main] org.hibernate.type.BasicTypeRegistry     : Adding type registration uuid -> org.hibernate.type.BasicTypeReference@687389a6
2024-12-19T11:11:20.910+01:00 DEBUG 14736 --- [main] org.hibernate.type.BasicTypeRegistry     : Adding type registration java.util.UUID -> org.hibernate.type.BasicTypeReference@687389a6
2024-12-19T11:11:20.910+01:00 DEBUG 14736 --- [main] org.hibernate.type.BasicTypeRegistry     : Adding type registration pg-uuid -> org.hibernate.type.BasicTypeReference@687389a6
2024-12-19T11:11:20.911+01:00 DEBUG 14736 --- [main] org.hibernate.type.BasicTypeRegistry     : Adding type registration uuid-binary -> org.hibernate.type.BasicTypeReference@8641b7d
2024-12-19T11:11:20.911+01:00 DEBUG 14736 --- [main] org.hibernate.type.BasicTypeRegistry     : Adding type registration uuid-char -> org.hibernate.type.BasicTypeReference@37c7766e
2024-12-19T11:11:20.911+01:00 DEBUG 14736 --- [main] org.hibernate.type.BasicTypeRegistry     : Adding type registration class -> org.hibernate.type.BasicTypeReference@3fb450d7
2024-12-19T11:11:20.911+01:00 DEBUG 14736 --- [main] org.hibernate.type.BasicTypeRegistry     : Adding type registration java.lang.Class -> org.hibernate.type.BasicTypeReference@3fb450d7
2024-12-19T11:11:20.912+01:00 DEBUG 14736 --- [main] org.hibernate.type.BasicTypeRegistry     : Adding type registration currency -> org.hibernate.type.BasicTypeReference@4b7ed03e
2024-12-19T11:11:20.913+01:00 DEBUG 14736 --- [main] org.hibernate.type.BasicTypeRegistry     : Adding type registration Currency -> org.hibernate.type.BasicTypeReference@4b7ed03e
2024-12-19T11:11:20.913+01:00 DEBUG 14736 --- [main] org.hibernate.type.BasicTypeRegistry     : Adding type registration java.util.Currency -> org.hibernate.type.BasicTypeReference@4b7ed03e
2024-12-19T11:11:20.913+01:00 DEBUG 14736 --- [main] org.hibernate.type.BasicTypeRegistry     : Adding type registration locale -> org.hibernate.type.BasicTypeReference@6f91fbda
2024-12-19T11:11:20.913+01:00 DEBUG 14736 --- [main] org.hibernate.type.BasicTypeRegistry     : Adding type registration java.util.Locale -> org.hibernate.type.BasicTypeReference@6f91fbda
2024-12-19T11:11:20.913+01:00 DEBUG 14736 --- [main] org.hibernate.type.BasicTypeRegistry     : Adding type registration serializable -> org.hibernate.type.BasicTypeReference@723e3c17
2024-12-19T11:11:20.913+01:00 DEBUG 14736 --- [main] org.hibernate.type.BasicTypeRegistry     : Adding type registration java.io.Serializable -> org.hibernate.type.BasicTypeReference@723e3c17
2024-12-19T11:11:20.913+01:00 DEBUG 14736 --- [main] org.hibernate.type.BasicTypeRegistry     : Adding type registration timezone -> org.hibernate.type.BasicTypeReference@4ffced4e
2024-12-19T11:11:20.913+01:00 DEBUG 14736 --- [main] org.hibernate.type.BasicTypeRegistry     : Adding type registration java.util.TimeZone -> org.hibernate.type.BasicTypeReference@4ffced4e
2024-12-19T11:11:20.913+01:00 DEBUG 14736 --- [main] org.hibernate.type.BasicTypeRegistry     : Adding type registration ZoneOffset -> org.hibernate.type.BasicTypeReference@6094de13
2024-12-19T11:11:20.913+01:00 DEBUG 14736 --- [main] org.hibernate.type.BasicTypeRegistry     : Adding type registration java.time.ZoneOffset -> org.hibernate.type.BasicTypeReference@6094de13
2024-12-19T11:11:20.913+01:00 DEBUG 14736 --- [main] org.hibernate.type.BasicTypeRegistry     : Adding type registration url -> org.hibernate.type.BasicTypeReference@bbb6f0
2024-12-19T11:11:20.913+01:00 DEBUG 14736 --- [main] org.hibernate.type.BasicTypeRegistry     : Adding type registration java.net.URL -> org.hibernate.type.BasicTypeReference@bbb6f0
2024-12-19T11:11:20.913+01:00 DEBUG 14736 --- [main] org.hibernate.type.BasicTypeRegistry     : Adding type registration vector -> org.hibernate.type.BasicTypeReference@3e6ec74
2024-12-19T11:11:20.914+01:00 DEBUG 14736 --- [main] org.hibernate.type.BasicTypeRegistry     : Adding type registration row_version -> org.hibernate.type.BasicTypeReference@2bd8f7db
2024-12-19T11:11:20.919+01:00 DEBUG 14736 --- [main] org.hibernate.type.BasicTypeRegistry     : Adding type registration object -> org.hibernate.type.JavaObjectType@55877274
2024-12-19T11:11:20.919+01:00 DEBUG 14736 --- [main] org.hibernate.type.BasicTypeRegistry     : Adding type registration java.lang.Object -> org.hibernate.type.JavaObjectType@55877274
2024-12-19T11:11:20.921+01:00 DEBUG 14736 --- [main] org.hibernate.type.BasicTypeRegistry     : Adding type registration null -> org.hibernate.type.NullType@2bec068b
2024-12-19T11:11:20.921+01:00 DEBUG 14736 --- [main] org.hibernate.type.BasicTypeRegistry     : Adding type registration imm_date -> org.hibernate.type.BasicTypeReference@7d59e968
2024-12-19T11:11:20.921+01:00 DEBUG 14736 --- [main] org.hibernate.type.BasicTypeRegistry     : Adding type registration imm_time -> org.hibernate.type.BasicTypeReference@55361f03
2024-12-19T11:11:20.921+01:00 DEBUG 14736 --- [main] org.hibernate.type.BasicTypeRegistry     : Adding type registration imm_timestamp -> org.hibernate.type.BasicTypeReference@581c9bb7
2024-12-19T11:11:20.921+01:00 DEBUG 14736 --- [main] org.hibernate.type.BasicTypeRegistry     : Adding type registration imm_calendar -> org.hibernate.type.BasicTypeReference@138f0661
2024-12-19T11:11:20.921+01:00 DEBUG 14736 --- [main] org.hibernate.type.BasicTypeRegistry     : Adding type registration imm_calendar_date -> org.hibernate.type.BasicTypeReference@212fafd1
2024-12-19T11:11:20.921+01:00 DEBUG 14736 --- [main] org.hibernate.type.BasicTypeRegistry     : Adding type registration imm_calendar_time -> org.hibernate.type.BasicTypeReference@448462f0
2024-12-19T11:11:20.921+01:00 DEBUG 14736 --- [main] org.hibernate.type.BasicTypeRegistry     : Adding type registration imm_binary -> org.hibernate.type.BasicTypeReference@787988f4
2024-12-19T11:11:20.921+01:00 DEBUG 14736 --- [main] org.hibernate.type.BasicTypeRegistry     : Adding type registration imm_serializable -> org.hibernate.type.BasicTypeReference@132e3594
2024-12-19T11:11:20.926+01:00 DEBUG 14736 --- [main] o.h.boot.internal.BootstrapContextImpl   : Injecting JPA temp ClassLoader [org.springframework.instrument.classloading.SimpleThrowawayClassLoader@7d37ee0c] into BootstrapContext; was [null]
2024-12-19T11:11:20.927+01:00 DEBUG 14736 --- [main] o.h.boot.internal.ClassLoaderAccessImpl  : ClassLoaderAccessImpl#injectTempClassLoader(org.springframework.instrument.classloading.SimpleThrowawayClassLoader@7d37ee0c) [was null]
2024-12-19T11:11:20.927+01:00 DEBUG 14736 --- [main] o.h.boot.internal.BootstrapContextImpl   : Injecting ScanEnvironment [org.hibernate.jpa.boot.internal.StandardJpaScanEnvironmentImpl@36c07c75] into BootstrapContext; was [null]
2024-12-19T11:11:20.927+01:00 DEBUG 14736 --- [main] o.h.boot.internal.BootstrapContextImpl   : Injecting ScanOptions [org.hibernate.boot.archive.scan.internal.StandardScanOptions@6750e381] into BootstrapContext; was [org.hibernate.boot.archive.scan.internal.StandardScanOptions@5d850a25]
2024-12-19T11:11:21.211+01:00  INFO 14736 --- [main] o.s.o.j.p.SpringPersistenceUnitInfo      : No LoadTimeWeaver setup: ignoring JPA class transformer
2024-12-19T11:11:21.211+01:00 DEBUG 14736 --- [main] o.h.boot.internal.BootstrapContextImpl   : Injecting JPA temp ClassLoader [null] into BootstrapContext; was [org.springframework.instrument.classloading.SimpleThrowawayClassLoader@7d37ee0c]
2024-12-19T11:11:21.211+01:00 DEBUG 14736 --- [main] o.h.boot.internal.ClassLoaderAccessImpl  : ClassLoaderAccessImpl#injectTempClassLoader(null) [was org.springframework.instrument.classloading.SimpleThrowawayClassLoader@7d37ee0c]
2024-12-19T11:11:21.250+01:00 DEBUG 14736 --- [main] com.zaxxer.hikari.HikariConfig           : HikariPool-1 - configuration:
2024-12-19T11:11:21.255+01:00 DEBUG 14736 --- [main] com.zaxxer.hikari.HikariConfig           : allowPoolSuspension.............false
2024-12-19T11:11:21.255+01:00 DEBUG 14736 --- [main] com.zaxxer.hikari.HikariConfig           : autoCommit......................true
2024-12-19T11:11:21.255+01:00 DEBUG 14736 --- [main] com.zaxxer.hikari.HikariConfig           : catalog.........................none
2024-12-19T11:11:21.255+01:00 DEBUG 14736 --- [main] com.zaxxer.hikari.HikariConfig           : connectionInitSql...............none
2024-12-19T11:11:21.255+01:00 DEBUG 14736 --- [main] com.zaxxer.hikari.HikariConfig           : connectionTestQuery.............none
2024-12-19T11:11:21.256+01:00 DEBUG 14736 --- [main] com.zaxxer.hikari.HikariConfig           : connectionTimeout...............30000
2024-12-19T11:11:21.257+01:00 DEBUG 14736 --- [main] com.zaxxer.hikari.HikariConfig           : dataSource......................none
2024-12-19T11:11:21.257+01:00 DEBUG 14736 --- [main] com.zaxxer.hikari.HikariConfig           : dataSourceClassName.............none
2024-12-19T11:11:21.257+01:00 DEBUG 14736 --- [main] com.zaxxer.hikari.HikariConfig           : dataSourceJNDI..................none
2024-12-19T11:11:21.258+01:00 DEBUG 14736 --- [main] com.zaxxer.hikari.HikariConfig           : dataSourceProperties............{password=<masked>}
2024-12-19T11:11:21.258+01:00 DEBUG 14736 --- [main] com.zaxxer.hikari.HikariConfig           : driverClassName................."org.h2.Driver"
2024-12-19T11:11:21.258+01:00 DEBUG 14736 --- [main] com.zaxxer.hikari.HikariConfig           : exceptionOverrideClassName......none
2024-12-19T11:11:21.258+01:00 DEBUG 14736 --- [main] com.zaxxer.hikari.HikariConfig           : healthCheckProperties...........{}
2024-12-19T11:11:21.259+01:00 DEBUG 14736 --- [main] com.zaxxer.hikari.HikariConfig           : healthCheckRegistry.............none
2024-12-19T11:11:21.259+01:00 DEBUG 14736 --- [main] com.zaxxer.hikari.HikariConfig           : idleTimeout.....................600000
2024-12-19T11:11:21.260+01:00 DEBUG 14736 --- [main] com.zaxxer.hikari.HikariConfig           : initializationFailTimeout.......1
2024-12-19T11:11:21.260+01:00 DEBUG 14736 --- [main] com.zaxxer.hikari.HikariConfig           : isolateInternalQueries..........false
2024-12-19T11:11:21.260+01:00 DEBUG 14736 --- [main] com.zaxxer.hikari.HikariConfig           : jdbcUrl.........................jdbc:h2:mem:testdb
2024-12-19T11:11:21.260+01:00 DEBUG 14736 --- [main] com.zaxxer.hikari.HikariConfig           : keepaliveTime...................0
2024-12-19T11:11:21.260+01:00 DEBUG 14736 --- [main] com.zaxxer.hikari.HikariConfig           : leakDetectionThreshold..........0
2024-12-19T11:11:21.260+01:00 DEBUG 14736 --- [main] com.zaxxer.hikari.HikariConfig           : maxLifetime.....................1800000
2024-12-19T11:11:21.260+01:00 DEBUG 14736 --- [main] com.zaxxer.hikari.HikariConfig           : maximumPoolSize.................10
2024-12-19T11:11:21.260+01:00 DEBUG 14736 --- [main] com.zaxxer.hikari.HikariConfig           : metricRegistry..................none
2024-12-19T11:11:21.261+01:00 DEBUG 14736 --- [main] com.zaxxer.hikari.HikariConfig           : metricsTrackerFactory...........none
2024-12-19T11:11:21.261+01:00 DEBUG 14736 --- [main] com.zaxxer.hikari.HikariConfig           : minimumIdle.....................10
2024-12-19T11:11:21.261+01:00 DEBUG 14736 --- [main] com.zaxxer.hikari.HikariConfig           : password........................<masked>
2024-12-19T11:11:21.261+01:00 DEBUG 14736 --- [main] com.zaxxer.hikari.HikariConfig           : poolName........................"HikariPool-1"
2024-12-19T11:11:21.261+01:00 DEBUG 14736 --- [main] com.zaxxer.hikari.HikariConfig           : readOnly........................false
2024-12-19T11:11:21.261+01:00 DEBUG 14736 --- [main] com.zaxxer.hikari.HikariConfig           : registerMbeans..................false
2024-12-19T11:11:21.261+01:00 DEBUG 14736 --- [main] com.zaxxer.hikari.HikariConfig           : scheduledExecutor...............none
2024-12-19T11:11:21.261+01:00 DEBUG 14736 --- [main] com.zaxxer.hikari.HikariConfig           : schema..........................none
2024-12-19T11:11:21.261+01:00 DEBUG 14736 --- [main] com.zaxxer.hikari.HikariConfig           : threadFactory...................internal
2024-12-19T11:11:21.261+01:00 DEBUG 14736 --- [main] com.zaxxer.hikari.HikariConfig           : transactionIsolation............default
2024-12-19T11:11:21.262+01:00 DEBUG 14736 --- [main] com.zaxxer.hikari.HikariConfig           : username........................"user"
2024-12-19T11:11:21.262+01:00 DEBUG 14736 --- [main] com.zaxxer.hikari.HikariConfig           : validationTimeout...............5000
2024-12-19T11:11:21.262+01:00  INFO 14736 --- [main] com.zaxxer.hikari.HikariDataSource       : HikariPool-1 - Starting...
2024-12-19T11:11:21.482+01:00  INFO 14736 --- [main] com.zaxxer.hikari.pool.HikariPool        : HikariPool-1 - Added connection conn0: url=jdbc:h2:mem:testdb user=USER
2024-12-19T11:11:21.483+01:00  INFO 14736 --- [main] com.zaxxer.hikari.HikariDataSource       : HikariPool-1 - Start completed.
2024-12-19T11:11:21.489+01:00 DEBUG 14736 --- [main] o.h.e.j.e.i.JdbcEnvironmentInitiator     : Database ->
	   name : H2
	version : 2.2.224 (2023-09-17)
	  major : 2
	  minor : 2
2024-12-19T11:11:21.490+01:00 DEBUG 14736 --- [main] o.h.e.j.e.i.JdbcEnvironmentInitiator     : Driver ->
	   name : H2 JDBC Driver
	version : 2.2.224 (2023-09-17)
	  major : 2
	  minor : 2
2024-12-19T11:11:21.490+01:00 DEBUG 14736 --- [main] o.h.e.j.e.i.JdbcEnvironmentInitiator     : JDBC version : 4.2
2024-12-19T11:11:21.508+01:00  WARN 14736 --- [main] org.hibernate.dialect.Dialect            : HHH000511: The 2.2.224 version for [org.hibernate.dialect.PostgreSQLDialect] is no longer supported, hence certain features may not work properly. The minimum supported version is 12.0.0. Check the community dialects project for available legacy versions.
2024-12-19T11:11:21.516+01:00  WARN 14736 --- [main] org.hibernate.orm.deprecation            : HHH90000025: PostgreSQLDialect does not need to be specified explicitly using 'hibernate.dialect' (remove the property setting and it will be selected by default)
2024-12-19T11:11:21.518+01:00 DEBUG 14736 --- [main] org.hibernate.orm.dialect                : HHH035001: Using dialect: org.hibernate.dialect.PostgreSQLDialect, version: 2.2.224
2024-12-19T11:11:21.521+01:00 DEBUG 14736 --- [main] o.h.e.j.env.spi.IdentifierHelperBuilder  : JDBC driver metadata reported database stores quoted identifiers in neither upper, lower nor mixed case
2024-12-19T11:11:21.532+01:00 DEBUG 14736 --- [main] org.hibernate.orm.jdbc.lob               : HHH10010004: Disabling contextual LOB creation as Dialect reported it is not supported
2024-12-19T11:11:21.544+01:00 DEBUG 14736 --- [main] o.h.t.d.sql.spi.DdlTypeRegistry          : addDescriptor(2003, org.hibernate.type.descriptor.sql.internal.ArrayDdlTypeImpl@7bce9ce4) replaced previous registration(org.hibernate.type.descriptor.sql.internal.ArrayDdlTypeImpl@1d2046bb)
2024-12-19T11:11:21.545+01:00 DEBUG 14736 --- [main] o.h.t.d.sql.spi.DdlTypeRegistry          : addDescriptor(6, org.hibernate.type.descriptor.sql.internal.CapacityDependentDdlType@3b33fff9) replaced previous registration(org.hibernate.type.descriptor.sql.internal.DdlTypeImpl@fd87c22)
2024-12-19T11:11:21.547+01:00 DEBUG 14736 --- [main] o.h.t.d.jdbc.spi.JdbcTypeRegistry        : addDescriptor(2004, BlobTypeDescriptor(BLOB_BINDING)) replaced previous registration(BlobTypeDescriptor(DEFAULT))
2024-12-19T11:11:21.547+01:00 DEBUG 14736 --- [main] o.h.t.d.jdbc.spi.JdbcTypeRegistry        : addDescriptor(2005, ClobTypeDescriptor(CLOB_BINDING)) replaced previous registration(ClobTypeDescriptor(DEFAULT))
2024-12-19T11:11:21.552+01:00 DEBUG 14736 --- [main] org.hibernate.type.BasicTypeRegistry     : Adding type registration JAVA_OBJECT -> org.hibernate.type.JavaObjectType@7d126083
2024-12-19T11:11:21.553+01:00 DEBUG 14736 --- [main] org.hibernate.type.BasicTypeRegistry     : Adding type registration java.lang.Object -> org.hibernate.type.JavaObjectType@7d126083
2024-12-19T11:11:21.553+01:00 DEBUG 14736 --- [main] org.hibernate.type.BasicTypeRegistry     : Type registration key [java.lang.Object] overrode previous entry : `org.hibernate.type.JavaObjectType@55877274`
2024-12-19T11:11:21.557+01:00 DEBUG 14736 --- [main] org.hibernate.type.BasicTypeRegistry     : Adding type registration org.hibernate.type.DurationType -> basicType@1(java.time.Duration,3015)
2024-12-19T11:11:21.557+01:00 DEBUG 14736 --- [main] org.hibernate.type.BasicTypeRegistry     : Adding type registration Duration -> basicType@1(java.time.Duration,3015)
2024-12-19T11:11:21.557+01:00 DEBUG 14736 --- [main] org.hibernate.type.BasicTypeRegistry     : Adding type registration java.time.Duration -> basicType@1(java.time.Duration,3015)
2024-12-19T11:11:21.561+01:00 DEBUG 14736 --- [main] org.hibernate.type.BasicTypeRegistry     : Adding type registration org.hibernate.type.OffsetDateTimeType -> basicType@2(java.time.OffsetDateTime,3003)
2024-12-19T11:11:21.561+01:00 DEBUG 14736 --- [main] org.hibernate.type.BasicTypeRegistry     : Adding type registration OffsetDateTime -> basicType@2(java.time.OffsetDateTime,3003)
2024-12-19T11:11:21.561+01:00 DEBUG 14736 --- [main] org.hibernate.type.BasicTypeRegistry     : Adding type registration java.time.OffsetDateTime -> basicType@2(java.time.OffsetDateTime,3003)
2024-12-19T11:11:21.561+01:00 DEBUG 14736 --- [main] org.hibernate.type.BasicTypeRegistry     : Adding type registration org.hibernate.type.ZonedDateTimeType -> basicType@3(java.time.ZonedDateTime,3003)
2024-12-19T11:11:21.561+01:00 DEBUG 14736 --- [main] org.hibernate.type.BasicTypeRegistry     : Adding type registration ZonedDateTime -> basicType@3(java.time.ZonedDateTime,3003)
2024-12-19T11:11:21.561+01:00 DEBUG 14736 --- [main] org.hibernate.type.BasicTypeRegistry     : Adding type registration java.time.ZonedDateTime -> basicType@3(java.time.ZonedDateTime,3003)
2024-12-19T11:11:21.562+01:00 DEBUG 14736 --- [main] org.hibernate.type.BasicTypeRegistry     : Adding type registration org.hibernate.type.OffsetTimeType -> basicType@4(java.time.OffsetTime,3007)
2024-12-19T11:11:21.562+01:00 DEBUG 14736 --- [main] org.hibernate.type.BasicTypeRegistry     : Adding type registration OffsetTime -> basicType@4(java.time.OffsetTime,3007)
2024-12-19T11:11:21.562+01:00 DEBUG 14736 --- [main] org.hibernate.type.BasicTypeRegistry     : Adding type registration java.time.OffsetTime -> basicType@4(java.time.OffsetTime,3007)
2024-12-19T11:11:21.563+01:00 DEBUG 14736 --- [main] o.h.type.spi.TypeConfiguration$Scope     : Scoping TypeConfiguration [org.hibernate.type.spi.TypeConfiguration@32f308c6] to MetadataBuildingContext [org.hibernate.boot.internal.MetadataBuildingContextRootImpl@5f2b9da8]
2024-12-19T11:11:21.590+01:00 DEBUG 14736 --- [HikariPool-1 housekeeper] com.zaxxer.hikari.pool.HikariPool        : HikariPool-1 - Pool stats (total=1, active=0, idle=1, waiting=0)
2024-12-19T11:11:21.591+01:00 DEBUG 14736 --- [HikariPool-1 connection adder] com.zaxxer.hikari.pool.HikariPool        : HikariPool-1 - Added connection conn1: url=jdbc:h2:mem:testdb user=USER
2024-12-19T11:11:21.597+01:00 DEBUG 14736 --- [main] o.h.boot.model.relational.Namespace      : Created database namespace [logicalName=Name{catalog=null, schema=null}, physicalName=Name{catalog=null, schema=null}]
2024-12-19T11:11:21.623+01:00 DEBUG 14736 --- [HikariPool-1 connection adder] com.zaxxer.hikari.pool.HikariPool        : HikariPool-1 - After adding stats (total=2, active=0, idle=2, waiting=0)
2024-12-19T11:11:21.623+01:00 DEBUG 14736 --- [main] o.h.boot.model.internal.EntityBinder     : Binding entity from annotated class: at.technikumwien.paperless.rest.repository.jpa.DocumentJpa
2024-12-19T11:11:21.623+01:00 DEBUG 14736 --- [HikariPool-1 connection adder] com.zaxxer.hikari.pool.HikariPool        : HikariPool-1 - Added connection conn2: url=jdbc:h2:mem:testdb user=USER
2024-12-19T11:11:21.629+01:00 DEBUG 14736 --- [main] o.h.boot.model.internal.EntityBinder     : Import with entity name DocumentJpa
2024-12-19T11:11:21.636+01:00 DEBUG 14736 --- [main] o.h.boot.model.internal.EntityBinder     : Bind entity at.technikumwien.paperless.rest.repository.jpa.DocumentJpa on table document_jpa
2024-12-19T11:11:21.646+01:00 DEBUG 14736 --- [main] o.h.boot.model.internal.AnnotatedColumn  : Binding column: AnnotatedDiscriminatorColumn(column='DTYPE')
2024-12-19T11:11:21.663+01:00 DEBUG 14736 --- [main] o.h.boot.model.internal.AnnotatedColumn  : Binding column: AnnotatedColumn()
2024-12-19T11:11:21.664+01:00 DEBUG 14736 --- [main] o.h.boot.internal.ClassLoaderAccessImpl  : Not known whether passed class name [at.technikumwien.paperless.rest.repository.jpa.DocumentJpa] is safe
2024-12-19T11:11:21.664+01:00 DEBUG 14736 --- [main] o.h.boot.internal.ClassLoaderAccessImpl  : No temp ClassLoader provided; using live ClassLoader for loading potentially unsafe class : at.technikumwien.paperless.rest.repository.jpa.DocumentJpa
2024-12-19T11:11:21.666+01:00 DEBUG 14736 --- [main] o.h.boot.model.internal.PropertyBinder   : MetadataSourceProcessor property id with lazy=false
2024-12-19T11:11:21.668+01:00 DEBUG 14736 --- [HikariPool-1 connection adder] com.zaxxer.hikari.pool.HikariPool        : HikariPool-1 - After adding stats (total=3, active=0, idle=3, waiting=0)
2024-12-19T11:11:21.669+01:00 DEBUG 14736 --- [HikariPool-1 connection adder] com.zaxxer.hikari.pool.HikariPool        : HikariPool-1 - Added connection conn3: url=jdbc:h2:mem:testdb user=USER
2024-12-19T11:11:21.671+01:00 DEBUG 14736 --- [main] o.h.b.m.internal.AbstractPropertyHolder  : Attempting to locate auto-apply AttributeConverter for property [at.technikumwien.paperless.rest.repository.jpa.DocumentJpa:id]
2024-12-19T11:11:21.674+01:00 DEBUG 14736 --- [main] o.h.b.model.internal.BasicValueBinder    : building BasicValue for id
2024-12-19T11:11:21.677+01:00 DEBUG 14736 --- [main] org.hibernate.mapping.BasicValue         : Skipping column re-registration: document_jpa.id
2024-12-19T11:11:21.677+01:00 DEBUG 14736 --- [main] o.h.boot.model.internal.PropertyBinder   : Building property id
2024-12-19T11:11:21.680+01:00 DEBUG 14736 --- [main] o.h.boot.model.internal.BinderHelper     : #makeIdGenerator(BasicValue([Column(id)]), id, org.hibernate.id.enhanced.SequenceStyleGenerator, , ...)
2024-12-19T11:11:21.681+01:00 DEBUG 14736 --- [main] o.h.boot.model.internal.AnnotatedColumn  : Binding column: AnnotatedColumn()
2024-12-19T11:11:21.681+01:00 DEBUG 14736 --- [main] o.h.boot.model.internal.PropertyBinder   : MetadataSourceProcessor property data with lazy=false
2024-12-19T11:11:21.681+01:00 DEBUG 14736 --- [main] o.h.b.m.internal.AbstractPropertyHolder  : Attempting to locate auto-apply AttributeConverter for property [at.technikumwien.paperless.rest.repository.jpa.DocumentJpa:data]
2024-12-19T11:11:21.681+01:00 DEBUG 14736 --- [main] o.h.b.model.internal.BasicValueBinder    : building BasicValue for data
2024-12-19T11:11:21.681+01:00 DEBUG 14736 --- [main] org.hibernate.mapping.BasicValue         : Skipping column re-registration: document_jpa.data
2024-12-19T11:11:21.681+01:00 DEBUG 14736 --- [main] o.h.boot.model.internal.PropertyBinder   : Building property data
2024-12-19T11:11:21.682+01:00 DEBUG 14736 --- [main] o.h.boot.model.internal.AnnotatedColumn  : Binding column: AnnotatedColumn()
2024-12-19T11:11:21.682+01:00 DEBUG 14736 --- [main] o.h.boot.model.internal.PropertyBinder   : MetadataSourceProcessor property dataString with lazy=false
2024-12-19T11:11:21.682+01:00 DEBUG 14736 --- [main] o.h.b.m.internal.AbstractPropertyHolder  : Attempting to locate auto-apply AttributeConverter for property [at.technikumwien.paperless.rest.repository.jpa.DocumentJpa:dataString]
2024-12-19T11:11:21.682+01:00 DEBUG 14736 --- [main] o.h.b.model.internal.BasicValueBinder    : building BasicValue for dataString
2024-12-19T11:11:21.682+01:00 DEBUG 14736 --- [main] org.hibernate.mapping.BasicValue         : Skipping column re-registration: document_jpa.data_string
2024-12-19T11:11:21.682+01:00 DEBUG 14736 --- [main] o.h.boot.model.internal.PropertyBinder   : Building property dataString
2024-12-19T11:11:21.682+01:00 DEBUG 14736 --- [main] o.h.boot.model.internal.AnnotatedColumn  : Binding column: AnnotatedColumn()
2024-12-19T11:11:21.682+01:00 DEBUG 14736 --- [main] o.h.boot.model.internal.PropertyBinder   : MetadataSourceProcessor property fileName with lazy=false
2024-12-19T11:11:21.682+01:00 DEBUG 14736 --- [main] o.h.b.m.internal.AbstractPropertyHolder  : Attempting to locate auto-apply AttributeConverter for property [at.technikumwien.paperless.rest.repository.jpa.DocumentJpa:fileName]
2024-12-19T11:11:21.682+01:00 DEBUG 14736 --- [main] o.h.b.model.internal.BasicValueBinder    : building BasicValue for fileName
2024-12-19T11:11:21.682+01:00 DEBUG 14736 --- [main] org.hibernate.mapping.BasicValue         : Skipping column re-registration: document_jpa.file_name
2024-12-19T11:11:21.683+01:00 DEBUG 14736 --- [main] o.h.boot.model.internal.PropertyBinder   : Building property fileName
2024-12-19T11:11:21.684+01:00 DEBUG 14736 --- [main] o.h.b.r.c.i.ClassLoaderServiceImpl       : HHH000194: Package not found or no package-info.java: at.technikumwien.paperless.rest.repository.jpa
2024-12-19T11:11:21.689+01:00 DEBUG 14736 --- [main] o.h.b.model.internal.BasicValueBinder    : Starting `BasicValueBinder#fillSimpleValue` for id
2024-12-19T11:11:21.690+01:00 DEBUG 14736 --- [main] o.h.b.model.internal.BasicValueBinder    : Starting `BasicValueBinder#fillSimpleValue` for data
2024-12-19T11:11:21.690+01:00 DEBUG 14736 --- [main] o.h.b.model.internal.BasicValueBinder    : Starting `BasicValueBinder#fillSimpleValue` for dataString
2024-12-19T11:11:21.690+01:00 DEBUG 14736 --- [main] o.h.b.model.internal.BasicValueBinder    : Starting `BasicValueBinder#fillSimpleValue` for fileName
2024-12-19T11:11:21.692+01:00 DEBUG 14736 --- [main] org.hibernate.mapping.PrimaryKey         : Forcing column [id] to be non-null as it is part of the primary key for table [document_jpa]
2024-12-19T11:11:21.700+01:00 DEBUG 14736 --- [HikariPool-1 connection adder] com.zaxxer.hikari.pool.HikariPool        : HikariPool-1 - After adding stats (total=4, active=0, idle=4, waiting=0)
2024-12-19T11:11:21.700+01:00 DEBUG 14736 --- [HikariPool-1 connection adder] com.zaxxer.hikari.pool.HikariPool        : HikariPool-1 - Added connection conn4: url=jdbc:h2:mem:testdb user=USER
2024-12-19T11:11:21.732+01:00 DEBUG 14736 --- [HikariPool-1 connection adder] com.zaxxer.hikari.pool.HikariPool        : HikariPool-1 - After adding stats (total=5, active=0, idle=5, waiting=0)
2024-12-19T11:11:21.732+01:00 DEBUG 14736 --- [HikariPool-1 connection adder] com.zaxxer.hikari.pool.HikariPool        : HikariPool-1 - Added connection conn5: url=jdbc:h2:mem:testdb user=USER
2024-12-19T11:11:21.745+01:00 DEBUG 14736 --- [main] o.hibernate.internal.SessionFactoryImpl  : Building session factory
2024-12-19T11:11:21.763+01:00 DEBUG 14736 --- [HikariPool-1 connection adder] com.zaxxer.hikari.pool.HikariPool        : HikariPool-1 - After adding stats (total=6, active=0, idle=6, waiting=0)
2024-12-19T11:11:21.763+01:00 DEBUG 14736 --- [HikariPool-1 connection adder] com.zaxxer.hikari.pool.HikariPool        : HikariPool-1 - Added connection conn6: url=jdbc:h2:mem:testdb user=USER
2024-12-19T11:11:21.792+01:00 DEBUG 14736 --- [main] .h.s.i.SessionFactoryServiceRegistryImpl : EventListenerRegistry access via ServiceRegistry is deprecated.  Use `sessionFactory.getEventEngine().getListenerRegistry()` instead
2024-12-19T11:11:21.793+01:00 DEBUG 14736 --- [main] o.hibernate.internal.SessionFactoryImpl  : Instantiating SessionFactory with settings: {java.specification.version=21, sun.cpu.isalist=amd64, hibernate.resource.beans.container=org.springframework.orm.hibernate5.SpringBeanContainer@14ca88bc, hibernate.connection.handling_mode=DELAYED_ACQUISITION_AND_HOLD, sun.jnu.encoding=Cp1252, hibernate.dialect=org.hibernate.dialect.PostgreSQLDialect, hibernate.implicit_naming_strategy=org.springframework.boot.orm.jpa.hibernate.SpringImplicitNamingStrategy, java.class.path=C:\Users\Martin\Documents\FH Technikum\WS2024\SWKOM\Paperless\PaperlessRest\target\test-classes;C:\Users\Martin\Documents\FH Technikum\WS2024\SWKOM\Paperless\PaperlessRest\target\classes;C:\Users\Martin\.m2\repository\com\h2database\h2\2.2.224\h2-2.2.224.jar;C:\Users\Martin\.m2\repository\org\springframework\boot\spring-boot-starter-amqp\3.3.4\spring-boot-starter-amqp-3.3.4.jar;C:\Users\Martin\.m2\repository\org\springframework\boot\spring-boot-starter\3.3.4\spring-boot-starter-3.3.4.jar;C:\Users\Martin\.m2\repository\org\springframework\boot\spring-boot-starter-logging\3.3.4\spring-boot-starter-logging-3.3.4.jar;C:\Users\Martin\.m2\repository\ch\qos\logback\logback-classic\1.5.8\logback-classic-1.5.8.jar;C:\Users\Martin\.m2\repository\ch\qos\logback\logback-core\1.5.8\logback-core-1.5.8.jar;C:\Users\Martin\.m2\repository\org\apache\logging\log4j\log4j-to-slf4j\2.23.1\log4j-to-slf4j-2.23.1.jar;C:\Users\Martin\.m2\repository\org\apache\logging\log4j\log4j-api\2.23.1\log4j-api-2.23.1.jar;C:\Users\Martin\.m2\repository\org\slf4j\jul-to-slf4j\2.0.16\jul-to-slf4j-2.0.16.jar;C:\Users\Martin\.m2\repository\jakarta\annotation\jakarta.annotation-api\2.1.1\jakarta.annotation-api-2.1.1.jar;C:\Users\Martin\.m2\repository\org\yaml\snakeyaml\2.2\snakeyaml-2.2.jar;C:\Users\Martin\.m2\repository\org\springframework\spring-messaging\6.1.13\spring-messaging-6.1.13.jar;C:\Users\Martin\.m2\repository\org\springframework\spring-beans\6.1.13\spring-beans-6.1.13.jar;C:\Users\Martin\.m2\repository\org\springframework\amqp\spring-rabbit\3.1.7\spring-rabbit-3.1.7.jar;C:\Users\Martin\.m2\repository\org\springframework\amqp\spring-amqp\3.1.7\spring-amqp-3.1.7.jar;C:\Users\Martin\.m2\repository\org\springframework\retry\spring-retry\2.0.9\spring-retry-2.0.9.jar;C:\Users\Martin\.m2\repository\com\rabbitmq\amqp-client\5.21.0\amqp-client-5.21.0.jar;C:\Users\Martin\.m2\repository\org\springframework\spring-context\6.1.13\spring-context-6.1.13.jar;C:\Users\Martin\.m2\repository\org\springframework\spring-tx\6.1.13\spring-tx-6.1.13.jar;C:\Users\Martin\.m2\repository\io\micrometer\micrometer-observation\1.13.4\micrometer-observation-1.13.4.jar;C:\Users\Martin\.m2\repository\io\micrometer\micrometer-commons\1.13.4\micrometer-commons-1.13.4.jar;C:\Users\Martin\.m2\repository\org\springframework\boot\spring-boot-starter-test\3.3.4\spring-boot-starter-test-3.3.4.jar;C:\Users\Martin\.m2\repository\org\springframework\boot\spring-boot-test\3.3.4\spring-boot-test-3.3.4.jar;C:\Users\Martin\.m2\repository\org\springframework\boot\spring-boot-test-autoconfigure\3.3.4\spring-boot-test-autoconfigure-3.3.4.jar;C:\Users\Martin\.m2\repository\com\jayway\jsonpath\json-path\2.9.0\json-path-2.9.0.jar;C:\Users\Martin\.m2\repository\org\slf4j\slf4j-api\2.0.16\slf4j-api-2.0.16.jar;C:\Users\Martin\.m2\repository\jakarta\xml\bind\jakarta.xml.bind-api\4.0.2\jakarta.xml.bind-api-4.0.2.jar;C:\Users\Martin\.m2\repository\jakarta\activation\jakarta.activation-api\2.1.3\jakarta.activation-api-2.1.3.jar;C:\Users\Martin\.m2\repository\net\minidev\json-smart\2.5.1\json-smart-2.5.1.jar;C:\Users\Martin\.m2\repository\net\minidev\accessors-smart\2.5.1\accessors-smart-2.5.1.jar;C:\Users\Martin\.m2\repository\org\ow2\asm\asm\9.6\asm-9.6.jar;C:\Users\Martin\.m2\repository\org\assertj\assertj-core\3.25.3\assertj-core-3.25.3.jar;C:\Users\Martin\.m2\repository\net\bytebuddy\byte-buddy\1.14.19\byte-buddy-1.14.19.jar;C:\Users\Martin\.m2\repository\org\awaitility\awaitility\4.2.2\awaitility-4.2.2.jar;C:\Users\Martin\.m2\repository\org\hamcrest\hamcrest\2.2\hamcrest-2.2.jar;C:\Users\Martin\.m2\repository\org\junit\jupiter\junit-jupiter\5.10.3\junit-jupiter-5.10.3.jar;C:\Users\Martin\.m2\repository\org\junit\jupiter\junit-jupiter-api\5.10.3\junit-jupiter-api-5.10.3.jar;C:\Users\Martin\.m2\repository\org\opentest4j\opentest4j\1.3.0\opentest4j-1.3.0.jar;C:\Users\Martin\.m2\repository\org\junit\platform\junit-platform-commons\1.10.3\junit-platform-commons-1.10.3.jar;C:\Users\Martin\.m2\repository\org\apiguardian\apiguardian-api\1.1.2\apiguardian-api-1.1.2.jar;C:\Users\Martin\.m2\repository\org\junit\jupiter\junit-jupiter-params\5.10.3\junit-jupiter-params-5.10.3.jar;C:\Users\Martin\.m2\repository\org\junit\jupiter\junit-jupiter-engine\5.10.3\junit-jupiter-engine-5.10.3.jar;C:\Users\Martin\.m2\repository\org\junit\platform\junit-platform-engine\1.10.3\junit-platform-engine-1.10.3.jar;C:\Users\Martin\.m2\repository\org\mockito\mockito-core\5.11.0\mockito-core-5.11.0.jar;C:\Users\Martin\.m2\repository\net\bytebuddy\byte-buddy-agent\1.14.19\byte-buddy-agent-1.14.19.jar;C:\Users\Martin\.m2\repository\org\objenesis\objenesis\3.3\objenesis-3.3.jar;C:\Users\Martin\.m2\repository\org\mockito\mockito-junit-jupiter\5.11.0\mockito-junit-jupiter-5.11.0.jar;C:\Users\Martin\.m2\repository\org\skyscreamer\jsonassert\1.5.3\jsonassert-1.5.3.jar;C:\Users\Martin\.m2\repository\com\vaadin\external\google\android-json\0.0.20131108.vaadin1\android-json-0.0.20131108.vaadin1.jar;C:\Users\Martin\.m2\repository\org\springframework\spring-core\6.1.13\spring-core-6.1.13.jar;C:\Users\Martin\.m2\repository\org\springframework\spring-jcl\6.1.13\spring-jcl-6.1.13.jar;C:\Users\Martin\.m2\repository\org\springframework\spring-test\6.1.13\spring-test-6.1.13.jar;C:\Users\Martin\.m2\repository\org\xmlunit\xmlunit-core\2.9.1\xmlunit-core-2.9.1.jar;C:\Users\Martin\.m2\repository\org\springframework\boot\spring-boot-starter-web\3.3.4\spring-boot-starter-web-3.3.4.jar;C:\Users\Martin\.m2\repository\org\springframework\boot\spring-boot-starter-json\3.3.4\spring-boot-starter-json-3.3.4.jar;C:\Users\Martin\.m2\repository\com\fasterxml\jackson\datatype\jackson-datatype-jdk8\2.17.2\jackson-datatype-jdk8-2.17.2.jar;C:\Users\Martin\.m2\repository\com\fasterxml\jackson\datatype\jackson-datatype-jsr310\2.17.2\jackson-datatype-jsr310-2.17.2.jar;C:\Users\Martin\.m2\repository\com\fasterxml\jackson\module\jackson-module-parameter-names\2.17.2\jackson-module-parameter-names-2.17.2.jar;C:\Users\Martin\.m2\repository\org\springframework\boot\spring-boot-starter-tomcat\3.3.4\spring-boot-starter-tomcat-3.3.4.jar;C:\Users\Martin\.m2\repository\org\apache\tomcat\embed\tomcat-embed-core\10.1.30\tomcat-embed-core-10.1.30.jar;C:\Users\Martin\.m2\repository\org\apache\tomcat\embed\tomcat-embed-el\10.1.30\tomcat-embed-el-10.1.30.jar;C:\Users\Martin\.m2\repository\org\apache\tomcat\embed\tomcat-embed-websocket\10.1.30\tomcat-embed-websocket-10.1.30.jar;C:\Users\Martin\.m2\repository\org\springframework\spring-web\6.1.13\spring-web-6.1.13.jar;C:\Users\Martin\.m2\repository\org\springframework\spring-webmvc\6.1.13\spring-webmvc-6.1.13.jar;C:\Users\Martin\.m2\repository\org\springframework\spring-aop\6.1.13\spring-aop-6.1.13.jar;C:\Users\Martin\.m2\repository\org\springframework\spring-expression\6.1.13\spring-expression-6.1.13.jar;C:\Users\Martin\.m2\repository\org\springframework\boot\spring-boot-devtools\3.3.4\spring-boot-devtools-3.3.4.jar;C:\Users\Martin\.m2\repository\org\springframework\boot\spring-boot\3.3.4\spring-boot-3.3.4.jar;C:\Users\Martin\.m2\repository\org\springframework\boot\spring-boot-autoconfigure\3.3.4\spring-boot-autoconfigure-3.3.4.jar;C:\Users\Martin\.m2\repository\org\springframework\boot\spring-boot-starter-data-jpa\3.3.4\spring-boot-starter-data-jpa-3.3.4.jar;C:\Users\Martin\.m2\repository\org\springframework\boot\spring-boot-starter-aop\3.3.4\spring-boot-starter-aop-3.3.4.jar;C:\Users\Martin\.m2\repository\org\aspectj\aspectjweaver\1.9.22.1\aspectjweaver-1.9.22.1.jar;C:\Users\Martin\.m2\repository\org\springframework\boot\spring-boot-starter-jdbc\3.3.4\spring-boot-starter-jdbc-3.3.4.jar;C:\Users\Martin\.m2\repository\com\zaxxer\HikariCP\5.1.0\HikariCP-5.1.0.jar;C:\Users\Martin\.m2\repository\org\springframework\spring-jdbc\6.1.13\spring-jdbc-6.1.13.jar;C:\Users\Martin\.m2\repository\org\hibernate\orm\hibernate-core\6.5.3.Final\hibernate-core-6.5.3.Final.jar;C:\Users\Martin\.m2\repository\jakarta\persistence\jakarta.persistence-api\3.1.0\jakarta.persistence-api-3.1.0.jar;C:\Users\Martin\.m2\repository\jakarta\transaction\jakarta.transaction-api\2.0.1\jakarta.transaction-api-2.0.1.jar;C:\Users\Martin\.m2\repository\org\jboss\logging\jboss-logging\3.5.3.Final\jboss-logging-3.5.3.Final.jar;C:\Users\Martin\.m2\repository\org\hibernate\common\hibernate-commons-annotations\6.0.6.Final\hibernate-commons-annotations-6.0.6.Final.jar;C:\Users\Martin\.m2\repository\io\smallrye\jandex\3.1.2\jandex-3.1.2.jar;C:\Users\Martin\.m2\repository\com\fasterxml\classmate\1.7.0\classmate-1.7.0.jar;C:\Users\Martin\.m2\repository\org\glassfish\jaxb\jaxb-runtime\4.0.5\jaxb-runtime-4.0.5.jar;C:\Users\Martin\.m2\repository\org\glassfish\jaxb\jaxb-core\4.0.5\jaxb-core-4.0.5.jar;C:\Users\Martin\.m2\repository\org\eclipse\angus\angus-activation\2.0.2\angus-activation-2.0.2.jar;C:\Users\Martin\.m2\repository\org\glassfish\jaxb\txw2\4.0.5\txw2-4.0.5.jar;C:\Users\Martin\.m2\repository\com\sun\istack\istack-commons-runtime\4.1.2\istack-commons-runtime-4.1.2.jar;C:\Users\Martin\.m2\repository\jakarta\inject\jakarta.inject-api\2.0.1\jakarta.inject-api-2.0.1.jar;C:\Users\Martin\.m2\repository\org\antlr\antlr4-runtime\4.13.0\antlr4-runtime-4.13.0.jar;C:\Users\Martin\.m2\repository\org\springframework\data\spring-data-jpa\3.3.4\spring-data-jpa-3.3.4.jar;C:\Users\Martin\.m2\repository\org\springframework\data\spring-data-commons\3.3.4\spring-data-commons-3.3.4.jar;C:\Users\Martin\.m2\repository\org\springframework\spring-orm\6.1.13\spring-orm-6.1.13.jar;C:\Users\Martin\.m2\repository\org\springframework\spring-aspects\6.1.13\spring-aspects-6.1.13.jar;C:\Users\Martin\.m2\repository\org\postgresql\postgresql\42.7.4\postgresql-42.7.4.jar;C:\Users\Martin\.m2\repository\org\checkerframework\checker-qual\3.42.0\checker-qual-3.42.0.jar;C:\Users\Martin\.m2\repository\org\projectlombok\lombok\1.18.34\lombok-1.18.34.jar;C:\Users\Martin\.m2\repository\org\testcontainers\junit-jupiter\1.19.8\junit-jupiter-1.19.8.jar;C:\Users\Martin\.m2\repository\org\testcontainers\testcontainers\1.19.8\testcontainers-1.19.8.jar;C:\Users\Martin\.m2\repository\junit\junit\4.13.2\junit-4.13.2.jar;C:\Users\Martin\.m2\repository\org\hamcrest\hamcrest-core\2.2\hamcrest-core-2.2.jar;C:\Users\Martin\.m2\repository\org\rnorth\duct-tape\duct-tape\1.0.8\duct-tape-1.0.8.jar;C:\Users\Martin\.m2\repository\org\jetbrains\annotations\17.0.0\annotations-17.0.0.jar;C:\Users\Martin\.m2\repository\com\github\docker-java\docker-java-api\3.3.6\docker-java-api-3.3.6.jar;C:\Users\Martin\.m2\repository\com\github\docker-java\docker-java-transport-zerodep\3.3.6\docker-java-transport-zerodep-3.3.6.jar;C:\Users\Martin\.m2\repository\com\github\docker-java\docker-java-transport\3.3.6\docker-java-transport-3.3.6.jar;C:\Users\Martin\.m2\repository\net\java\dev\jna\jna\5.13.0\jna-5.13.0.jar;C:\Users\Martin\.m2\repository\org\springframework\boot\spring-boot-testcontainers\3.3.4\spring-boot-testcontainers-3.3.4.jar;C:\Users\Martin\.m2\repository\org\testcontainers\rabbitmq\1.19.8\rabbitmq-1.19.8.jar;C:\Users\Martin\.m2\repository\org\testcontainers\postgresql\1.19.8\postgresql-1.19.8.jar;C:\Users\Martin\.m2\repository\org\testcontainers\jdbc\1.19.8\jdbc-1.19.8.jar;C:\Users\Martin\.m2\repository\org\testcontainers\database-commons\1.19.8\database-commons-1.19.8.jar;C:\Users\Martin\.m2\repository\io\minio\minio\8.5.11\minio-8.5.11.jar;C:\Users\Martin\.m2\repository\com\carrotsearch\thirdparty\simple-xml-safe\2.7.1\simple-xml-safe-2.7.1.jar;C:\Users\Martin\.m2\repository\com\google\guava\guava\33.0.0-jre\guava-33.0.0-jre.jar;C:\Users\Martin\.m2\repository\com\google\guava\failureaccess\1.0.2\failureaccess-1.0.2.jar;C:\Users\Martin\.m2\repository\com\google\guava\listenablefuture\9999.0-empty-to-avoid-conflict-with-guava\listenablefuture-9999.0-empty-to-avoid-conflict-with-guava.jar;C:\Users\Martin\.m2\repository\com\google\code\findbugs\jsr305\3.0.2\jsr305-3.0.2.jar;C:\Users\Martin\.m2\repository\com\google\errorprone\error_prone_annotations\2.23.0\error_prone_annotations-2.23.0.jar;C:\Users\Martin\.m2\repository\com\google\j2objc\j2objc-annotations\2.8\j2objc-annotations-2.8.jar;C:\Users\Martin\.m2\repository\com\squareup\okhttp3\okhttp\4.12.0\okhttp-4.12.0.jar;C:\Users\Martin\.m2\repository\com\squareup\okio\okio\3.6.0\okio-3.6.0.jar;C:\Users\Martin\.m2\repository\com\squareup\okio\okio-jvm\3.6.0\okio-jvm-3.6.0.jar;C:\Users\Martin\.m2\repository\org\jetbrains\kotlin\kotlin-stdlib-common\1.9.25\kotlin-stdlib-common-1.9.25.jar;C:\Users\Martin\.m2\repository\org\jetbrains\kotlin\kotlin-stdlib-jdk8\1.9.25\kotlin-stdlib-jdk8-1.9.25.jar;C:\Users\Martin\.m2\repository\org\jetbrains\kotlin\kotlin-stdlib\1.9.25\kotlin-stdlib-1.9.25.jar;C:\Users\Martin\.m2\repository\org\jetbrains\kotlin\kotlin-stdlib-jdk7\1.9.25\kotlin-stdlib-jdk7-1.9.25.jar;C:\Users\Martin\.m2\repository\com\fasterxml\jackson\core\jackson-annotations\2.17.2\jackson-annotations-2.17.2.jar;C:\Users\Martin\.m2\repository\com\fasterxml\jackson\core\jackson-core\2.17.2\jackson-core-2.17.2.jar;C:\Users\Martin\.m2\repository\com\fasterxml\jackson\core\jackson-databind\2.17.2\jackson-databind-2.17.2.jar;C:\Users\Martin\.m2\repository\org\bouncycastle\bcprov-jdk18on\1.78\bcprov-jdk18on-1.78.jar;C:\Users\Martin\.m2\repository\org\apache\commons\commons-compress\1.26.0\commons-compress-1.26.0.jar;C:\Users\Martin\.m2\repository\commons-io\commons-io\2.15.1\commons-io-2.15.1.jar;C:\Users\Martin\.m2\repository\org\apache\commons\commons-lang3\3.14.0\commons-lang3-3.14.0.jar;C:\Users\Martin\.m2\repository\commons-codec\commons-codec\1.16.1\commons-codec-1.16.1.jar;C:\Users\Martin\.m2\repository\org\xerial\snappy\snappy-java\1.1.10.5\snappy-java-1.1.10.5.jar;, java.vm.vendor=Oracle Corporation, sun.arch.data.model=64, user.variant=, java.vendor.url=https://java.oracle.com/, user.timezone=Europe/Vienna, jakarta.persistence.sharedCache.mode=UNSPECIFIED, org.jboss.logging.provider=slf4j, java.vm.specification.version=21, os.name=Windows 10, jakarta.persistence.nonJtaDataSource=HikariDataSource (HikariPool-1), sun.java.launcher=SUN_STANDARD, user.country=AT, sun.boot.library.path=C:\Program Files\Java\jdk-21\bin, sun.java.command=C:\Users\Martin\AppData\Local\Temp\surefire6321648278013592152\surefirebooter-20241219111117236_3.jar C:\Users\Martin\AppData\Local\Temp\surefire6321648278013592152 2024-12-19T11-11-17_115-jvmRun1 surefire-20241219111117236_1tmp surefire_0-20241219111117236_2tmp, javax.persistence.nonJtaDataSource=HikariDataSource (HikariPool-1), hibernate.transaction.jta.platform=org.hibernate.engine.transaction.jta.platform.internal.NoJtaPlatform@f01fc6d, jdk.debug=release, surefire.test.class.path=C:\Users\Martin\Documents\FH Technikum\WS2024\SWKOM\Paperless\PaperlessRest\target\test-classes;C:\Users\Martin\Documents\FH Technikum\WS2024\SWKOM\Paperless\PaperlessRest\target\classes;C:\Users\Martin\.m2\repository\com\h2database\h2\2.2.224\h2-2.2.224.jar;C:\Users\Martin\.m2\repository\org\springframework\boot\spring-boot-starter-amqp\3.3.4\spring-boot-starter-amqp-3.3.4.jar;C:\Users\Martin\.m2\repository\org\springframework\boot\spring-boot-starter\3.3.4\spring-boot-starter-3.3.4.jar;C:\Users\Martin\.m2\repository\org\springframework\boot\spring-boot-starter-logging\3.3.4\spring-boot-starter-logging-3.3.4.jar;C:\Users\Martin\.m2\repository\ch\qos\logback\logback-classic\1.5.8\logback-classic-1.5.8.jar;C:\Users\Martin\.m2\repository\ch\qos\logback\logback-core\1.5.8\logback-core-1.5.8.jar;C:\Users\Martin\.m2\repository\org\apache\logging\log4j\log4j-to-slf4j\2.23.1\log4j-to-slf4j-2.23.1.jar;C:\Users\Martin\.m2\repository\org\apache\logging\log4j\log4j-api\2.23.1\log4j-api-2.23.1.jar;C:\Users\Martin\.m2\repository\org\slf4j\jul-to-slf4j\2.0.16\jul-to-slf4j-2.0.16.jar;C:\Users\Martin\.m2\repository\jakarta\annotation\jakarta.annotation-api\2.1.1\jakarta.annotation-api-2.1.1.jar;C:\Users\Martin\.m2\repository\org\yaml\snakeyaml\2.2\snakeyaml-2.2.jar;C:\Users\Martin\.m2\repository\org\springframework\spring-messaging\6.1.13\spring-messaging-6.1.13.jar;C:\Users\Martin\.m2\repository\org\springframework\spring-beans\6.1.13\spring-beans-6.1.13.jar;C:\Users\Martin\.m2\repository\org\springframework\amqp\spring-rabbit\3.1.7\spring-rabbit-3.1.7.jar;C:\Users\Martin\.m2\repository\org\springframework\amqp\spring-amqp\3.1.7\spring-amqp-3.1.7.jar;C:\Users\Martin\.m2\repository\org\springframework\retry\spring-retry\2.0.9\spring-retry-2.0.9.jar;C:\Users\Martin\.m2\repository\com\rabbitmq\amqp-client\5.21.0\amqp-client-5.21.0.jar;C:\Users\Martin\.m2\repository\org\springframework\spring-context\6.1.13\spring-context-6.1.13.jar;C:\Users\Martin\.m2\repository\org\springframework\spring-tx\6.1.13\spring-tx-6.1.13.jar;C:\Users\Martin\.m2\repository\io\micrometer\micrometer-observation\1.13.4\micrometer-observation-1.13.4.jar;C:\Users\Martin\.m2\repository\io\micrometer\micrometer-commons\1.13.4\micrometer-commons-1.13.4.jar;C:\Users\Martin\.m2\repository\org\springframework\boot\spring-boot-starter-test\3.3.4\spring-boot-starter-test-3.3.4.jar;C:\Users\Martin\.m2\repository\org\springframework\boot\spring-boot-test\3.3.4\spring-boot-test-3.3.4.jar;C:\Users\Martin\.m2\repository\org\springframework\boot\spring-boot-test-autoconfigure\3.3.4\spring-boot-test-autoconfigure-3.3.4.jar;C:\Users\Martin\.m2\repository\com\jayway\jsonpath\json-path\2.9.0\json-path-2.9.0.jar;C:\Users\Martin\.m2\repository\org\slf4j\slf4j-api\2.0.16\slf4j-api-2.0.16.jar;C:\Users\Martin\.m2\repository\jakarta\xml\bind\jakarta.xml.bind-api\4.0.2\jakarta.xml.bind-api-4.0.2.jar;C:\Users\Martin\.m2\repository\jakarta\activation\jakarta.activation-api\2.1.3\jakarta.activation-api-2.1.3.jar;C:\Users\Martin\.m2\repository\net\minidev\json-smart\2.5.1\json-smart-2.5.1.jar;C:\Users\Martin\.m2\repository\net\minidev\accessors-smart\2.5.1\accessors-smart-2.5.1.jar;C:\Users\Martin\.m2\repository\org\ow2\asm\asm\9.6\asm-9.6.jar;C:\Users\Martin\.m2\repository\org\assertj\assertj-core\3.25.3\assertj-core-3.25.3.jar;C:\Users\Martin\.m2\repository\net\bytebuddy\byte-buddy\1.14.19\byte-buddy-1.14.19.jar;C:\Users\Martin\.m2\repository\org\awaitility\awaitility\4.2.2\awaitility-4.2.2.jar;C:\Users\Martin\.m2\repository\org\hamcrest\hamcrest\2.2\hamcrest-2.2.jar;C:\Users\Martin\.m2\repository\org\junit\jupiter\junit-jupiter\5.10.3\junit-jupiter-5.10.3.jar;C:\Users\Martin\.m2\repository\org\junit\jupiter\junit-jupiter-api\5.10.3\junit-jupiter-api-5.10.3.jar;C:\Users\Martin\.m2\repository\org\opentest4j\opentest4j\1.3.0\opentest4j-1.3.0.jar;C:\Users\Martin\.m2\repository\org\junit\platform\junit-platform-commons\1.10.3\junit-platform-commons-1.10.3.jar;C:\Users\Martin\.m2\repository\org\apiguardian\apiguardian-api\1.1.2\apiguardian-api-1.1.2.jar;C:\Users\Martin\.m2\repository\org\junit\jupiter\junit-jupiter-params\5.10.3\junit-jupiter-params-5.10.3.jar;C:\Users\Martin\.m2\repository\org\junit\jupiter\junit-jupiter-engine\5.10.3\junit-jupiter-engine-5.10.3.jar;C:\Users\Martin\.m2\repository\org\junit\platform\junit-platform-engine\1.10.3\junit-platform-engine-1.10.3.jar;C:\Users\Martin\.m2\repository\org\mockito\mockito-core\5.11.0\mockito-core-5.11.0.jar;C:\Users\Martin\.m2\repository\net\bytebuddy\byte-buddy-agent\1.14.19\byte-buddy-agent-1.14.19.jar;C:\Users\Martin\.m2\repository\org\objenesis\objenesis\3.3\objenesis-3.3.jar;C:\Users\Martin\.m2\repository\org\mockito\mockito-junit-jupiter\5.11.0\mockito-junit-jupiter-5.11.0.jar;C:\Users\Martin\.m2\repository\org\skyscreamer\jsonassert\1.5.3\jsonassert-1.5.3.jar;C:\Users\Martin\.m2\repository\com\vaadin\external\google\android-json\0.0.20131108.vaadin1\android-json-0.0.20131108.vaadin1.jar;C:\Users\Martin\.m2\repository\org\springframework\spring-core\6.1.13\spring-core-6.1.13.jar;C:\Users\Martin\.m2\repository\org\springframework\spring-jcl\6.1.13\spring-jcl-6.1.13.jar;C:\Users\Martin\.m2\repository\org\springframework\spring-test\6.1.13\spring-test-6.1.13.jar;C:\Users\Martin\.m2\repository\org\xmlunit\xmlunit-core\2.9.1\xmlunit-core-2.9.1.jar;C:\Users\Martin\.m2\repository\org\springframework\boot\spring-boot-starter-web\3.3.4\spring-boot-starter-web-3.3.4.jar;C:\Users\Martin\.m2\repository\org\springframework\boot\spring-boot-starter-json\3.3.4\spring-boot-starter-json-3.3.4.jar;C:\Users\Martin\.m2\repository\com\fasterxml\jackson\datatype\jackson-datatype-jdk8\2.17.2\jackson-datatype-jdk8-2.17.2.jar;C:\Users\Martin\.m2\repository\com\fasterxml\jackson\datatype\jackson-datatype-jsr310\2.17.2\jackson-datatype-jsr310-2.17.2.jar;C:\Users\Martin\.m2\repository\com\fasterxml\jackson\module\jackson-module-parameter-names\2.17.2\jackson-module-parameter-names-2.17.2.jar;C:\Users\Martin\.m2\repository\org\springframework\boot\spring-boot-starter-tomcat\3.3.4\spring-boot-starter-tomcat-3.3.4.jar;C:\Users\Martin\.m2\repository\org\apache\tomcat\embed\tomcat-embed-core\10.1.30\tomcat-embed-core-10.1.30.jar;C:\Users\Martin\.m2\repository\org\apache\tomcat\embed\tomcat-embed-el\10.1.30\tomcat-embed-el-10.1.30.jar;C:\Users\Martin\.m2\repository\org\apache\tomcat\embed\tomcat-embed-websocket\10.1.30\tomcat-embed-websocket-10.1.30.jar;C:\Users\Martin\.m2\repository\org\springframework\spring-web\6.1.13\spring-web-6.1.13.jar;C:\Users\Martin\.m2\repository\org\springframework\spring-webmvc\6.1.13\spring-webmvc-6.1.13.jar;C:\Users\Martin\.m2\repository\org\springframework\spring-aop\6.1.13\spring-aop-6.1.13.jar;C:\Users\Martin\.m2\repository\org\springframework\spring-expression\6.1.13\spring-expression-6.1.13.jar;C:\Users\Martin\.m2\repository\org\springframework\boot\spring-boot-devtools\3.3.4\spring-boot-devtools-3.3.4.jar;C:\Users\Martin\.m2\repository\org\springframework\boot\spring-boot\3.3.4\spring-boot-3.3.4.jar;C:\Users\Martin\.m2\repository\org\springframework\boot\spring-boot-autoconfigure\3.3.4\spring-boot-autoconfigure-3.3.4.jar;C:\Users\Martin\.m2\repository\org\springframework\boot\spring-boot-starter-data-jpa\3.3.4\spring-boot-starter-data-jpa-3.3.4.jar;C:\Users\Martin\.m2\repository\org\springframework\boot\spring-boot-starter-aop\3.3.4\spring-boot-starter-aop-3.3.4.jar;C:\Users\Martin\.m2\repository\org\aspectj\aspectjweaver\1.9.22.1\aspectjweaver-1.9.22.1.jar;C:\Users\Martin\.m2\repository\org\springframework\boot\spring-boot-starter-jdbc\3.3.4\spring-boot-starter-jdbc-3.3.4.jar;C:\Users\Martin\.m2\repository\com\zaxxer\HikariCP\5.1.0\HikariCP-5.1.0.jar;C:\Users\Martin\.m2\repository\org\springframework\spring-jdbc\6.1.13\spring-jdbc-6.1.13.jar;C:\Users\Martin\.m2\repository\org\hibernate\orm\hibernate-core\6.5.3.Final\hibernate-core-6.5.3.Final.jar;C:\Users\Martin\.m2\repository\jakarta\persistence\jakarta.persistence-api\3.1.0\jakarta.persistence-api-3.1.0.jar;C:\Users\Martin\.m2\repository\jakarta\transaction\jakarta.transaction-api\2.0.1\jakarta.transaction-api-2.0.1.jar;C:\Users\Martin\.m2\repository\org\jboss\logging\jboss-logging\3.5.3.Final\jboss-logging-3.5.3.Final.jar;C:\Users\Martin\.m2\repository\org\hibernate\common\hibernate-commons-annotations\6.0.6.Final\hibernate-commons-annotations-6.0.6.Final.jar;C:\Users\Martin\.m2\repository\io\smallrye\jandex\3.1.2\jandex-3.1.2.jar;C:\Users\Martin\.m2\repository\com\fasterxml\classmate\1.7.0\classmate-1.7.0.jar;C:\Users\Martin\.m2\repository\org\glassfish\jaxb\jaxb-runtime\4.0.5\jaxb-runtime-4.0.5.jar;C:\Users\Martin\.m2\repository\org\glassfish\jaxb\jaxb-core\4.0.5\jaxb-core-4.0.5.jar;C:\Users\Martin\.m2\repository\org\eclipse\angus\angus-activation\2.0.2\angus-activation-2.0.2.jar;C:\Users\Martin\.m2\repository\org\glassfish\jaxb\txw2\4.0.5\txw2-4.0.5.jar;C:\Users\Martin\.m2\repository\com\sun\istack\istack-commons-runtime\4.1.2\istack-commons-runtime-4.1.2.jar;C:\Users\Martin\.m2\repository\jakarta\inject\jakarta.inject-api\2.0.1\jakarta.inject-api-2.0.1.jar;C:\Users\Martin\.m2\repository\org\antlr\antlr4-runtime\4.13.0\antlr4-runtime-4.13.0.jar;C:\Users\Martin\.m2\repository\org\springframework\data\spring-data-jpa\3.3.4\spring-data-jpa-3.3.4.jar;C:\Users\Martin\.m2\repository\org\springframework\data\spring-data-commons\3.3.4\spring-data-commons-3.3.4.jar;C:\Users\Martin\.m2\repository\org\springframework\spring-orm\6.1.13\spring-orm-6.1.13.jar;C:\Users\Martin\.m2\repository\org\springframework\spring-aspects\6.1.13\spring-aspects-6.1.13.jar;C:\Users\Martin\.m2\repository\org\postgresql\postgresql\42.7.4\postgresql-42.7.4.jar;C:\Users\Martin\.m2\repository\org\checkerframework\checker-qual\3.42.0\checker-qual-3.42.0.jar;C:\Users\Martin\.m2\repository\org\projectlombok\lombok\1.18.34\lombok-1.18.34.jar;C:\Users\Martin\.m2\repository\org\testcontainers\junit-jupiter\1.19.8\junit-jupiter-1.19.8.jar;C:\Users\Martin\.m2\repository\org\testcontainers\testcontainers\1.19.8\testcontainers-1.19.8.jar;C:\Users\Martin\.m2\repository\junit\junit\4.13.2\junit-4.13.2.jar;C:\Users\Martin\.m2\repository\org\hamcrest\hamcrest-core\2.2\hamcrest-core-2.2.jar;C:\Users\Martin\.m2\repository\org\rnorth\duct-tape\duct-tape\1.0.8\duct-tape-1.0.8.jar;C:\Users\Martin\.m2\repository\org\jetbrains\annotations\17.0.0\annotations-17.0.0.jar;C:\Users\Martin\.m2\repository\com\github\docker-java\docker-java-api\3.3.6\docker-java-api-3.3.6.jar;C:\Users\Martin\.m2\repository\com\github\docker-java\docker-java-transport-zerodep\3.3.6\docker-java-transport-zerodep-3.3.6.jar;C:\Users\Martin\.m2\repository\com\github\docker-java\docker-java-transport\3.3.6\docker-java-transport-3.3.6.jar;C:\Users\Martin\.m2\repository\net\java\dev\jna\jna\5.13.0\jna-5.13.0.jar;C:\Users\Martin\.m2\repository\org\springframework\boot\spring-boot-testcontainers\3.3.4\spring-boot-testcontainers-3.3.4.jar;C:\Users\Martin\.m2\repository\org\testcontainers\rabbitmq\1.19.8\rabbitmq-1.19.8.jar;C:\Users\Martin\.m2\repository\org\testcontainers\postgresql\1.19.8\postgresql-1.19.8.jar;C:\Users\Martin\.m2\repository\org\testcontainers\jdbc\1.19.8\jdbc-1.19.8.jar;C:\Users\Martin\.m2\repository\org\testcontainers\database-commons\1.19.8\database-commons-1.19.8.jar;C:\Users\Martin\.m2\repository\io\minio\minio\8.5.11\minio-8.5.11.jar;C:\Users\Martin\.m2\repository\com\carrotsearch\thirdparty\simple-xml-safe\2.7.1\simple-xml-safe-2.7.1.jar;C:\Users\Martin\.m2\repository\com\google\guava\guava\33.0.0-jre\guava-33.0.0-jre.jar;C:\Users\Martin\.m2\repository\com\google\guava\failureaccess\1.0.2\failureaccess-1.0.2.jar;C:\Users\Martin\.m2\repository\com\google\guava\listenablefuture\9999.0-empty-to-avoid-conflict-with-guava\listenablefuture-9999.0-empty-to-avoid-conflict-with-guava.jar;C:\Users\Martin\.m2\repository\com\google\code\findbugs\jsr305\3.0.2\jsr305-3.0.2.jar;C:\Users\Martin\.m2\repository\com\google\errorprone\error_prone_annotations\2.23.0\error_prone_annotations-2.23.0.jar;C:\Users\Martin\.m2\repository\com\google\j2objc\j2objc-annotations\2.8\j2objc-annotations-2.8.jar;C:\Users\Martin\.m2\repository\com\squareup\okhttp3\okhttp\4.12.0\okhttp-4.12.0.jar;C:\Users\Martin\.m2\repository\com\squareup\okio\okio\3.6.0\okio-3.6.0.jar;C:\Users\Martin\.m2\repository\com\squareup\okio\okio-jvm\3.6.0\okio-jvm-3.6.0.jar;C:\Users\Martin\.m2\repository\org\jetbrains\kotlin\kotlin-stdlib-common\1.9.25\kotlin-stdlib-common-1.9.25.jar;C:\Users\Martin\.m2\repository\org\jetbrains\kotlin\kotlin-stdlib-jdk8\1.9.25\kotlin-stdlib-jdk8-1.9.25.jar;C:\Users\Martin\.m2\repository\org\jetbrains\kotlin\kotlin-stdlib\1.9.25\kotlin-stdlib-1.9.25.jar;C:\Users\Martin\.m2\repository\org\jetbrains\kotlin\kotlin-stdlib-jdk7\1.9.25\kotlin-stdlib-jdk7-1.9.25.jar;C:\Users\Martin\.m2\repository\com\fasterxml\jackson\core\jackson-annotations\2.17.2\jackson-annotations-2.17.2.jar;C:\Users\Martin\.m2\repository\com\fasterxml\jackson\core\jackson-core\2.17.2\jackson-core-2.17.2.jar;C:\Users\Martin\.m2\repository\com\fasterxml\jackson\core\jackson-databind\2.17.2\jackson-databind-2.17.2.jar;C:\Users\Martin\.m2\repository\org\bouncycastle\bcprov-jdk18on\1.78\bcprov-jdk18on-1.78.jar;C:\Users\Martin\.m2\repository\org\apache\commons\commons-compress\1.26.0\commons-compress-1.26.0.jar;C:\Users\Martin\.m2\repository\commons-io\commons-io\2.15.1\commons-io-2.15.1.jar;C:\Users\Martin\.m2\repository\org\apache\commons\commons-lang3\3.14.0\commons-lang3-3.14.0.jar;C:\Users\Martin\.m2\repository\commons-codec\commons-codec\1.16.1\commons-codec-1.16.1.jar;C:\Users\Martin\.m2\repository\org\xerial\snappy\snappy-java\1.1.10.5\snappy-java-1.1.10.5.jar;, sun.cpu.endian=little, hibernate.cdi.extensions=true, user.home=C:\Users\Martin, user.language=de, java.specification.vendor=Oracle Corporation, java.version.date=2024-07-16, java.home=C:\Program Files\Java\jdk-21, file.separator=\, basedir=C:\Users\Martin\Documents\FH Technikum\WS2024\SWKOM\Paperless\PaperlessRest, java.vm.compressedOopsMode=Zero based, line.separator=
, hibernate.persistenceUnitName=default, java.vm.specification.vendor=Oracle Corporation, java.specification.name=Java Platform API Specification, FILE_LOG_CHARSET=UTF-8, hibernate.transaction.coordinator_class=class org.hibernate.resource.transaction.backend.jdbc.internal.JdbcResourceLocalTransactionCoordinatorBuilderImpl, java.awt.headless=true, surefire.real.class.path=C:\Users\Martin\AppData\Local\Temp\surefire6321648278013592152\surefirebooter-20241219111117236_3.jar, jakarta.persistence.validation.mode=AUTO, hibernate.hbm2ddl.auto=create-drop, user.script=, sun.management.compiler=HotSpot 64-Bit Tiered Compilers, java.runtime.version=21.0.4+8-LTS-274, user.name=Martin, stdout.encoding=Cp1252, path.separator=;, os.version=10.0, java.runtime.name=Java(TM) SE Runtime Environment, file.encoding=UTF-8, java.vm.name=Java HotSpot(TM) 64-Bit Server VM, LOG_FILE=logs/application.log, localRepository=C:\Users\Martin\.m2\repository, java.vendor.url.bug=https://bugreport.java.com/bugreport/, java.io.tmpdir=C:\Users\Martin\AppData\Local\Temp\, java.version=21.0.4, hibernate.physical_naming_strategy=org.hibernate.boot.model.naming.CamelCaseToUnderscoresNamingStrategy, user.dir=C:\Users\Martin\Documents\FH Technikum\WS2024\SWKOM\Paperless\PaperlessRest, os.arch=amd64, java.vm.specification.name=Java Virtual Machine Specification, PID=14736, sun.os.patch.level=, CONSOLE_LOG_CHARSET=UTF-8, hibernate.boot.CfgXmlAccessService.key=org.hibernate.boot.registry.StandardServiceRegistryBuilder$1@85cd413, native.encoding=Cp1252, java.library.path=C:\Program Files\Java\jdk-21\bin;C:\Windows\Sun\Java\bin;C:\Windows\system32;C:\Windows;C:\Program Files\Common Files\Oracle\Java\javapath;C:\Program Files (x86)\Common Files\Oracle\Java\java8path;C:\Program Files (x86)\Common Files\Oracle\Java\javapath;C:\Program Files\Apache\apache-maven-3.9.9\bin;C:\Windows\System32\WindowsPowerShell\v1.0;C:\Program Files\Git\cmd;C:\Program Files (x86)\Windows Kits\10\Windows Performance Toolkit\;C:\Program Files\Docker\Docker\resources\bin;C:\Program Files\GitExtensions\;C:\Program Files\dotnet\;C:\Users\Martin\AppData\Local\Programs\Python\Launcher\;C:\Users\Martin\AppData\Local\Microsoft\WindowsApps;C:\Users\Martin\AppData\Local\Programs\Microsoft VS Code\bin;C:\Users\Martin\AppData\Local\GitHubDesktop\bin;C:\Users\Martin\AppData\Local\gitkraken\bin;C:\Users\Martin\.dotnet\tools;., stderr.encoding=Cp1252, java.vendor=Oracle Corporation, java.vm.info=mixed mode, sharing, java.vm.version=21.0.4+8-LTS-274, sun.io.unicode.encoding=UnicodeLittle, hibernate.archive.scanner=org.hibernate.boot.archive.scan.internal.DisabledScanner, hibernate.connection.datasource=HikariDataSource (HikariPool-1), CONSOLE_LOG_PATTERN=%d{yyyy-MM-dd HH:mm:ss} - %msg%n, java.class.version=65.0}
2024-12-19T11:11:21.794+01:00 DEBUG 14736 --- [HikariPool-1 connection adder] com.zaxxer.hikari.pool.HikariPool        : HikariPool-1 - After adding stats (total=7, active=0, idle=7, waiting=0)
2024-12-19T11:11:21.795+01:00 DEBUG 14736 --- [HikariPool-1 connection adder] com.zaxxer.hikari.pool.HikariPool        : HikariPool-1 - Added connection conn7: url=jdbc:h2:mem:testdb user=USER
2024-12-19T11:11:21.798+01:00 DEBUG 14736 --- [main] o.hibernate.internal.SessionFactoryImpl  : Session factory constructed with filter configurations : {}
2024-12-19T11:11:21.826+01:00 DEBUG 14736 --- [HikariPool-1 connection adder] com.zaxxer.hikari.pool.HikariPool        : HikariPool-1 - After adding stats (total=8, active=0, idle=8, waiting=0)
2024-12-19T11:11:21.826+01:00 DEBUG 14736 --- [HikariPool-1 connection adder] com.zaxxer.hikari.pool.HikariPool        : HikariPool-1 - Added connection conn8: url=jdbc:h2:mem:testdb user=USER
2024-12-19T11:11:21.839+01:00 DEBUG 14736 --- [main] o.h.q.sqm.function.SqmFunctionRegistry   : Registered SqmFunctionTemplate [NamedSqmFunctionTemplate(max)] under max; prior registration was null
2024-12-19T11:11:21.840+01:00 DEBUG 14736 --- [main] o.h.q.sqm.function.SqmFunctionRegistry   : Registered SqmFunctionTemplate [NamedSqmFunctionTemplate(min)] under min; prior registration was null
2024-12-19T11:11:21.840+01:00 DEBUG 14736 --- [main] o.h.q.sqm.function.SqmFunctionRegistry   : Registered SqmFunctionTemplate [NamedSqmFunctionTemplate(sum)] under sum; prior registration was null
2024-12-19T11:11:21.841+01:00 DEBUG 14736 --- [main] o.h.q.sqm.function.SqmFunctionRegistry   : Registered SqmFunctionTemplate [NamedSqmFunctionTemplate(avg)] under avg; prior registration was null
2024-12-19T11:11:21.841+01:00 DEBUG 14736 --- [main] o.h.q.sqm.function.SqmFunctionRegistry   : Registered SqmFunctionTemplate [org.hibernate.dialect.function.CountFunction@7323c38c] under count; prior registration was null
2024-12-19T11:11:21.843+01:00 DEBUG 14736 --- [main] o.h.q.sqm.function.SqmFunctionRegistry   : Registered SqmFunctionTemplate [org.hibernate.dialect.function.EveryAnyEmulation@16e4db59] under every; prior registration was null
2024-12-19T11:11:21.843+01:00 DEBUG 14736 --- [main] o.h.q.sqm.function.SqmFunctionRegistry   : Registered SqmFunctionTemplate [org.hibernate.dialect.function.EveryAnyEmulation@33fec21] under any; prior registration was null
2024-12-19T11:11:21.844+01:00 DEBUG 14736 --- [main] o.h.q.sqm.function.SqmFunctionRegistry   : Registered SqmFunctionTemplate [NamedSqmFunctionTemplate(floor)] under floor; prior registration was null
2024-12-19T11:11:21.844+01:00 DEBUG 14736 --- [main] o.h.q.sqm.function.SqmFunctionRegistry   : Registered SqmFunctionTemplate [NamedSqmFunctionTemplate(ceiling)] under ceiling; prior registration was null
2024-12-19T11:11:21.844+01:00 DEBUG 14736 --- [main] o.h.q.sqm.function.SqmFunctionRegistry   : Registered SqmFunctionTemplate [NamedSqmFunctionTemplate(mod)] under mod; prior registration was null
2024-12-19T11:11:21.844+01:00 DEBUG 14736 --- [main] o.h.q.sqm.function.SqmFunctionRegistry   : Registered SqmFunctionTemplate [NamedSqmFunctionTemplate(abs)] under abs; prior registration was null
2024-12-19T11:11:21.844+01:00 DEBUG 14736 --- [main] o.h.q.sqm.function.SqmFunctionRegistry   : Registered SqmFunctionTemplate [NamedSqmFunctionTemplate(sign)] under sign; prior registration was null
2024-12-19T11:11:21.844+01:00 DEBUG 14736 --- [main] o.h.q.sqm.function.SqmFunctionRegistry   : Registered SqmFunctionTemplate [NamedSqmFunctionTemplate(sqrt)] under sqrt; prior registration was null
2024-12-19T11:11:21.844+01:00 DEBUG 14736 --- [main] o.h.q.sqm.function.SqmFunctionRegistry   : Registered SqmFunctionTemplate [NamedSqmFunctionTemplate(ln)] under ln; prior registration was null
2024-12-19T11:11:21.844+01:00 DEBUG 14736 --- [main] o.h.q.sqm.function.SqmFunctionRegistry   : Registered SqmFunctionTemplate [NamedSqmFunctionTemplate(exp)] under exp; prior registration was null
2024-12-19T11:11:21.844+01:00 DEBUG 14736 --- [main] o.h.q.sqm.function.SqmFunctionRegistry   : Registered SqmFunctionTemplate [NamedSqmFunctionTemplate(power)] under power; prior registration was null
2024-12-19T11:11:21.845+01:00 DEBUG 14736 --- [main] o.h.q.sqm.function.SqmFunctionRegistry   : Registered SqmFunctionTemplate [NamedSqmFunctionTemplate(round)] under round; prior registration was null
2024-12-19T11:11:21.845+01:00 DEBUG 14736 --- [main] o.h.q.sqm.function.SqmFunctionRegistry   : Registered SqmFunctionTemplate [NamedSqmFunctionTemplate(sin)] under sin; prior registration was null
2024-12-19T11:11:21.845+01:00 DEBUG 14736 --- [main] o.h.q.sqm.function.SqmFunctionRegistry   : Registered SqmFunctionTemplate [NamedSqmFunctionTemplate(cos)] under cos; prior registration was null
2024-12-19T11:11:21.845+01:00 DEBUG 14736 --- [main] o.h.q.sqm.function.SqmFunctionRegistry   : Registered SqmFunctionTemplate [NamedSqmFunctionTemplate(tan)] under tan; prior registration was null
2024-12-19T11:11:21.845+01:00 DEBUG 14736 --- [main] o.h.q.sqm.function.SqmFunctionRegistry   : Registered SqmFunctionTemplate [NamedSqmFunctionTemplate(asin)] under asin; prior registration was null
2024-12-19T11:11:21.845+01:00 DEBUG 14736 --- [main] o.h.q.sqm.function.SqmFunctionRegistry   : Registered SqmFunctionTemplate [NamedSqmFunctionTemplate(acos)] under acos; prior registration was null
2024-12-19T11:11:21.845+01:00 DEBUG 14736 --- [main] o.h.q.sqm.function.SqmFunctionRegistry   : Registered SqmFunctionTemplate [NamedSqmFunctionTemplate(atan)] under atan; prior registration was null
2024-12-19T11:11:21.845+01:00 DEBUG 14736 --- [main] o.h.q.sqm.function.SqmFunctionRegistry   : Registered SqmFunctionTemplate [NamedSqmFunctionTemplate(atan2)] under atan2; prior registration was null
2024-12-19T11:11:21.846+01:00 DEBUG 14736 --- [main] o.h.q.sqm.function.SqmFunctionRegistry   : Registered SqmFunctionTemplate [org.hibernate.query.sqm.function.PatternBasedSqmFunctionDescriptor@545f0b6] under sinh; prior registration was null
2024-12-19T11:11:21.847+01:00 DEBUG 14736 --- [main] o.h.q.sqm.function.SqmFunctionRegistry   : Registered SqmFunctionTemplate [org.hibernate.query.sqm.function.PatternBasedSqmFunctionDescriptor@3c9ef37b] under cosh; prior registration was null
2024-12-19T11:11:21.847+01:00 DEBUG 14736 --- [main] o.h.q.sqm.function.SqmFunctionRegistry   : Registered SqmFunctionTemplate [org.hibernate.query.sqm.function.PatternBasedSqmFunctionDescriptor@4888425d] under tanh; prior registration was null
2024-12-19T11:11:21.847+01:00 DEBUG 14736 --- [main] o.h.q.sqm.function.SqmFunctionRegistry   : Registered SqmFunctionTemplate [org.hibernate.query.sqm.function.PatternBasedSqmFunctionDescriptor@3c8758d1] under pi; prior registration was null
2024-12-19T11:11:21.847+01:00 DEBUG 14736 --- [main] o.h.q.sqm.function.SqmFunctionRegistry   : Registered SqmFunctionTemplate [org.hibernate.query.sqm.function.PatternBasedSqmFunctionDescriptor@166ddfb7] under log; prior registration was null
2024-12-19T11:11:21.847+01:00 DEBUG 14736 --- [main] o.h.q.sqm.function.SqmFunctionRegistry   : Registered SqmFunctionTemplate [NamedSqmFunctionTemplate(coalesce)] under coalesce; prior registration was null
2024-12-19T11:11:21.847+01:00 DEBUG 14736 --- [main] o.h.q.sqm.function.SqmFunctionRegistry   : Registered SqmFunctionTemplate [NamedSqmFunctionTemplate(nullif)] under nullif; prior registration was null
2024-12-19T11:11:21.847+01:00 DEBUG 14736 --- [main] o.h.q.sqm.function.SqmFunctionRegistry   : Registered SqmFunctionTemplate [NamedSqmFunctionTemplate(left)] under left; prior registration was null
2024-12-19T11:11:21.847+01:00 DEBUG 14736 --- [main] o.h.q.sqm.function.SqmFunctionRegistry   : Registered SqmFunctionTemplate [NamedSqmFunctionTemplate(right)] under right; prior registration was null
2024-12-19T11:11:21.847+01:00 DEBUG 14736 --- [main] o.h.q.sqm.function.SqmFunctionRegistry   : Registered SqmFunctionTemplate [NamedSqmFunctionTemplate(replace)] under replace; prior registration was null
2024-12-19T11:11:21.848+01:00 DEBUG 14736 --- [main] o.h.q.sqm.function.SqmFunctionRegistry   : Registered SqmFunctionTemplate [NamedSqmFunctionTemplate(concat)] under concat; prior registration was null
2024-12-19T11:11:21.848+01:00 DEBUG 14736 --- [main] o.h.q.sqm.function.SqmFunctionRegistry   : Registered SqmFunctionTemplate [NamedSqmFunctionTemplate(lower)] under lower; prior registration was null
2024-12-19T11:11:21.848+01:00 DEBUG 14736 --- [main] o.h.q.sqm.function.SqmFunctionRegistry   : Registered SqmFunctionTemplate [NamedSqmFunctionTemplate(upper)] under upper; prior registration was null
2024-12-19T11:11:21.848+01:00 DEBUG 14736 --- [main] o.h.q.sqm.function.SqmFunctionRegistry   : Registered SqmFunctionTemplate [NamedSqmFunctionTemplate(substring)] under substring; prior registration was null
2024-12-19T11:11:21.848+01:00 DEBUG 14736 --- [main] o.h.q.sqm.function.SqmFunctionRegistry   : Registered SqmFunctionTemplate [NamedSqmFunctionTemplate(locate)] under locate; prior registration was null
2024-12-19T11:11:21.848+01:00 DEBUG 14736 --- [main] o.h.q.sqm.function.SqmFunctionRegistry   : Registered SqmFunctionTemplate [NamedSqmFunctionTemplate(character_length)] under character_length; prior registration was null
2024-12-19T11:11:21.848+01:00 DEBUG 14736 --- [main] o.h.q.sqm.function.SqmFunctionRegistry   : Registering alternate key : length -> character_length
2024-12-19T11:11:21.849+01:00 DEBUG 14736 --- [main] o.h.q.sqm.function.SqmFunctionRegistry   : Registered SqmFunctionTemplate [org.hibernate.dialect.function.LocatePositionEmulation@1b36d248] under position; prior registration was null
2024-12-19T11:11:21.850+01:00 DEBUG 14736 --- [main] o.h.q.sqm.function.SqmFunctionRegistry   : Registered SqmFunctionTemplate [org.hibernate.dialect.function.InsertSubstringOverlayEmulation@7c5ac0] under overlay; prior registration was null
2024-12-19T11:11:21.851+01:00 DEBUG 14736 --- [main] o.h.q.sqm.function.SqmFunctionRegistry   : Registered SqmFunctionTemplate [org.hibernate.dialect.function.TrimFunction@495e8a3] under trim; prior registration was null
2024-12-19T11:11:21.852+01:00 DEBUG 14736 --- [main] o.h.q.sqm.function.SqmFunctionRegistry   : Registered SqmFunctionTemplate [org.hibernate.dialect.function.CastFunction@5de335cf] under cast; prior registration was null
2024-12-19T11:11:21.852+01:00 DEBUG 14736 --- [main] o.h.q.sqm.function.SqmFunctionRegistry   : Registered SqmFunctionTemplate [org.hibernate.query.sqm.function.PatternBasedSqmFunctionDescriptor@1e029a04] under collate; prior registration was null
2024-12-19T11:11:21.853+01:00 DEBUG 14736 --- [main] o.h.q.sqm.function.SqmFunctionRegistry   : Registered SqmFunctionTemplate [org.hibernate.dialect.function.ExtractFunction@3a3bc0da] under extract; prior registration was null
2024-12-19T11:11:21.853+01:00 DEBUG 14736 --- [main] o.h.q.sqm.function.SqmFunctionRegistry   : Registered SqmFunctionTemplate [NamedSqmFunctionTemplate(least)] under least; prior registration was null
2024-12-19T11:11:21.853+01:00 DEBUG 14736 --- [main] o.h.q.sqm.function.SqmFunctionRegistry   : Registered SqmFunctionTemplate [NamedSqmFunctionTemplate(greatest)] under greatest; prior registration was null
2024-12-19T11:11:21.853+01:00 DEBUG 14736 --- [main] o.h.q.sqm.function.SqmFunctionRegistry   : Registered SqmFunctionTemplate [org.hibernate.dialect.function.CoalesceIfnullEmulation@45832b85] under ifnull; prior registration was null
2024-12-19T11:11:21.853+01:00 DEBUG 14736 --- [main] o.h.q.sqm.function.SqmFunctionRegistry   : Registered SqmFunctionTemplate [NamedSqmFunctionTemplate(lpad)] under lpad; prior registration was null
2024-12-19T11:11:21.853+01:00 DEBUG 14736 --- [main] o.h.q.sqm.function.SqmFunctionRegistry   : Registered SqmFunctionTemplate [NamedSqmFunctionTemplate(rpad)] under rpad; prior registration was null
2024-12-19T11:11:21.853+01:00 DEBUG 14736 --- [main] o.h.q.sqm.function.SqmFunctionRegistry   : Registered SqmFunctionTemplate [org.hibernate.dialect.function.LpadRpadPadEmulation@ab4d2ba] under pad; prior registration was null
2024-12-19T11:11:21.854+01:00 DEBUG 14736 --- [main] o.h.q.sqm.function.SqmFunctionRegistry   : Registered SqmFunctionTemplate [org.hibernate.dialect.function.CastStrEmulation@278cb145] under str; prior registration was null
2024-12-19T11:11:21.856+01:00 DEBUG 14736 --- [main] o.h.q.sqm.function.SqmFunctionRegistry   : Registered SqmFunctionTemplate [org.hibernate.dialect.function.FormatFunction@3835d3fd] under format; prior registration was null
2024-12-19T11:11:21.856+01:00 DEBUG 14736 --- [main] o.h.q.sqm.function.SqmFunctionRegistry   : Registered SqmFunctionTemplate [org.hibernate.dialect.function.TimestampaddFunction@5c7c75fb] under timestampadd; prior registration was null
2024-12-19T11:11:21.857+01:00 DEBUG 14736 --- [main] o.h.q.sqm.function.SqmFunctionRegistry   : Registered SqmFunctionTemplate [org.hibernate.dialect.function.TimestampdiffFunction@5f82209e] under timestampdiff; prior registration was null
2024-12-19T11:11:21.857+01:00 DEBUG 14736 --- [main] o.h.q.sqm.function.SqmFunctionRegistry   : Registering alternate key : dateadd -> timestampadd
2024-12-19T11:11:21.857+01:00 DEBUG 14736 --- [main] o.h.q.sqm.function.SqmFunctionRegistry   : Registering alternate key : datediff -> timestampdiff
2024-12-19T11:11:21.857+01:00 DEBUG 14736 --- [main] o.h.q.sqm.function.SqmFunctionRegistry   : Registered SqmFunctionTemplate [org.hibernate.dialect.function.CurrentFunction@514dc5f4] under current_date; prior registration was null
2024-12-19T11:11:21.857+01:00 DEBUG 14736 --- [main] o.h.q.sqm.function.SqmFunctionRegistry   : Registered SqmFunctionTemplate [org.hibernate.dialect.function.CurrentFunction@633a11eb] under current_time; prior registration was null
2024-12-19T11:11:21.857+01:00 DEBUG 14736 --- [main] o.h.q.sqm.function.SqmFunctionRegistry   : Registered SqmFunctionTemplate [org.hibernate.dialect.function.CurrentFunction@7a247711] under current_timestamp; prior registration was null
2024-12-19T11:11:21.857+01:00 DEBUG 14736 --- [main] o.h.q.sqm.function.SqmFunctionRegistry   : Registering alternate key : current date -> current_date
2024-12-19T11:11:21.857+01:00 DEBUG 14736 --- [main] o.h.q.sqm.function.SqmFunctionRegistry   : Registering alternate key : current time -> current_time
2024-12-19T11:11:21.857+01:00 DEBUG 14736 --- [main] o.h.q.sqm.function.SqmFunctionRegistry   : Registering alternate key : current timestamp -> current_timestamp
2024-12-19T11:11:21.857+01:00 DEBUG 14736 --- [main] o.h.q.sqm.function.SqmFunctionRegistry   : Registered SqmFunctionTemplate [org.hibernate.dialect.function.CurrentFunction@4910afdf] under local_date; prior registration was null
2024-12-19T11:11:21.857+01:00 DEBUG 14736 --- [main] o.h.q.sqm.function.SqmFunctionRegistry   : Registered SqmFunctionTemplate [org.hibernate.dialect.function.CurrentFunction@764db16c] under local_time; prior registration was null
2024-12-19T11:11:21.857+01:00 DEBUG 14736 --- [main] o.h.q.sqm.function.SqmFunctionRegistry   : Registered SqmFunctionTemplate [org.hibernate.dialect.function.CurrentFunction@45cb5307] under local_datetime; prior registration was null
2024-12-19T11:11:21.858+01:00 DEBUG 14736 --- [main] o.h.q.sqm.function.SqmFunctionRegistry   : Registered SqmFunctionTemplate [org.hibernate.dialect.function.CurrentFunction@1c8e2850] under offset_datetime; prior registration was null
2024-12-19T11:11:21.858+01:00 DEBUG 14736 --- [HikariPool-1 connection adder] com.zaxxer.hikari.pool.HikariPool        : HikariPool-1 - After adding stats (total=9, active=0, idle=9, waiting=0)
2024-12-19T11:11:21.858+01:00 DEBUG 14736 --- [main] o.h.q.sqm.function.SqmFunctionRegistry   : Registering alternate key : local date -> local_date
2024-12-19T11:11:21.858+01:00 DEBUG 14736 --- [main] o.h.q.sqm.function.SqmFunctionRegistry   : Registering alternate key : local time -> local_time
2024-12-19T11:11:21.858+01:00 DEBUG 14736 --- [main] o.h.q.sqm.function.SqmFunctionRegistry   : Registering alternate key : local datetime -> local_datetime
2024-12-19T11:11:21.858+01:00 DEBUG 14736 --- [main] o.h.q.sqm.function.SqmFunctionRegistry   : Registering alternate key : offset datetime -> offset_datetime
2024-12-19T11:11:21.858+01:00 DEBUG 14736 --- [main] o.h.q.sqm.function.SqmFunctionRegistry   : Registered SqmFunctionTemplate [org.hibernate.dialect.function.CurrentFunction@50ac1249] under instant; prior registration was null
2024-12-19T11:11:21.858+01:00 DEBUG 14736 --- [main] o.h.q.sqm.function.SqmFunctionRegistry   : Registering alternate key : current_instant -> instant
2024-12-19T11:11:21.858+01:00 DEBUG 14736 --- [HikariPool-1 connection adder] com.zaxxer.hikari.pool.HikariPool        : HikariPool-1 - Added connection conn9: url=jdbc:h2:mem:testdb user=USER
2024-12-19T11:11:21.858+01:00 DEBUG 14736 --- [main] o.h.q.sqm.function.SqmFunctionRegistry   : Registered SqmFunctionTemplate [org.hibernate.dialect.function.SqlFunction@99223ac] under sql; prior registration was null
2024-12-19T11:11:21.858+01:00 DEBUG 14736 --- [main] o.h.q.sqm.function.SqmFunctionRegistry   : Registered SqmFunctionTemplate [NamedSqmFunctionTemplate(cot)] under cot; prior registration was null
2024-12-19T11:11:21.859+01:00 DEBUG 14736 --- [main] o.h.q.sqm.function.SqmFunctionRegistry   : Registered SqmFunctionTemplate [NamedSqmFunctionTemplate(radians)] under radians; prior registration was null
2024-12-19T11:11:21.859+01:00 DEBUG 14736 --- [main] o.h.q.sqm.function.SqmFunctionRegistry   : Registered SqmFunctionTemplate [NamedSqmFunctionTemplate(degrees)] under degrees; prior registration was null
2024-12-19T11:11:21.859+01:00 DEBUG 14736 --- [main] o.h.q.sqm.function.SqmFunctionRegistry   : Registered SqmFunctionTemplate [NamedSqmFunctionTemplate(log)] under log; prior registration was org.hibernate.query.sqm.function.PatternBasedSqmFunctionDescriptor@166ddfb7
2024-12-19T11:11:21.859+01:00 DEBUG 14736 --- [main] o.h.q.sqm.function.SqmFunctionRegistry   : Registered SqmFunctionTemplate [org.hibernate.query.sqm.function.PatternBasedSqmFunctionDescriptor@4a5fab78] under mod; prior registration was NamedSqmFunctionTemplate(mod)
2024-12-19T11:11:21.859+01:00 DEBUG 14736 --- [main] o.h.q.sqm.function.SqmFunctionRegistry   : Registered SqmFunctionTemplate [NamedSqmFunctionTemplate(log10)] under log10; prior registration was null
2024-12-19T11:11:21.859+01:00 DEBUG 14736 --- [main] o.h.q.sqm.function.SqmFunctionRegistry   : Registered SqmFunctionTemplate [NamedSqmFunctionTemplate(tanh)] under tanh; prior registration was org.hibernate.query.sqm.function.PatternBasedSqmFunctionDescriptor@4888425d
2024-12-19T11:11:21.859+01:00 DEBUG 14736 --- [main] o.h.q.sqm.function.SqmFunctionRegistry   : Registered SqmFunctionTemplate [NamedSqmFunctionTemplate(sinh)] under sinh; prior registration was org.hibernate.query.sqm.function.PatternBasedSqmFunctionDescriptor@545f0b6
2024-12-19T11:11:21.859+01:00 DEBUG 14736 --- [main] o.h.q.sqm.function.SqmFunctionRegistry   : Registered SqmFunctionTemplate [NamedSqmFunctionTemplate(cosh)] under cosh; prior registration was org.hibernate.query.sqm.function.PatternBasedSqmFunctionDescriptor@3c9ef37b
2024-12-19T11:11:21.859+01:00 DEBUG 14736 --- [main] o.h.q.sqm.function.SqmFunctionRegistry   : Registered SqmFunctionTemplate [NamedSqmFunctionTemplate(acosh)] under acosh; prior registration was null
2024-12-19T11:11:21.860+01:00 DEBUG 14736 --- [main] o.h.q.sqm.function.SqmFunctionRegistry   : Registered SqmFunctionTemplate [NamedSqmFunctionTemplate(asinh)] under asinh; prior registration was null
2024-12-19T11:11:21.860+01:00 DEBUG 14736 --- [main] o.h.q.sqm.function.SqmFunctionRegistry   : Registered SqmFunctionTemplate [NamedSqmFunctionTemplate(atanh)] under atanh; prior registration was null
2024-12-19T11:11:21.860+01:00 DEBUG 14736 --- [main] o.h.q.sqm.function.SqmFunctionRegistry   : Registered SqmFunctionTemplate [NamedSqmFunctionTemplate(cbrt)] under cbrt; prior registration was null
2024-12-19T11:11:21.860+01:00 DEBUG 14736 --- [main] o.h.q.sqm.function.SqmFunctionRegistry   : Registered SqmFunctionTemplate [NamedSqmFunctionTemplate(pi)] under pi; prior registration was org.hibernate.query.sqm.function.PatternBasedSqmFunctionDescriptor@3c8758d1
2024-12-19T11:11:21.860+01:00 DEBUG 14736 --- [main] o.h.q.sqm.function.SqmFunctionRegistry   : Registered SqmFunctionTemplate [NamedSqmFunctionTemplate(ltrim)] under ltrim; prior registration was null
2024-12-19T11:11:21.860+01:00 DEBUG 14736 --- [main] o.h.q.sqm.function.SqmFunctionRegistry   : Registered SqmFunctionTemplate [NamedSqmFunctionTemplate(rtrim)] under rtrim; prior registration was null
2024-12-19T11:11:21.860+01:00 DEBUG 14736 --- [main] o.h.q.sqm.function.SqmFunctionRegistry   : Registered SqmFunctionTemplate [NamedSqmFunctionTemplate(repeat)] under repeat; prior registration was null
2024-12-19T11:11:21.860+01:00 DEBUG 14736 --- [main] o.h.q.sqm.function.SqmFunctionRegistry   : Registered SqmFunctionTemplate [NamedSqmFunctionTemplate(md5)] under md5; prior registration was null
2024-12-19T11:11:21.860+01:00 DEBUG 14736 --- [main] o.h.q.sqm.function.SqmFunctionRegistry   : Registered SqmFunctionTemplate [NamedSqmFunctionTemplate(initcap)] under initcap; prior registration was null
2024-12-19T11:11:21.860+01:00 DEBUG 14736 --- [main] o.h.q.sqm.function.SqmFunctionRegistry   : Registered SqmFunctionTemplate [NamedSqmFunctionTemplate(substr)] under substr; prior registration was null
2024-12-19T11:11:21.860+01:00 DEBUG 14736 --- [main] o.h.q.sqm.function.SqmFunctionRegistry   : Registered SqmFunctionTemplate [NamedSqmFunctionTemplate(substr)] under substring; prior registration was NamedSqmFunctionTemplate(substring)
2024-12-19T11:11:21.860+01:00 DEBUG 14736 --- [main] o.h.q.sqm.function.SqmFunctionRegistry   : Registered SqmFunctionTemplate [NamedSqmFunctionTemplate(translate)] under translate; prior registration was null
2024-12-19T11:11:21.860+01:00 DEBUG 14736 --- [main] o.h.q.sqm.function.SqmFunctionRegistry   : Registered SqmFunctionTemplate [NamedSqmFunctionTemplate(to_number)] under to_number; prior registration was null
2024-12-19T11:11:21.860+01:00 DEBUG 14736 --- [main] o.h.q.sqm.function.SqmFunctionRegistry   : Registered SqmFunctionTemplate [NamedSqmFunctionTemplate(to_char)] under to_char; prior registration was null
2024-12-19T11:11:21.861+01:00 DEBUG 14736 --- [main] o.h.q.sqm.function.SqmFunctionRegistry   : Registered SqmFunctionTemplate [NamedSqmFunctionTemplate(to_date)] under to_date; prior registration was null
2024-12-19T11:11:21.861+01:00 DEBUG 14736 --- [main] o.h.q.sqm.function.SqmFunctionRegistry   : Registered SqmFunctionTemplate [NamedSqmFunctionTemplate(to_timestamp)] under to_timestamp; prior registration was null
2024-12-19T11:11:21.861+01:00 DEBUG 14736 --- [main] o.h.q.sqm.function.SqmFunctionRegistry   : Registered SqmFunctionTemplate [org.hibernate.dialect.function.ConcatPipeFunction@34f48d1] under concat; prior registration was NamedSqmFunctionTemplate(concat)
2024-12-19T11:11:21.861+01:00 DEBUG 14736 --- [main] o.h.q.sqm.function.SqmFunctionRegistry   : Registered SqmFunctionTemplate [NamedSqmFunctionTemplate(localtime)] under localtime; prior registration was null
2024-12-19T11:11:21.861+01:00 DEBUG 14736 --- [main] o.h.q.sqm.function.SqmFunctionRegistry   : Registered SqmFunctionTemplate [NamedSqmFunctionTemplate(localtimestamp)] under localtimestamp; prior registration was null
2024-12-19T11:11:21.861+01:00 DEBUG 14736 --- [main] o.h.q.sqm.function.SqmFunctionRegistry   : Registered SqmFunctionTemplate [NamedSqmFunctionTemplate(localtime)] under local_time; prior registration was org.hibernate.dialect.function.CurrentFunction@764db16c
2024-12-19T11:11:21.861+01:00 DEBUG 14736 --- [main] o.h.q.sqm.function.SqmFunctionRegistry   : Registered SqmFunctionTemplate [NamedSqmFunctionTemplate(localtimestamp)] under local_datetime; prior registration was org.hibernate.dialect.function.CurrentFunction@45cb5307
2024-12-19T11:11:21.862+01:00 DEBUG 14736 --- [main] o.h.q.sqm.function.SqmFunctionRegistry   : Registered SqmFunctionTemplate [org.hibernate.dialect.function.LengthFunction@69ab2d6a] under character_length; prior registration was NamedSqmFunctionTemplate(character_length)
2024-12-19T11:11:21.862+01:00 DEBUG 14736 --- [main] o.h.q.sqm.function.SqmFunctionRegistry   : Registering alternate key : length -> character_length
2024-12-19T11:11:21.862+01:00 DEBUG 14736 --- [main] o.h.q.sqm.function.SqmFunctionRegistry   : Registered SqmFunctionTemplate [org.hibernate.dialect.function.LengthFunction@505a8582] under bit_length; prior registration was null
2024-12-19T11:11:21.862+01:00 DEBUG 14736 --- [main] o.h.q.sqm.function.SqmFunctionRegistry   : Registered SqmFunctionTemplate [org.hibernate.dialect.function.LengthFunction@57afe44b] under octet_length; prior registration was null
2024-12-19T11:11:21.862+01:00 DEBUG 14736 --- [main] o.h.q.sqm.function.SqmFunctionRegistry   : Registered SqmFunctionTemplate [NamedSqmFunctionTemplate(ascii)] under ascii; prior registration was null
2024-12-19T11:11:21.862+01:00 DEBUG 14736 --- [main] o.h.q.sqm.function.SqmFunctionRegistry   : Registered SqmFunctionTemplate [NamedSqmFunctionTemplate(chr)] under chr; prior registration was null
2024-12-19T11:11:21.862+01:00 DEBUG 14736 --- [main] o.h.q.sqm.function.SqmFunctionRegistry   : Registering alternate key : char -> chr
2024-12-19T11:11:21.862+01:00 DEBUG 14736 --- [main] o.h.q.sqm.function.SqmFunctionRegistry   : Registered SqmFunctionTemplate [org.hibernate.query.sqm.function.PatternBasedSqmFunctionDescriptor@18887028] under position; prior registration was org.hibernate.dialect.function.LocatePositionEmulation@1b36d248
2024-12-19T11:11:21.862+01:00 DEBUG 14736 --- [main] o.h.q.sqm.function.SqmFunctionRegistry   : Registered SqmFunctionTemplate [org.hibernate.query.sqm.function.PatternBasedSqmFunctionDescriptor@28f8ce2e] under bitand; prior registration was null
2024-12-19T11:11:21.862+01:00 DEBUG 14736 --- [main] o.h.q.sqm.function.SqmFunctionRegistry   : Registered SqmFunctionTemplate [org.hibernate.query.sqm.function.PatternBasedSqmFunctionDescriptor@2c0a3826] under bitor; prior registration was null
2024-12-19T11:11:21.862+01:00 DEBUG 14736 --- [main] o.h.q.sqm.function.SqmFunctionRegistry   : Registered SqmFunctionTemplate [org.hibernate.query.sqm.function.PatternBasedSqmFunctionDescriptor@4af0c50] under bitxor; prior registration was null
2024-12-19T11:11:21.862+01:00 DEBUG 14736 --- [main] o.h.q.sqm.function.SqmFunctionRegistry   : Registered SqmFunctionTemplate [org.hibernate.query.sqm.function.PatternBasedSqmFunctionDescriptor@5ffd35dd] under bitnot; prior registration was null
2024-12-19T11:11:21.862+01:00 DEBUG 14736 --- [main] o.h.q.sqm.function.SqmFunctionRegistry   : Registered SqmFunctionTemplate [NamedSqmFunctionTemplate(bit_and)] under bit_and; prior registration was null
2024-12-19T11:11:21.863+01:00 DEBUG 14736 --- [main] o.h.q.sqm.function.SqmFunctionRegistry   : Registered SqmFunctionTemplate [NamedSqmFunctionTemplate(bit_or)] under bit_or; prior registration was null
2024-12-19T11:11:21.863+01:00 DEBUG 14736 --- [main] o.h.q.sqm.function.SqmFunctionRegistry   : Registered SqmFunctionTemplate [NamedSqmFunctionTemplate(bool_and)] under bool_and; prior registration was null
2024-12-19T11:11:21.863+01:00 DEBUG 14736 --- [main] o.h.q.sqm.function.SqmFunctionRegistry   : Registering alternate key : every -> bool_and
2024-12-19T11:11:21.863+01:00 DEBUG 14736 --- [main] o.h.q.sqm.function.SqmFunctionRegistry   : Registered SqmFunctionTemplate [NamedSqmFunctionTemplate(bool_or)] under bool_or; prior registration was null
2024-12-19T11:11:21.863+01:00 DEBUG 14736 --- [main] o.h.q.sqm.function.SqmFunctionRegistry   : Registering alternate key : any -> bool_or
2024-12-19T11:11:21.863+01:00 DEBUG 14736 --- [main] o.h.q.sqm.function.SqmFunctionRegistry   : Registered SqmFunctionTemplate [org.hibernate.query.sqm.function.PatternBasedSqmFunctionDescriptor@311a09b2] under median; prior registration was null
2024-12-19T11:11:21.863+01:00 DEBUG 14736 --- [main] o.h.q.sqm.function.SqmFunctionRegistry   : Registered SqmFunctionTemplate [NamedSqmFunctionTemplate(stddev)] under stddev; prior registration was null
2024-12-19T11:11:21.864+01:00 DEBUG 14736 --- [main] o.h.q.sqm.function.SqmFunctionRegistry   : Registered SqmFunctionTemplate [NamedSqmFunctionTemplate(stddev_pop)] under stddev_pop; prior registration was null
2024-12-19T11:11:21.864+01:00 DEBUG 14736 --- [main] o.h.q.sqm.function.SqmFunctionRegistry   : Registered SqmFunctionTemplate [NamedSqmFunctionTemplate(stddev_samp)] under stddev_samp; prior registration was null
2024-12-19T11:11:21.864+01:00 DEBUG 14736 --- [main] o.h.q.sqm.function.SqmFunctionRegistry   : Registered SqmFunctionTemplate [NamedSqmFunctionTemplate(variance)] under variance; prior registration was null
2024-12-19T11:11:21.864+01:00 DEBUG 14736 --- [main] o.h.q.sqm.function.SqmFunctionRegistry   : Registered SqmFunctionTemplate [NamedSqmFunctionTemplate(var_pop)] under var_pop; prior registration was null
2024-12-19T11:11:21.864+01:00 DEBUG 14736 --- [main] o.h.q.sqm.function.SqmFunctionRegistry   : Registered SqmFunctionTemplate [NamedSqmFunctionTemplate(var_samp)] under var_samp; prior registration was null
2024-12-19T11:11:21.864+01:00 DEBUG 14736 --- [main] o.h.q.sqm.function.SqmFunctionRegistry   : Registered SqmFunctionTemplate [NamedSqmFunctionTemplate(covar_pop)] under covar_pop; prior registration was null
2024-12-19T11:11:21.864+01:00 DEBUG 14736 --- [main] o.h.q.sqm.function.SqmFunctionRegistry   : Registered SqmFunctionTemplate [NamedSqmFunctionTemplate(covar_samp)] under covar_samp; prior registration was null
2024-12-19T11:11:21.864+01:00 DEBUG 14736 --- [main] o.h.q.sqm.function.SqmFunctionRegistry   : Registered SqmFunctionTemplate [NamedSqmFunctionTemplate(corr)] under corr; prior registration was null
2024-12-19T11:11:21.865+01:00 DEBUG 14736 --- [main] o.h.q.sqm.function.SqmFunctionRegistry   : Registered SqmFunctionTemplate [NamedSqmFunctionTemplate(regr_avgx)] under regr_avgx; prior registration was null
2024-12-19T11:11:21.865+01:00 DEBUG 14736 --- [main] o.h.q.sqm.function.SqmFunctionRegistry   : Registered SqmFunctionTemplate [NamedSqmFunctionTemplate(regr_avgy)] under regr_avgy; prior registration was null
2024-12-19T11:11:21.865+01:00 DEBUG 14736 --- [main] o.h.q.sqm.function.SqmFunctionRegistry   : Registered SqmFunctionTemplate [NamedSqmFunctionTemplate(regr_count)] under regr_count; prior registration was null
2024-12-19T11:11:21.865+01:00 DEBUG 14736 --- [main] o.h.q.sqm.function.SqmFunctionRegistry   : Registered SqmFunctionTemplate [NamedSqmFunctionTemplate(regr_intercept)] under regr_intercept; prior registration was null
2024-12-19T11:11:21.865+01:00 DEBUG 14736 --- [main] o.h.q.sqm.function.SqmFunctionRegistry   : Registered SqmFunctionTemplate [NamedSqmFunctionTemplate(regr_r2)] under regr_r2; prior registration was null
2024-12-19T11:11:21.865+01:00 DEBUG 14736 --- [main] o.h.q.sqm.function.SqmFunctionRegistry   : Registered SqmFunctionTemplate [NamedSqmFunctionTemplate(regr_slope)] under regr_slope; prior registration was null
2024-12-19T11:11:21.865+01:00 DEBUG 14736 --- [main] o.h.q.sqm.function.SqmFunctionRegistry   : Registered SqmFunctionTemplate [NamedSqmFunctionTemplate(regr_sxx)] under regr_sxx; prior registration was null
2024-12-19T11:11:21.865+01:00 DEBUG 14736 --- [main] o.h.q.sqm.function.SqmFunctionRegistry   : Registered SqmFunctionTemplate [NamedSqmFunctionTemplate(regr_sxy)] under regr_sxy; prior registration was null
2024-12-19T11:11:21.865+01:00 DEBUG 14736 --- [main] o.h.q.sqm.function.SqmFunctionRegistry   : Registered SqmFunctionTemplate [NamedSqmFunctionTemplate(regr_syy)] under regr_syy; prior registration was null
2024-12-19T11:11:21.865+01:00 DEBUG 14736 --- [main] o.h.q.sqm.function.SqmFunctionRegistry   : Registered SqmFunctionTemplate [org.hibernate.query.sqm.function.PatternBasedSqmFunctionDescriptor@301d84f6] under insert; prior registration was null
2024-12-19T11:11:21.866+01:00 DEBUG 14736 --- [main] o.h.q.sqm.function.SqmFunctionRegistry   : Registered SqmFunctionTemplate [org.hibernate.query.sqm.function.MultipatternSqmFunctionDescriptor@114b2414] under overlay; prior registration was org.hibernate.dialect.function.InsertSubstringOverlayEmulation@7c5ac0
2024-12-19T11:11:21.866+01:00 DEBUG 14736 --- [main] o.h.q.sqm.function.SqmFunctionRegistry   : Registered SqmFunctionTemplate [NamedSqmFunctionTemplate(soundex)] under soundex; prior registration was null
2024-12-19T11:11:21.866+01:00 DEBUG 14736 --- [main] o.h.q.sqm.function.SqmFunctionRegistry   : Registered SqmFunctionTemplate [org.hibernate.query.sqm.function.MultipatternSqmFunctionDescriptor@57920d6c] under locate; prior registration was NamedSqmFunctionTemplate(locate)
2024-12-19T11:11:21.866+01:00 DEBUG 14736 --- [main] o.h.q.sqm.function.SqmFunctionRegistry   : Registered SqmFunctionTemplate [NamedSqmFunctionTemplate(row_number)] under row_number; prior registration was null
2024-12-19T11:11:21.866+01:00 DEBUG 14736 --- [main] o.h.q.sqm.function.SqmFunctionRegistry   : Registered SqmFunctionTemplate [NamedSqmFunctionTemplate(lag)] under lag; prior registration was null
2024-12-19T11:11:21.866+01:00 DEBUG 14736 --- [main] o.h.q.sqm.function.SqmFunctionRegistry   : Registered SqmFunctionTemplate [NamedSqmFunctionTemplate(lead)] under lead; prior registration was null
2024-12-19T11:11:21.866+01:00 DEBUG 14736 --- [main] o.h.q.sqm.function.SqmFunctionRegistry   : Registered SqmFunctionTemplate [NamedSqmFunctionTemplate(first_value)] under first_value; prior registration was null
2024-12-19T11:11:21.866+01:00 DEBUG 14736 --- [main] o.h.q.sqm.function.SqmFunctionRegistry   : Registered SqmFunctionTemplate [NamedSqmFunctionTemplate(last_value)] under last_value; prior registration was null
2024-12-19T11:11:21.866+01:00 DEBUG 14736 --- [main] o.h.q.sqm.function.SqmFunctionRegistry   : Registered SqmFunctionTemplate [NamedSqmFunctionTemplate(nth_value)] under nth_value; prior registration was null
2024-12-19T11:11:21.867+01:00 DEBUG 14736 --- [main] o.h.q.sqm.function.SqmFunctionRegistry   : Registered SqmFunctionTemplate [org.hibernate.dialect.function.ListaggStringAggEmulation@14d18029] under listagg; prior registration was null
2024-12-19T11:11:21.868+01:00 DEBUG 14736 --- [main] o.h.q.sqm.function.SqmFunctionRegistry   : Registered SqmFunctionTemplate [org.hibernate.dialect.function.array.PostgreSQLArrayConstructorFunction@17332039] under array; prior registration was null
2024-12-19T11:11:21.868+01:00 DEBUG 14736 --- [main] o.h.q.sqm.function.SqmFunctionRegistry   : Registered SqmFunctionTemplate [org.hibernate.dialect.function.array.PostgreSQLArrayConstructorFunction@776e7dfb] under array_list; prior registration was null
2024-12-19T11:11:21.869+01:00 DEBUG 14736 --- [main] o.h.q.sqm.function.SqmFunctionRegistry   : Registered SqmFunctionTemplate [org.hibernate.dialect.function.array.ArrayAggFunction@6d5508a5] under array_agg; prior registration was null
2024-12-19T11:11:21.870+01:00 DEBUG 14736 --- [main] o.h.q.sqm.function.SqmFunctionRegistry   : Registered SqmFunctionTemplate [org.hibernate.dialect.function.array.PostgreSQLArrayPositionFunction@76d1f6ea] under array_position; prior registration was null
2024-12-19T11:11:21.874+01:00 DEBUG 14736 --- [main] o.h.q.sqm.function.SqmFunctionRegistry   : Registered SqmFunctionTemplate [org.hibernate.dialect.function.array.PostgreSQLArrayPositionsFunction@50d666a2] under array_positions; prior registration was null
2024-12-19T11:11:21.875+01:00 DEBUG 14736 --- [main] o.h.q.sqm.function.SqmFunctionRegistry   : Registered SqmFunctionTemplate [org.hibernate.dialect.function.array.PostgreSQLArrayPositionsFunction@104bc677] under array_positions_list; prior registration was null
2024-12-19T11:11:21.875+01:00 DEBUG 14736 --- [main] o.h.q.sqm.function.SqmFunctionRegistry   : Registered SqmFunctionTemplate [org.hibernate.query.sqm.function.PatternBasedSqmFunctionDescriptor@3bda1f0] under array_length; prior registration was null
2024-12-19T11:11:21.876+01:00 DEBUG 14736 --- [main] o.h.q.sqm.function.SqmFunctionRegistry   : Registered SqmFunctionTemplate [org.hibernate.dialect.function.array.PostgreSQLArrayConcatFunction@625f5712] under array_concat; prior registration was null
2024-12-19T11:11:21.878+01:00 DEBUG 14736 --- [main] o.h.q.sqm.function.SqmFunctionRegistry   : Registered SqmFunctionTemplate [org.hibernate.dialect.function.array.PostgreSQLArrayConcatElementFunction@1c421b0f] under array_prepend; prior registration was null
2024-12-19T11:11:21.878+01:00 DEBUG 14736 --- [main] o.h.q.sqm.function.SqmFunctionRegistry   : Registered SqmFunctionTemplate [org.hibernate.dialect.function.array.PostgreSQLArrayConcatElementFunction@4ce18cec] under array_append; prior registration was null
2024-12-19T11:11:21.879+01:00 DEBUG 14736 --- [main] o.h.q.sqm.function.SqmFunctionRegistry   : Registered SqmFunctionTemplate [org.hibernate.dialect.function.array.ArrayContainsOperatorFunction@4af84a76] under array_contains; prior registration was null
2024-12-19T11:11:21.879+01:00 DEBUG 14736 --- [main] o.h.q.sqm.function.SqmFunctionRegistry   : Registered SqmFunctionTemplate [org.hibernate.dialect.function.array.ArrayContainsOperatorFunction@b5ff70b] under array_contains_nullable; prior registration was null
2024-12-19T11:11:21.880+01:00 DEBUG 14736 --- [main] o.h.q.sqm.function.SqmFunctionRegistry   : Registered SqmFunctionTemplate [org.hibernate.dialect.function.array.ArrayOverlapsOperatorFunction@5b74902c] under array_overlaps; prior registration was null
2024-12-19T11:11:21.880+01:00 DEBUG 14736 --- [main] o.h.q.sqm.function.SqmFunctionRegistry   : Registered SqmFunctionTemplate [org.hibernate.dialect.function.array.ArrayOverlapsOperatorFunction@4e4bfd9c] under array_overlaps_nullable; prior registration was null
2024-12-19T11:11:21.880+01:00 DEBUG 14736 --- [main] o.h.q.sqm.function.SqmFunctionRegistry   : Registered SqmFunctionTemplate [org.hibernate.query.sqm.function.PatternBasedSqmFunctionDescriptor@4a29fe2e] under array_get; prior registration was null
2024-12-19T11:11:21.881+01:00 DEBUG 14736 --- [main] o.h.q.sqm.function.SqmFunctionRegistry   : Registered SqmFunctionTemplate [org.hibernate.dialect.function.array.ArraySetUnnestFunction@30c03473] under array_set; prior registration was null
2024-12-19T11:11:21.881+01:00 DEBUG 14736 --- [main] o.h.q.sqm.function.SqmFunctionRegistry   : Registered SqmFunctionTemplate [NamedSqmFunctionTemplate(array_remove)] under array_remove; prior registration was null
2024-12-19T11:11:21.881+01:00 DEBUG 14736 --- [main] o.h.q.sqm.function.SqmFunctionRegistry   : Registered SqmFunctionTemplate [org.hibernate.dialect.function.array.ArrayRemoveIndexUnnestFunction@7ef9c8a5] under array_remove_index; prior registration was null
2024-12-19T11:11:21.881+01:00 DEBUG 14736 --- [main] o.h.q.sqm.function.SqmFunctionRegistry   : Registered SqmFunctionTemplate [org.hibernate.query.sqm.function.PatternBasedSqmFunctionDescriptor@c6244e7] under array_slice; prior registration was null
2024-12-19T11:11:21.881+01:00 DEBUG 14736 --- [main] o.h.q.sqm.function.SqmFunctionRegistry   : Registered SqmFunctionTemplate [NamedSqmFunctionTemplate(array_replace)] under array_replace; prior registration was null
2024-12-19T11:11:21.882+01:00 DEBUG 14736 --- [main] o.h.q.sqm.function.SqmFunctionRegistry   : Registered SqmFunctionTemplate [org.hibernate.dialect.function.array.PostgreSQLArrayTrimEmulation@3d7314b3] under array_trim; prior registration was null
2024-12-19T11:11:21.882+01:00 DEBUG 14736 --- [main] o.h.q.sqm.function.SqmFunctionRegistry   : Registered SqmFunctionTemplate [org.hibernate.dialect.function.array.PostgreSQLArrayFillFunction@35555145] under array_fill; prior registration was null
2024-12-19T11:11:21.882+01:00 DEBUG 14736 --- [main] o.h.q.sqm.function.SqmFunctionRegistry   : Registered SqmFunctionTemplate [org.hibernate.dialect.function.array.PostgreSQLArrayFillFunction@70bc3a9c] under array_fill_list; prior registration was null
2024-12-19T11:11:21.883+01:00 DEBUG 14736 --- [main] o.h.q.sqm.function.SqmFunctionRegistry   : Registered SqmFunctionTemplate [org.hibernate.dialect.function.array.ArrayToStringFunction@2c2e5e72] under array_to_string; prior registration was null
2024-12-19T11:11:21.883+01:00 DEBUG 14736 --- [main] o.h.q.sqm.function.SqmFunctionRegistry   : Registered SqmFunctionTemplate [NamedSqmFunctionTemplate(make_date)] under make_date; prior registration was null
2024-12-19T11:11:21.883+01:00 DEBUG 14736 --- [main] o.h.q.sqm.function.SqmFunctionRegistry   : Registered SqmFunctionTemplate [NamedSqmFunctionTemplate(make_time)] under make_time; prior registration was null
2024-12-19T11:11:21.883+01:00 DEBUG 14736 --- [main] o.h.q.sqm.function.SqmFunctionRegistry   : Registered SqmFunctionTemplate [NamedSqmFunctionTemplate(make_timestamp)] under make_timestamp; prior registration was null
2024-12-19T11:11:21.883+01:00 DEBUG 14736 --- [main] o.h.q.sqm.function.SqmFunctionRegistry   : Registered SqmFunctionTemplate [NamedSqmFunctionTemplate(make_timestamptz)] under make_timestamptz; prior registration was null
2024-12-19T11:11:21.885+01:00 DEBUG 14736 --- [main] o.h.q.sqm.function.SqmFunctionRegistry   : Registered SqmFunctionTemplate [org.hibernate.dialect.function.InverseDistributionFunction@626df173] under mode; prior registration was null
2024-12-19T11:11:21.885+01:00 DEBUG 14736 --- [main] o.h.q.sqm.function.SqmFunctionRegistry   : Registered SqmFunctionTemplate [org.hibernate.dialect.function.InverseDistributionFunction@4e030feb] under percentile_cont; prior registration was null
2024-12-19T11:11:21.885+01:00 DEBUG 14736 --- [main] o.h.q.sqm.function.SqmFunctionRegistry   : Registered SqmFunctionTemplate [org.hibernate.dialect.function.InverseDistributionFunction@2411b935] under percentile_disc; prior registration was null
2024-12-19T11:11:21.885+01:00 DEBUG 14736 --- [main] o.h.q.sqm.function.SqmFunctionRegistry   : Registered SqmFunctionTemplate [org.hibernate.dialect.function.HypotheticalSetFunction@669580e2] under rank; prior registration was null
2024-12-19T11:11:21.885+01:00 DEBUG 14736 --- [main] o.h.q.sqm.function.SqmFunctionRegistry   : Registered SqmFunctionTemplate [org.hibernate.dialect.function.HypotheticalSetFunction@5d22ed6c] under dense_rank; prior registration was null
2024-12-19T11:11:21.885+01:00 DEBUG 14736 --- [main] o.h.q.sqm.function.SqmFunctionRegistry   : Registered SqmFunctionTemplate [org.hibernate.dialect.function.HypotheticalSetFunction@37c37d67] under percent_rank; prior registration was null
2024-12-19T11:11:21.886+01:00 DEBUG 14736 --- [main] o.h.q.sqm.function.SqmFunctionRegistry   : Registered SqmFunctionTemplate [org.hibernate.dialect.function.HypotheticalSetFunction@5a4b8e25] under cume_dist; prior registration was null
2024-12-19T11:11:21.886+01:00 DEBUG 14736 --- [main] o.h.q.sqm.function.SqmFunctionRegistry   : Registered SqmFunctionTemplate [org.hibernate.dialect.function.PostgreSQLMinMaxFunction@7028b5cc] under min; prior registration was NamedSqmFunctionTemplate(min)
2024-12-19T11:11:21.886+01:00 DEBUG 14736 --- [main] o.h.q.sqm.function.SqmFunctionRegistry   : Registered SqmFunctionTemplate [org.hibernate.dialect.function.PostgreSQLMinMaxFunction@7c0ff7a0] under max; prior registration was NamedSqmFunctionTemplate(max)
2024-12-19T11:11:21.886+01:00 DEBUG 14736 --- [main] o.h.q.sqm.function.SqmFunctionRegistry   : Registered SqmFunctionTemplate [org.hibernate.query.sqm.function.PatternBasedSqmFunctionDescriptor@24c84e65] under bitxor; prior registration was org.hibernate.query.sqm.function.PatternBasedSqmFunctionDescriptor@4af0c50
2024-12-19T11:11:21.887+01:00 DEBUG 14736 --- [main] o.h.q.sqm.function.SqmFunctionRegistry   : Registered SqmFunctionTemplate [org.hibernate.dialect.function.PostgreSQLTruncRoundFunction@23e86863] under round; prior registration was NamedSqmFunctionTemplate(round)
2024-12-19T11:11:21.888+01:00 DEBUG 14736 --- [main] o.h.q.sqm.function.SqmFunctionRegistry   : Registered SqmFunctionTemplate [org.hibernate.dialect.function.PostgreSQLTruncFunction@3b42b729] under trunc; prior registration was null
2024-12-19T11:11:21.888+01:00 DEBUG 14736 --- [main] o.h.q.sqm.function.SqmFunctionRegistry   : Registering alternate key : truncate -> trunc
2024-12-19T11:11:21.888+01:00 DEBUG 14736 --- [main] o.h.q.sqm.function.SqmFunctionRegistry   : Registered SqmFunctionTemplate [org.hibernate.query.sqm.function.PatternBasedSqmFunctionDescriptor@4c164f81] under date_trunc; prior registration was null
2024-12-19T11:11:21.889+01:00 DEBUG 14736 --- [HikariPool-1 connection adder] com.zaxxer.hikari.pool.HikariPool        : HikariPool-1 - After adding stats (total=10, active=0, idle=10, waiting=0)
2024-12-19T11:11:21.890+01:00 DEBUG 14736 --- [main] org.hibernate.HQL_FUNCTIONS              : abs(NUMERIC arg)
2024-12-19T11:11:21.890+01:00 DEBUG 14736 --- [main] org.hibernate.HQL_FUNCTIONS              : Double acos(NUMERIC arg)
2024-12-19T11:11:21.890+01:00 DEBUG 14736 --- [main] org.hibernate.HQL_FUNCTIONS              : Double acosh(NUMERIC arg)
2024-12-19T11:11:21.890+01:00 DEBUG 14736 --- [main] org.hibernate.HQL_FUNCTIONS              : Boolean any(BOOLEAN predicate)
2024-12-19T11:11:21.890+01:00 DEBUG 14736 --- [main] org.hibernate.HQL_FUNCTIONS              : array( ... )
2024-12-19T11:11:21.890+01:00 DEBUG 14736 --- [main] org.hibernate.HQL_FUNCTIONS              : array_agg(arg)
2024-12-19T11:11:21.890+01:00 DEBUG 14736 --- [main] org.hibernate.HQL_FUNCTIONS              : array_append( ... )
2024-12-19T11:11:21.890+01:00 DEBUG 14736 --- [main] org.hibernate.HQL_FUNCTIONS              : array_concat( ... )
2024-12-19T11:11:21.890+01:00 DEBUG 14736 --- [main] org.hibernate.HQL_FUNCTIONS              : Boolean array_contains(ARRAY haystackArray, OBJECT needleElementOrArray)
2024-12-19T11:11:21.890+01:00 DEBUG 14736 --- [main] org.hibernate.HQL_FUNCTIONS              : Boolean array_contains_nullable(ARRAY haystackArray, OBJECT needleElementOrArray)
2024-12-19T11:11:21.890+01:00 DEBUG 14736 --- [main] org.hibernate.HQL_FUNCTIONS              : array_fill(OBJECT element, INTEGER elementCount)
2024-12-19T11:11:21.890+01:00 DEBUG 14736 --- [main] org.hibernate.HQL_FUNCTIONS              : array_fill_list(OBJECT element, INTEGER elementCount)
2024-12-19T11:11:21.890+01:00 DEBUG 14736 --- [main] org.hibernate.HQL_FUNCTIONS              : array_get(ARRAY array, INTEGER index)
2024-12-19T11:11:21.890+01:00 DEBUG 14736 --- [main] org.hibernate.HQL_FUNCTIONS              : Integer array_length(ARRAY array)
2024-12-19T11:11:21.890+01:00 DEBUG 14736 --- [main] org.hibernate.HQL_FUNCTIONS              : array_list( ... )
2024-12-19T11:11:21.890+01:00 DEBUG 14736 --- [main] org.hibernate.HQL_FUNCTIONS              : Boolean array_overlaps(ARRAY array0, OBJECT array1)
2024-12-19T11:11:21.890+01:00 DEBUG 14736 --- [main] org.hibernate.HQL_FUNCTIONS              : Boolean array_overlaps_nullable(ARRAY array0, OBJECT array1)
2024-12-19T11:11:21.890+01:00 DEBUG 14736 --- [main] org.hibernate.HQL_FUNCTIONS              : Integer array_position(ARRAY array, OBJECT element[, INTEGER startPosition])
2024-12-19T11:11:21.891+01:00 DEBUG 14736 --- [main] org.hibernate.HQL_FUNCTIONS              : int[] array_positions(ARRAY array, OBJECT element)
2024-12-19T11:11:21.891+01:00 DEBUG 14736 --- [main] org.hibernate.HQL_FUNCTIONS              : List array_positions_list(ARRAY array, OBJECT element)
2024-12-19T11:11:21.891+01:00 DEBUG 14736 --- [main] org.hibernate.HQL_FUNCTIONS              : array_prepend( ... )
2024-12-19T11:11:21.891+01:00 DEBUG 14736 --- [main] org.hibernate.HQL_FUNCTIONS              : array_remove( ... )
2024-12-19T11:11:21.891+01:00 DEBUG 14736 --- [main] org.hibernate.HQL_FUNCTIONS              : array_remove_index( ... )
2024-12-19T11:11:21.891+01:00 DEBUG 14736 --- [main] org.hibernate.HQL_FUNCTIONS              : array_replace(ARRAY array, OBJECT old, OBJECT new)
2024-12-19T11:11:21.891+01:00 DEBUG 14736 --- [main] org.hibernate.HQL_FUNCTIONS              : array_set( ... )
2024-12-19T11:11:21.891+01:00 DEBUG 14736 --- [main] org.hibernate.HQL_FUNCTIONS              : array_slice(ARRAY array, INTEGER start, INTEGER end)
2024-12-19T11:11:21.891+01:00 DEBUG 14736 --- [main] org.hibernate.HQL_FUNCTIONS              : String array_to_string( ... )
2024-12-19T11:11:21.891+01:00 DEBUG 14736 --- [main] org.hibernate.HQL_FUNCTIONS              : array_trim( ... )
2024-12-19T11:11:21.891+01:00 DEBUG 14736 --- [main] org.hibernate.HQL_FUNCTIONS              : Integer ascii(STRING arg)
2024-12-19T11:11:21.891+01:00 DEBUG 14736 --- [main] org.hibernate.HQL_FUNCTIONS              : Double asin(NUMERIC arg)
2024-12-19T11:11:21.892+01:00 DEBUG 14736 --- [main] org.hibernate.HQL_FUNCTIONS              : Double asinh(NUMERIC arg)
2024-12-19T11:11:21.892+01:00 DEBUG 14736 --- [main] org.hibernate.HQL_FUNCTIONS              : Double atan(NUMERIC arg)
2024-12-19T11:11:21.892+01:00 DEBUG 14736 --- [main] org.hibernate.HQL_FUNCTIONS              : Double atan2(NUMERIC arg0, NUMERIC arg1)
2024-12-19T11:11:21.892+01:00 DEBUG 14736 --- [main] org.hibernate.HQL_FUNCTIONS              : Double atanh(NUMERIC arg)
2024-12-19T11:11:21.892+01:00 DEBUG 14736 --- [main] org.hibernate.HQL_FUNCTIONS              : avg(arg)
2024-12-19T11:11:21.892+01:00 DEBUG 14736 --- [main] org.hibernate.HQL_FUNCTIONS              : bit_and(arg)
2024-12-19T11:11:21.892+01:00 DEBUG 14736 --- [main] org.hibernate.HQL_FUNCTIONS              : Integer bit_length(STRING_OR_CLOB arg)
2024-12-19T11:11:21.892+01:00 DEBUG 14736 --- [main] org.hibernate.HQL_FUNCTIONS              : bit_or(arg)
2024-12-19T11:11:21.892+01:00 DEBUG 14736 --- [main] org.hibernate.HQL_FUNCTIONS              : bitand(arg0, arg1)
2024-12-19T11:11:21.892+01:00 DEBUG 14736 --- [main] org.hibernate.HQL_FUNCTIONS              : bitnot(arg)
2024-12-19T11:11:21.892+01:00 DEBUG 14736 --- [main] org.hibernate.HQL_FUNCTIONS              : bitor(arg0, arg1)
2024-12-19T11:11:21.892+01:00 DEBUG 14736 --- [main] org.hibernate.HQL_FUNCTIONS              : bitxor(arg0, arg1)
2024-12-19T11:11:21.892+01:00 DEBUG 14736 --- [main] org.hibernate.HQL_FUNCTIONS              : Boolean bool_and(BOOLEAN predicate)
2024-12-19T11:11:21.892+01:00 DEBUG 14736 --- [main] org.hibernate.HQL_FUNCTIONS              : Boolean bool_or(BOOLEAN predicate)
2024-12-19T11:11:21.892+01:00 DEBUG 14736 --- [main] org.hibernate.HQL_FUNCTIONS              : cast(arg as Type)
2024-12-19T11:11:21.892+01:00 DEBUG 14736 --- [main] org.hibernate.HQL_FUNCTIONS              : Double cbrt(NUMERIC arg)
2024-12-19T11:11:21.892+01:00 DEBUG 14736 --- [main] org.hibernate.HQL_FUNCTIONS              : ceiling(NUMERIC arg)
2024-12-19T11:11:21.892+01:00 DEBUG 14736 --- [main] org.hibernate.HQL_FUNCTIONS              : Character char(INTEGER arg)
2024-12-19T11:11:21.892+01:00 DEBUG 14736 --- [main] org.hibernate.HQL_FUNCTIONS              : Integer character_length(STRING_OR_CLOB arg)
2024-12-19T11:11:21.892+01:00 DEBUG 14736 --- [main] org.hibernate.HQL_FUNCTIONS              : Character chr(INTEGER arg)
2024-12-19T11:11:21.892+01:00 DEBUG 14736 --- [main] org.hibernate.HQL_FUNCTIONS              : coalesce(arg0[, arg1[, ...]])
2024-12-19T11:11:21.892+01:00 DEBUG 14736 --- [main] org.hibernate.HQL_FUNCTIONS              : String collate(STRING string as COLLATION collation)
2024-12-19T11:11:21.892+01:00 DEBUG 14736 --- [main] org.hibernate.HQL_FUNCTIONS              : (STRING string0[, STRING string1[, ...]])
2024-12-19T11:11:21.892+01:00 DEBUG 14736 --- [main] org.hibernate.HQL_FUNCTIONS              : Double corr(NUMERIC arg0, NUMERIC arg1)
2024-12-19T11:11:21.892+01:00 DEBUG 14736 --- [main] org.hibernate.HQL_FUNCTIONS              : Double cos(NUMERIC arg)
2024-12-19T11:11:21.892+01:00 DEBUG 14736 --- [main] org.hibernate.HQL_FUNCTIONS              : Double cosh(NUMERIC arg)
2024-12-19T11:11:21.892+01:00 DEBUG 14736 --- [main] org.hibernate.HQL_FUNCTIONS              : Double cot(NUMERIC arg)
2024-12-19T11:11:21.892+01:00 DEBUG 14736 --- [main] org.hibernate.HQL_FUNCTIONS              : Long count([distinct ]{arg|*})
2024-12-19T11:11:21.892+01:00 DEBUG 14736 --- [main] org.hibernate.HQL_FUNCTIONS              : Double covar_pop(NUMERIC arg0, NUMERIC arg1)
2024-12-19T11:11:21.892+01:00 DEBUG 14736 --- [main] org.hibernate.HQL_FUNCTIONS              : Double covar_samp(NUMERIC arg0, NUMERIC arg1)
2024-12-19T11:11:21.893+01:00 DEBUG 14736 --- [main] org.hibernate.HQL_FUNCTIONS              : Double cume_dist([arg0[, ...]])
2024-12-19T11:11:21.893+01:00 DEBUG 14736 --- [main] org.hibernate.HQL_FUNCTIONS              : Date current date
2024-12-19T11:11:21.893+01:00 DEBUG 14736 --- [main] org.hibernate.HQL_FUNCTIONS              : Time current time
2024-12-19T11:11:21.893+01:00 DEBUG 14736 --- [main] org.hibernate.HQL_FUNCTIONS              : Timestamp current timestamp
2024-12-19T11:11:21.893+01:00 DEBUG 14736 --- [main] org.hibernate.HQL_FUNCTIONS              : Date current_date
2024-12-19T11:11:21.893+01:00 DEBUG 14736 --- [main] org.hibernate.HQL_FUNCTIONS              : Instant current_instant
2024-12-19T11:11:21.893+01:00 DEBUG 14736 --- [main] org.hibernate.HQL_FUNCTIONS              : Time current_time
2024-12-19T11:11:21.893+01:00 DEBUG 14736 --- [main] org.hibernate.HQL_FUNCTIONS              : Timestamp current_timestamp
2024-12-19T11:11:21.893+01:00 DEBUG 14736 --- [main] org.hibernate.HQL_FUNCTIONS              : date_trunc(STRING field, TEMPORAL datetime)
2024-12-19T11:11:21.893+01:00 DEBUG 14736 --- [main] org.hibernate.HQL_FUNCTIONS              : dateadd(TEMPORAL_UNIT field, INTEGER magnitude, TEMPORAL datetime)
2024-12-19T11:11:21.893+01:00 DEBUG 14736 --- [main] org.hibernate.HQL_FUNCTIONS              : Long|Double datediff(TEMPORAL_UNIT field, TEMPORAL start, TEMPORAL end)
2024-12-19T11:11:21.893+01:00 DEBUG 14736 --- [main] org.hibernate.HQL_FUNCTIONS              : Double degrees(NUMERIC arg)
2024-12-19T11:11:21.893+01:00 DEBUG 14736 --- [main] org.hibernate.HQL_FUNCTIONS              : Long dense_rank([arg0[, ...]])
2024-12-19T11:11:21.893+01:00 DEBUG 14736 --- [main] org.hibernate.HQL_FUNCTIONS              : Boolean every(BOOLEAN predicate)
2024-12-19T11:11:21.893+01:00 DEBUG 14736 --- [main] org.hibernate.HQL_FUNCTIONS              : Double exp(NUMERIC arg)
2024-12-19T11:11:21.893+01:00 DEBUG 14736 --- [main] org.hibernate.HQL_FUNCTIONS              : extract(TEMPORAL_UNIT field from TEMPORAL arg)
2024-12-19T11:11:21.893+01:00 DEBUG 14736 --- [main] org.hibernate.HQL_FUNCTIONS              : first_valueANY value
2024-12-19T11:11:21.893+01:00 DEBUG 14736 --- [main] org.hibernate.HQL_FUNCTIONS              : floor(NUMERIC arg)
2024-12-19T11:11:21.893+01:00 DEBUG 14736 --- [main] org.hibernate.HQL_FUNCTIONS              : String format(TEMPORAL datetime as STRING pattern)
2024-12-19T11:11:21.894+01:00 DEBUG 14736 --- [main] org.hibernate.HQL_FUNCTIONS              : greatest(COMPARABLE arg0, COMPARABLE arg1[, arg2[, ...]])
2024-12-19T11:11:21.894+01:00 DEBUG 14736 --- [main] org.hibernate.HQL_FUNCTIONS              : ifnull(arg0, arg1)
2024-12-19T11:11:21.894+01:00 DEBUG 14736 --- [main] org.hibernate.HQL_FUNCTIONS              : String initcap(arg)
2024-12-19T11:11:21.894+01:00 DEBUG 14736 --- [main] org.hibernate.HQL_FUNCTIONS              : String insert(STRING string, INTEGER start, INTEGER length, STRING replacement)
2024-12-19T11:11:21.894+01:00 DEBUG 14736 --- [main] org.hibernate.HQL_FUNCTIONS              : Instant instant
2024-12-19T11:11:21.894+01:00 DEBUG 14736 --- [main] org.hibernate.HQL_FUNCTIONS              : lagANY value[, INTEGER offset[, ANY default]]
2024-12-19T11:11:21.894+01:00 DEBUG 14736 --- [main] org.hibernate.HQL_FUNCTIONS              : last_valueANY value
2024-12-19T11:11:21.894+01:00 DEBUG 14736 --- [main] org.hibernate.HQL_FUNCTIONS              : leadANY value[, INTEGER offset[, ANY default]]
2024-12-19T11:11:21.894+01:00 DEBUG 14736 --- [main] org.hibernate.HQL_FUNCTIONS              : least(COMPARABLE arg0, COMPARABLE arg1[, arg2[, ...]])
2024-12-19T11:11:21.894+01:00 DEBUG 14736 --- [main] org.hibernate.HQL_FUNCTIONS              : String left(STRING string, INTEGER length)
2024-12-19T11:11:21.894+01:00 DEBUG 14736 --- [main] org.hibernate.HQL_FUNCTIONS              : Integer length(STRING_OR_CLOB arg)
2024-12-19T11:11:21.894+01:00 DEBUG 14736 --- [main] org.hibernate.HQL_FUNCTIONS              : String listagg(STRING arg0, STRING arg1)
2024-12-19T11:11:21.894+01:00 DEBUG 14736 --- [main] org.hibernate.HQL_FUNCTIONS              : Double ln(NUMERIC arg)
2024-12-19T11:11:21.894+01:00 DEBUG 14736 --- [main] org.hibernate.HQL_FUNCTIONS              : LocalDate local date
2024-12-19T11:11:21.894+01:00 DEBUG 14736 --- [main] org.hibernate.HQL_FUNCTIONS              : LocalDateTime local datetime
2024-12-19T11:11:21.894+01:00 DEBUG 14736 --- [main] org.hibernate.HQL_FUNCTIONS              : LocalTime local time
2024-12-19T11:11:21.894+01:00 DEBUG 14736 --- [main] org.hibernate.HQL_FUNCTIONS              : LocalDate local_date
2024-12-19T11:11:21.894+01:00 DEBUG 14736 --- [main] org.hibernate.HQL_FUNCTIONS              : LocalDateTime local_datetime
2024-12-19T11:11:21.894+01:00 DEBUG 14736 --- [main] org.hibernate.HQL_FUNCTIONS              : LocalTime local_time
2024-12-19T11:11:21.894+01:00 DEBUG 14736 --- [main] org.hibernate.HQL_FUNCTIONS              : Time localtime
2024-12-19T11:11:21.894+01:00 DEBUG 14736 --- [main] org.hibernate.HQL_FUNCTIONS              : Timestamp localtimestamp
2024-12-19T11:11:21.894+01:00 DEBUG 14736 --- [main] org.hibernate.HQL_FUNCTIONS              : Integer locate(STRING pattern, STRING string[, INTEGER start])
2024-12-19T11:11:21.894+01:00 DEBUG 14736 --- [main] org.hibernate.HQL_FUNCTIONS              : Double log(NUMERIC arg0[, NUMERIC arg1])
2024-12-19T11:11:21.894+01:00 DEBUG 14736 --- [main] org.hibernate.HQL_FUNCTIONS              : Double log10(NUMERIC arg)
2024-12-19T11:11:21.894+01:00 DEBUG 14736 --- [main] org.hibernate.HQL_FUNCTIONS              : String lower(STRING string)
2024-12-19T11:11:21.894+01:00 DEBUG 14736 --- [main] org.hibernate.HQL_FUNCTIONS              : String lpad(STRING string, INTEGER length[, STRING padding])
2024-12-19T11:11:21.894+01:00 DEBUG 14736 --- [main] org.hibernate.HQL_FUNCTIONS              : String ltrim(STRING string[, STRING characters])
2024-12-19T11:11:21.894+01:00 DEBUG 14736 --- [main] org.hibernate.HQL_FUNCTIONS              : Date make_date(INTEGER arg0, INTEGER arg1, INTEGER arg2)
2024-12-19T11:11:21.894+01:00 DEBUG 14736 --- [main] org.hibernate.HQL_FUNCTIONS              : Time make_time(INTEGER arg0, INTEGER arg1, INTEGER arg2)
2024-12-19T11:11:21.894+01:00 DEBUG 14736 --- [main] org.hibernate.HQL_FUNCTIONS              : Timestamp make_timestamp(INTEGER arg0, INTEGER arg1, INTEGER arg2, INTEGER arg3, INTEGER arg4, INTEGER arg5)
2024-12-19T11:11:21.895+01:00 DEBUG 14736 --- [main] org.hibernate.HQL_FUNCTIONS              : Timestamp make_timestamptz(INTEGER arg0, INTEGER arg1, INTEGER arg2, INTEGER arg3, INTEGER arg4, INTEGER arg5[, INTEGER arg6])
2024-12-19T11:11:21.895+01:00 DEBUG 14736 --- [main] org.hibernate.HQL_FUNCTIONS              : max(COMPARABLE arg)
2024-12-19T11:11:21.895+01:00 DEBUG 14736 --- [main] org.hibernate.HQL_FUNCTIONS              : String md5(arg)
2024-12-19T11:11:21.895+01:00 DEBUG 14736 --- [main] org.hibernate.HQL_FUNCTIONS              : Double median(NUMERIC arg)
2024-12-19T11:11:21.895+01:00 DEBUG 14736 --- [main] org.hibernate.HQL_FUNCTIONS              : min(COMPARABLE arg)
2024-12-19T11:11:21.895+01:00 DEBUG 14736 --- [main] org.hibernate.HQL_FUNCTIONS              : Integer mod(INTEGER arg0, INTEGER arg1)
2024-12-19T11:11:21.895+01:00 DEBUG 14736 --- [main] org.hibernate.HQL_FUNCTIONS              : mode()
2024-12-19T11:11:21.895+01:00 DEBUG 14736 --- [main] org.hibernate.HQL_FUNCTIONS              : nth_valueANY value, INTEGER nth
2024-12-19T11:11:21.895+01:00 DEBUG 14736 --- [main] org.hibernate.HQL_FUNCTIONS              : nullif(arg0, arg1)
2024-12-19T11:11:21.895+01:00 DEBUG 14736 --- [main] org.hibernate.HQL_FUNCTIONS              : Integer octet_length(STRING_OR_CLOB arg)
2024-12-19T11:11:21.895+01:00 DEBUG 14736 --- [main] org.hibernate.HQL_FUNCTIONS              : OffsetDateTime offset datetime
2024-12-19T11:11:21.895+01:00 DEBUG 14736 --- [main] org.hibernate.HQL_FUNCTIONS              : OffsetDateTime offset_datetime
2024-12-19T11:11:21.895+01:00 DEBUG 14736 --- [main] org.hibernate.HQL_FUNCTIONS              : String overlay(string placing replacement from start[ for length])
2024-12-19T11:11:21.895+01:00 DEBUG 14736 --- [main] org.hibernate.HQL_FUNCTIONS              : String pad(STRING string with INTEGER length {leading|trailing}[ STRING character])
2024-12-19T11:11:21.895+01:00 DEBUG 14736 --- [main] org.hibernate.HQL_FUNCTIONS              : Double percent_rank([arg0[, ...]])
2024-12-19T11:11:21.895+01:00 DEBUG 14736 --- [main] org.hibernate.HQL_FUNCTIONS              : percentile_cont(NUMERIC arg)
2024-12-19T11:11:21.895+01:00 DEBUG 14736 --- [main] org.hibernate.HQL_FUNCTIONS              : percentile_disc(NUMERIC arg)
2024-12-19T11:11:21.895+01:00 DEBUG 14736 --- [main] org.hibernate.HQL_FUNCTIONS              : Double pi
2024-12-19T11:11:21.895+01:00 DEBUG 14736 --- [main] org.hibernate.HQL_FUNCTIONS              : Integer position(STRING pattern in STRING string)
2024-12-19T11:11:21.895+01:00 DEBUG 14736 --- [main] org.hibernate.HQL_FUNCTIONS              : Double power(NUMERIC arg0, NUMERIC arg1)
2024-12-19T11:11:21.895+01:00 DEBUG 14736 --- [main] org.hibernate.HQL_FUNCTIONS              : Double radians(NUMERIC arg)
2024-12-19T11:11:21.895+01:00 DEBUG 14736 --- [main] org.hibernate.HQL_FUNCTIONS              : Long rank([arg0[, ...]])
2024-12-19T11:11:21.895+01:00 DEBUG 14736 --- [main] org.hibernate.HQL_FUNCTIONS              : Double regr_avgx(NUMERIC arg0, NUMERIC arg1)
2024-12-19T11:11:21.895+01:00 DEBUG 14736 --- [main] org.hibernate.HQL_FUNCTIONS              : Double regr_avgy(NUMERIC arg0, NUMERIC arg1)
2024-12-19T11:11:21.895+01:00 DEBUG 14736 --- [main] org.hibernate.HQL_FUNCTIONS              : Double regr_count(NUMERIC arg0, NUMERIC arg1)
2024-12-19T11:11:21.895+01:00 DEBUG 14736 --- [main] org.hibernate.HQL_FUNCTIONS              : Double regr_intercept(NUMERIC arg0, NUMERIC arg1)
2024-12-19T11:11:21.895+01:00 DEBUG 14736 --- [main] org.hibernate.HQL_FUNCTIONS              : Double regr_r2(NUMERIC arg0, NUMERIC arg1)
2024-12-19T11:11:21.895+01:00 DEBUG 14736 --- [main] org.hibernate.HQL_FUNCTIONS              : Double regr_slope(NUMERIC arg0, NUMERIC arg1)
2024-12-19T11:11:21.895+01:00 DEBUG 14736 --- [main] org.hibernate.HQL_FUNCTIONS              : Double regr_sxx(NUMERIC arg0, NUMERIC arg1)
2024-12-19T11:11:21.895+01:00 DEBUG 14736 --- [main] org.hibernate.HQL_FUNCTIONS              : Double regr_sxy(NUMERIC arg0, NUMERIC arg1)
2024-12-19T11:11:21.896+01:00 DEBUG 14736 --- [main] org.hibernate.HQL_FUNCTIONS              : Double regr_syy(NUMERIC arg0, NUMERIC arg1)
2024-12-19T11:11:21.896+01:00 DEBUG 14736 --- [main] org.hibernate.HQL_FUNCTIONS              : String repeat(STRING string, INTEGER times)
2024-12-19T11:11:21.896+01:00 DEBUG 14736 --- [main] org.hibernate.HQL_FUNCTIONS              : String replace(STRING string, STRING pattern, STRING replacement)
2024-12-19T11:11:21.896+01:00 DEBUG 14736 --- [main] org.hibernate.HQL_FUNCTIONS              : String right(STRING string, INTEGER length)
2024-12-19T11:11:21.896+01:00 DEBUG 14736 --- [main] org.hibernate.HQL_FUNCTIONS              : round(NUMERIC number[, INTEGER places])
2024-12-19T11:11:21.896+01:00 DEBUG 14736 --- [main] org.hibernate.HQL_FUNCTIONS              : Long row_number()
2024-12-19T11:11:21.896+01:00 DEBUG 14736 --- [main] org.hibernate.HQL_FUNCTIONS              : String rpad(STRING string, INTEGER length[, STRING padding])
2024-12-19T11:11:21.896+01:00 DEBUG 14736 --- [main] org.hibernate.HQL_FUNCTIONS              : String rtrim(STRING string[, STRING characters])
2024-12-19T11:11:21.896+01:00 DEBUG 14736 --- [main] org.hibernate.HQL_FUNCTIONS              : Integer sign(NUMERIC arg)
2024-12-19T11:11:21.896+01:00 DEBUG 14736 --- [main] org.hibernate.HQL_FUNCTIONS              : Double sin(NUMERIC arg)
2024-12-19T11:11:21.896+01:00 DEBUG 14736 --- [main] org.hibernate.HQL_FUNCTIONS              : Double sinh(NUMERIC arg)
2024-12-19T11:11:21.896+01:00 DEBUG 14736 --- [main] org.hibernate.HQL_FUNCTIONS              : String soundex(arg)
2024-12-19T11:11:21.896+01:00 DEBUG 14736 --- [main] org.hibernate.HQL_FUNCTIONS              : Object sql
2024-12-19T11:11:21.896+01:00 DEBUG 14736 --- [main] org.hibernate.HQL_FUNCTIONS              : Double sqrt(NUMERIC arg)
2024-12-19T11:11:21.896+01:00 DEBUG 14736 --- [main] org.hibernate.HQL_FUNCTIONS              : Double stddev(NUMERIC arg)
2024-12-19T11:11:21.896+01:00 DEBUG 14736 --- [main] org.hibernate.HQL_FUNCTIONS              : Double stddev_pop(NUMERIC arg)
2024-12-19T11:11:21.896+01:00 DEBUG 14736 --- [main] org.hibernate.HQL_FUNCTIONS              : Double stddev_samp(NUMERIC arg)
2024-12-19T11:11:21.896+01:00 DEBUG 14736 --- [main] org.hibernate.HQL_FUNCTIONS              : String str(arg)
2024-12-19T11:11:21.896+01:00 DEBUG 14736 --- [main] org.hibernate.HQL_FUNCTIONS              : String substr(STRING string, INTEGER start[, INTEGER length])
2024-12-19T11:11:21.896+01:00 DEBUG 14736 --- [main] org.hibernate.HQL_FUNCTIONS              : String substring(STRING string{ from|,} INTEGER start[{ for|,} INTEGER length])
2024-12-19T11:11:21.896+01:00 DEBUG 14736 --- [main] org.hibernate.HQL_FUNCTIONS              : sum(arg)
2024-12-19T11:11:21.896+01:00 DEBUG 14736 --- [main] org.hibernate.HQL_FUNCTIONS              : Double tan(NUMERIC arg)
2024-12-19T11:11:21.896+01:00 DEBUG 14736 --- [main] org.hibernate.HQL_FUNCTIONS              : Double tanh(NUMERIC arg)
2024-12-19T11:11:21.896+01:00 DEBUG 14736 --- [main] org.hibernate.HQL_FUNCTIONS              : timestampadd(TEMPORAL_UNIT field, INTEGER magnitude, TEMPORAL datetime)
2024-12-19T11:11:21.896+01:00 DEBUG 14736 --- [main] org.hibernate.HQL_FUNCTIONS              : Long|Double timestampdiff(TEMPORAL_UNIT field, TEMPORAL start, TEMPORAL end)
2024-12-19T11:11:21.896+01:00 DEBUG 14736 --- [main] org.hibernate.HQL_FUNCTIONS              : String to_char(ANY arg0[, STRING arg1, STRING arg2])
2024-12-19T11:11:21.896+01:00 DEBUG 14736 --- [main] org.hibernate.HQL_FUNCTIONS              : Date to_date(STRING arg0[, STRING arg1, STRING arg2])
2024-12-19T11:11:21.896+01:00 DEBUG 14736 --- [main] org.hibernate.HQL_FUNCTIONS              : Double to_number(STRING arg0[, STRING arg1, STRING arg2])
2024-12-19T11:11:21.896+01:00 DEBUG 14736 --- [main] org.hibernate.HQL_FUNCTIONS              : Timestamp to_timestamp(STRING arg0[, STRING arg1, STRING arg2])
2024-12-19T11:11:21.896+01:00 DEBUG 14736 --- [main] org.hibernate.HQL_FUNCTIONS              : String translate(STRING arg0, STRING arg1, STRING arg2)
2024-12-19T11:11:21.896+01:00 DEBUG 14736 --- [main] org.hibernate.HQL_FUNCTIONS              : String trim([[{leading|trailing|both} ][STRING arg0 ]from] STRING arg1)
2024-12-19T11:11:21.896+01:00 DEBUG 14736 --- [main] org.hibernate.HQL_FUNCTIONS              : trunc( ... )
2024-12-19T11:11:21.896+01:00 DEBUG 14736 --- [main] org.hibernate.HQL_FUNCTIONS              : truncate( ... )
2024-12-19T11:11:21.896+01:00 DEBUG 14736 --- [main] org.hibernate.HQL_FUNCTIONS              : String upper(STRING string)
2024-12-19T11:11:21.896+01:00 DEBUG 14736 --- [main] org.hibernate.HQL_FUNCTIONS              : Double var_pop(NUMERIC arg)
2024-12-19T11:11:21.896+01:00 DEBUG 14736 --- [main] org.hibernate.HQL_FUNCTIONS              : Double var_samp(NUMERIC arg)
2024-12-19T11:11:21.897+01:00 DEBUG 14736 --- [main] org.hibernate.HQL_FUNCTIONS              : Double variance(NUMERIC arg)
2024-12-19T11:11:21.901+01:00 DEBUG 14736 --- [main] org.hibernate.orm.query.plan.cache       : Starting QueryInterpretationCache(2048)
2024-12-19T11:11:21.960+01:00 DEBUG 14736 --- [main] .h.s.i.SessionFactoryServiceRegistryImpl : EventListenerRegistry access via ServiceRegistry is deprecated.  Use `sessionFactory.getEventEngine().getListenerRegistry()` instead
2024-12-19T11:11:21.961+01:00 DEBUG 14736 --- [main] h.e.i.EntityCopyObserverFactoryInitiator : Configured EntityCopyObserver strategy: disallow
2024-12-19T11:11:22.025+01:00 DEBUG 14736 --- [main] o.h.boot.internal.ClassLoaderAccessImpl  : Not known whether passed class name [at.technikumwien.paperless.rest.repository.jpa.DocumentJpa] is safe
2024-12-19T11:11:22.026+01:00 DEBUG 14736 --- [main] o.h.boot.internal.ClassLoaderAccessImpl  : No temp ClassLoader provided; using live ClassLoader for loading potentially unsafe class : at.technikumwien.paperless.rest.repository.jpa.DocumentJpa
2024-12-19T11:11:22.165+01:00 DEBUG 14736 --- [main] o.h.b.i.bytebuddy.BytecodeProviderImpl   : HHH000513: Unable to create the ReflectionOptimizer for [at.technikumwien.paperless.rest.repository.jpa.DocumentJpa]: private accessor [data]
2024-12-19T11:11:22.199+01:00 DEBUG 14736 --- [main] o.hibernate.orm.model.mapping.creation   : Starting post-init callbacks
2024-12-19T11:11:22.199+01:00 DEBUG 14736 --- [main] o.hibernate.orm.model.mapping.creation   : Starting PostInitCallbackEntry : Entity(at.technikumwien.paperless.rest.repository.jpa.DocumentJpa) `staticFetchableList` generator
2024-12-19T11:11:22.199+01:00 DEBUG 14736 --- [main] o.hibernate.orm.model.mapping.creation   : Starting PostInitCallbackEntry : Entity(at.technikumwien.paperless.rest.repository.jpa.DocumentJpa) `sqmMultiTableInsertStrategy` interpretation
2024-12-19T11:11:22.267+01:00 DEBUG 14736 --- [main] org.hibernate.orm.sql.ast.create         : Created new SQL alias : dj1_0
2024-12-19T11:11:22.269+01:00 DEBUG 14736 --- [main] org.hibernate.orm.sql.ast.create         : Registration of TableGroup [StandardTableGroup(at.technikumwien.paperless.rest.repository.jpa.DocumentJpa)] with identifierForTableGroup [at.technikumwien.paperless.rest.repository.jpa.DocumentJpa] for NavigablePath [at.technikumwien.paperless.rest.repository.jpa.DocumentJpa] 
2024-12-19T11:11:22.280+01:00 DEBUG 14736 --- [main] org.hibernate.orm.results.graph.AST      : DomainResult Graph:
 \-EntityResultImpl [at.technikumwien.paperless.rest.repository.jpa.DocumentJpa]
 |  +-BasicFetch [at.technikumwien.paperless.rest.repository.jpa.DocumentJpa.data]
 |  +-BasicFetch [at.technikumwien.paperless.rest.repository.jpa.DocumentJpa.dataString]
 |  \-BasicFetch [at.technikumwien.paperless.rest.repository.jpa.DocumentJpa.fileName]

2024-12-19T11:11:22.282+01:00 DEBUG 14736 --- [main] org.hibernate.orm.sql.ast.tree           : SQL AST Tree:
    SelectStatement {
      FromClause {
        StandardTableGroup (dj1 : at.technikumwien.paperless.rest.repository.jpa.DocumentJpa) {
          primaryTableReference : document_jpa as dj1_0
        }
      }
    }

2024-12-19T11:11:22.291+01:00 DEBUG 14736 --- [main] o.h.p.entity.AbstractEntityPersister     : Static SQL for entity: at.technikumwien.paperless.rest.repository.jpa.DocumentJpa
2024-12-19T11:11:22.291+01:00 DEBUG 14736 --- [main] o.h.p.entity.AbstractEntityPersister     :  Version select: select id from document_jpa where id=?
2024-12-19T11:11:22.291+01:00 DEBUG 14736 --- [main] o.h.p.entity.AbstractEntityPersister     :  Insert (0): insert into document_jpa (data,data_string,file_name,id) values (?,?,?,?)
2024-12-19T11:11:22.291+01:00 DEBUG 14736 --- [main] o.h.p.entity.AbstractEntityPersister     :  Update (0): update document_jpa set data=?,data_string=?,file_name=? where id=?
2024-12-19T11:11:22.291+01:00 DEBUG 14736 --- [main] o.h.p.entity.AbstractEntityPersister     :  Delete (0): delete from document_jpa where id=?
2024-12-19T11:11:22.310+01:00  INFO 14736 --- [main] o.h.e.t.j.p.i.JtaPlatformInitiator       : HHH000489: No JTA platform available (set 'hibernate.transaction.jta.platform' to enable JTA platform integration)
2024-12-19T11:11:22.311+01:00 DEBUG 14736 --- [main] o.h.type.spi.TypeConfiguration$Scope     : Scoping TypeConfiguration [org.hibernate.type.spi.TypeConfiguration@32f308c6] to SessionFactoryImplementor [org.hibernate.internal.SessionFactoryImpl@4693d24f]
2024-12-19T11:11:22.312+01:00 DEBUG 14736 --- [main] o.h.query.named.NamedObjectRepository    : Checking 0 named HQL queries
2024-12-19T11:11:22.312+01:00 DEBUG 14736 --- [main] o.h.query.named.NamedObjectRepository    : Checking 0 named SQL queries
2024-12-19T11:11:22.326+01:00 DEBUG 14736 --- [main] org.hibernate.SQL                        : drop table if exists document_jpa cascade
2024-12-19T11:11:22.329+01:00 DEBUG 14736 --- [main] org.hibernate.SQL                        : drop sequence if exists document_jpa_seq
2024-12-19T11:11:22.334+01:00 DEBUG 14736 --- [main] org.hibernate.SQL                        : create sequence document_jpa_seq start with 1 increment by 50
2024-12-19T11:11:22.339+01:00 DEBUG 14736 --- [main] org.hibernate.SQL                        : create table document_jpa (id bigint not null, data_string varchar(255), file_name varchar(255), data bytea, primary key (id))
2024-12-19T11:11:22.345+01:00 DEBUG 14736 --- [main] o.h.internal.SessionFactoryRegistry      : Initializing SessionFactoryRegistry : org.hibernate.internal.SessionFactoryRegistry@25a2f432
2024-12-19T11:11:22.345+01:00 DEBUG 14736 --- [main] o.h.internal.SessionFactoryRegistry      : Registering SessionFactory: 99424a10-32e0-4f38-b8df-f289d4dc6b91 (<unnamed>)
2024-12-19T11:11:22.345+01:00 DEBUG 14736 --- [main] o.h.internal.SessionFactoryRegistry      : Not binding SessionFactory to JNDI, no JNDI name configured
2024-12-19T11:11:22.345+01:00 DEBUG 14736 --- [main] o.hibernate.internal.SessionFactoryImpl  : Instantiated SessionFactory
2024-12-19T11:11:22.346+01:00  INFO 14736 --- [main] j.LocalContainerEntityManagerFactoryBean : Initialized JPA EntityManagerFactory for persistence unit 'default'
2024-12-19T11:11:22.350+01:00 DEBUG 14736 --- [main] o.s.b.f.s.DefaultListableBeanFactory     : Creating shared instance of singleton bean 'paperlessRestApplication'
2024-12-19T11:11:22.353+01:00 DEBUG 14736 --- [main] o.s.b.f.s.DefaultListableBeanFactory     : Creating shared instance of singleton bean 'documentController'
2024-12-19T11:11:22.356+01:00 DEBUG 14736 --- [main] o.s.b.f.s.DefaultListableBeanFactory     : Creating shared instance of singleton bean 'documentService'
2024-12-19T11:11:22.358+01:00 DEBUG 14736 --- [main] o.s.b.f.s.DefaultListableBeanFactory     : Creating shared instance of singleton bean 'documentJpaRepository'
2024-12-19T11:11:22.368+01:00 DEBUG 14736 --- [main] o.s.b.f.s.DefaultListableBeanFactory     : Creating shared instance of singleton bean 'jpa.named-queries#0'
2024-12-19T11:11:22.371+01:00 DEBUG 14736 --- [main] o.s.b.f.s.DefaultListableBeanFactory     : Creating shared instance of singleton bean 'jpa.DocumentJpaRepository.fragments#0'
2024-12-19T11:11:22.376+01:00 DEBUG 14736 --- [main] o.s.b.f.s.DefaultListableBeanFactory     : Creating shared instance of singleton bean 'jpaSharedEM_entityManagerFactory'
2024-12-19T11:11:22.407+01:00 DEBUG 14736 --- [main] o.s.b.f.s.DefaultListableBeanFactory     : Creating shared instance of singleton bean 'jpaMappingContext'
2024-12-19T11:11:22.408+01:00 DEBUG 14736 --- [main] .c.JpaMetamodelMappingContextFactoryBean : Initializing JpaMetamodelMappingContext…
2024-12-19T11:11:22.429+01:00 DEBUG 14736 --- [main] .c.JpaMetamodelMappingContextFactoryBean : Finished initializing JpaMetamodelMappingContext
2024-12-19T11:11:22.464+01:00 DEBUG 14736 --- [main] tor$SharedEntityManagerInvocationHandler : Creating new EntityManager for shared EntityManager invocation
2024-12-19T11:11:22.494+01:00 DEBUG 14736 --- [main] o.h.stat.internal.StatisticsInitiator    : Statistics initialized [enabled=false]
2024-12-19T11:11:22.500+01:00 DEBUG 14736 --- [main] tor$SharedEntityManagerInvocationHandler : Creating new EntityManager for shared EntityManager invocation
2024-12-19T11:11:22.543+01:00 DEBUG 14736 --- [main] o.s.d.r.c.s.RepositoryFactorySupport     : Initializing repository instance for at.technikumwien.paperless.rest.repository.jpa.DocumentJpaRepository…
2024-12-19T11:11:22.555+01:00 DEBUG 14736 --- [main] tor$SharedEntityManagerInvocationHandler : Creating new EntityManager for shared EntityManager invocation
2024-12-19T11:11:22.597+01:00 DEBUG 14736 --- [main] o.s.d.r.c.s.RepositoryFactorySupport     : Finished creation of repository instance for at.technikumwien.paperless.rest.repository.jpa.DocumentJpaRepository.
2024-12-19T11:11:22.604+01:00 DEBUG 14736 --- [main] o.s.b.f.s.DefaultListableBeanFactory     : Autowiring by type from bean name 'documentService' via constructor to bean named 'documentJpaRepository'
2024-12-19T11:11:22.605+01:00 DEBUG 14736 --- [main] o.s.b.f.s.DefaultListableBeanFactory     : Creating shared instance of singleton bean 'minioClient'
2024-12-19T11:11:22.605+01:00 DEBUG 14736 --- [main] o.s.b.f.s.DefaultListableBeanFactory     : Creating shared instance of singleton bean 'minioConfig'
2024-12-19T11:11:22.769+01:00 DEBUG 14736 --- [main] jdk.event.security                       : X509Certificate: Alg:SHA256withRSA, Serial:570a119742c4e3cc, Subject:CN=Actalis Authentication Root CA, O=Actalis S.p.A./03358520967, L=Milan, C=IT, Issuer:CN=Actalis Authentication Root CA, O=Actalis S.p.A./03358520967, L=Milan, C=IT, Key type:RSA, Length:4096, Cert Id:1729119956, Valid from:22.09.11, 13:22, Valid until:22.09.30, 13:22
2024-12-19T11:11:22.771+01:00 DEBUG 14736 --- [main] jdk.event.security                       : X509Certificate: Alg:SHA1withRSA, Serial:1, Subject:CN=AddTrust External CA Root, OU=AddTrust External TTP Network, O=AddTrust AB, C=SE, Issuer:CN=AddTrust External CA Root, OU=AddTrust External TTP Network, O=AddTrust AB, C=SE, Key type:RSA, Length:2048, Cert Id:3968614624, Valid from:30.05.00, 12:48, Valid until:30.05.20, 12:48
2024-12-19T11:11:22.772+01:00 DEBUG 14736 --- [main] jdk.event.security                       : X509Certificate: Alg:SHA1withRSA, Serial:1, Subject:CN=AddTrust Qualified CA Root, OU=AddTrust TTP Network, O=AddTrust AB, C=SE, Issuer:CN=AddTrust Qualified CA Root, OU=AddTrust TTP Network, O=AddTrust AB, C=SE, Key type:RSA, Length:2048, Cert Id:607365522, Valid from:30.05.00, 12:44, Valid until:30.05.20, 12:44
2024-12-19T11:11:22.773+01:00 DEBUG 14736 --- [main] jdk.event.security                       : X509Certificate: Alg:SHA256withRSA, Serial:7777062726a9b17c, Subject:CN=AffirmTrust Commercial, O=AffirmTrust, C=US, Issuer:CN=AffirmTrust Commercial, O=AffirmTrust, C=US, Key type:RSA, Length:2048, Cert Id:630485644, Valid from:29.01.10, 15:06, Valid until:31.12.30, 15:06
2024-12-19T11:11:22.774+01:00 DEBUG 14736 --- [main] jdk.event.security                       : X509Certificate: Alg:SHA1withRSA, Serial:7c4f04391cd4992d, Subject:CN=AffirmTrust Networking, O=AffirmTrust, C=US, Issuer:CN=AffirmTrust Networking, O=AffirmTrust, C=US, Key type:RSA, Length:2048, Cert Id:651670175, Valid from:29.01.10, 15:08, Valid until:31.12.30, 15:08
2024-12-19T11:11:22.775+01:00 DEBUG 14736 --- [main] jdk.event.security                       : X509Certificate: Alg:SHA384withRSA, Serial:6d8c1446b1a60aee, Subject:CN=AffirmTrust Premium, O=AffirmTrust, C=US, Issuer:CN=AffirmTrust Premium, O=AffirmTrust, C=US, Key type:RSA, Length:4096, Cert Id:2164683341, Valid from:29.01.10, 15:10, Valid until:31.12.40, 15:10
2024-12-19T11:11:22.778+01:00 DEBUG 14736 --- [main] jdk.event.security                       : X509Certificate: Alg:SHA384withECDSA, Serial:7497258ac73f7a54, Subject:CN=AffirmTrust Premium ECC, O=AffirmTrust, C=US, Issuer:CN=AffirmTrust Premium ECC, O=AffirmTrust, C=US, Key type:EC, Length:384, Cert Id:2214603510, Valid from:29.01.10, 15:20, Valid until:31.12.40, 15:20
2024-12-19T11:11:22.779+01:00 DEBUG 14736 --- [main] jdk.event.security                       : X509Certificate: Alg:SHA256withRSA, Serial:66c9fcf99bf8c0a39e2f0788a43e696365bca, Subject:CN=Amazon Root CA 1, O=Amazon, C=US, Issuer:CN=Amazon Root CA 1, O=Amazon, C=US, Key type:RSA, Length:2048, Cert Id:2822522334, Valid from:26.05.15, 02:00, Valid until:17.01.38, 01:00
2024-12-19T11:11:22.779+01:00 DEBUG 14736 --- [main] jdk.event.security                       : X509Certificate: Alg:SHA384withRSA, Serial:66c9fd29635869f0a0fe58678f85b26bb8a37, Subject:CN=Amazon Root CA 2, O=Amazon, C=US, Issuer:CN=Amazon Root CA 2, O=Amazon, C=US, Key type:RSA, Length:4096, Cert Id:2528834908, Valid from:26.05.15, 02:00, Valid until:26.05.40, 02:00
2024-12-19T11:11:22.780+01:00 DEBUG 14736 --- [main] jdk.event.security                       : X509Certificate: Alg:SHA256withECDSA, Serial:66c9fd5749736663f3b0b9ad9e89e7603f24a, Subject:CN=Amazon Root CA 3, O=Amazon, C=US, Issuer:CN=Amazon Root CA 3, O=Amazon, C=US, Key type:EC, Length:256, Cert Id:2732679773, Valid from:26.05.15, 02:00, Valid until:26.05.40, 02:00
2024-12-19T11:11:22.781+01:00 DEBUG 14736 --- [main] jdk.event.security                       : X509Certificate: Alg:SHA384withECDSA, Serial:66c9fd7c1bb104c2943e5717b7b2cc81ac10e, Subject:CN=Amazon Root CA 4, O=Amazon, C=US, Issuer:CN=Amazon Root CA 4, O=Amazon, C=US, Key type:EC, Length:384, Cert Id:2640694783, Valid from:26.05.15, 02:00, Valid until:26.05.40, 02:00
2024-12-19T11:11:22.781+01:00 DEBUG 14736 --- [main] jdk.event.security                       : X509Certificate: Alg:SHA1withRSA, Serial:20000b9, Subject:CN=Baltimore CyberTrust Root, OU=CyberTrust, O=Baltimore, C=IE, Issuer:CN=Baltimore CyberTrust Root, OU=CyberTrust, O=Baltimore, C=IE, Key type:RSA, Length:2048, Cert Id:1425294543, Valid from:12.05.00, 20:46, Valid until:13.05.25, 01:59
2024-12-19T11:11:22.782+01:00 DEBUG 14736 --- [main] jdk.event.security                       : X509Certificate: Alg:SHA256withRSA, Serial:2, Subject:CN=Buypass Class 2 Root CA, O=Buypass AS-983163327, C=NO, Issuer:CN=Buypass Class 2 Root CA, O=Buypass AS-983163327, C=NO, Key type:RSA, Length:4096, Cert Id:969960563, Valid from:26.10.10, 10:38, Valid until:26.10.40, 10:38
2024-12-19T11:11:22.783+01:00 DEBUG 14736 --- [main] jdk.event.security                       : X509Certificate: Alg:SHA256withRSA, Serial:2, Subject:CN=Buypass Class 3 Root CA, O=Buypass AS-983163327, C=NO, Issuer:CN=Buypass Class 3 Root CA, O=Buypass AS-983163327, C=NO, Key type:RSA, Length:4096, Cert Id:1264269967, Valid from:26.10.10, 10:28, Valid until:26.10.40, 10:28
2024-12-19T11:11:22.785+01:00 DEBUG 14736 --- [main] jdk.event.security                       : X509Certificate: Alg:SHA1withRSA, Serial:a3da427ea4b1aeda, Subject:CN=Chambers of Commerce Root - 2008, O=AC Camerfirma S.A., SERIALNUMBER=A82743287, L=Madrid (see current address at www.camerfirma.com/address), C=EU, Issuer:CN=Chambers of Commerce Root - 2008, O=AC Camerfirma S.A., SERIALNUMBER=A82743287, L=Madrid (see current address at www.camerfirma.com/address), C=EU, Key type:RSA, Length:4096, Cert Id:4266703372, Valid from:01.08.08, 14:29, Valid until:31.07.38, 14:29
2024-12-19T11:11:22.789+01:00 DEBUG 14736 --- [main] jdk.event.security                       : X509Certificate: Alg:SHA1withRSA, Serial:0, Subject:CN=Chambers of Commerce Root, OU=http://www.chambersign.org, O=AC Camerfirma SA CIF A82743287, C=EU, Issuer:CN=Chambers of Commerce Root, OU=http://www.chambersign.org, O=AC Camerfirma SA CIF A82743287, C=EU, Key type:RSA, Length:2048, Cert Id:1827306452, Valid from:30.09.03, 18:13, Valid until:30.09.37, 18:13
2024-12-19T11:11:22.790+01:00 DEBUG 14736 --- [main] jdk.event.security                       : X509Certificate: Alg:SHA1withRSA, Serial:c9cdd3e9d57d23ce, Subject:CN=Global Chambersign Root - 2008, O=AC Camerfirma S.A., SERIALNUMBER=A82743287, L=Madrid (see current address at www.camerfirma.com/address), C=EU, Issuer:CN=Global Chambersign Root - 2008, O=AC Camerfirma S.A., SERIALNUMBER=A82743287, L=Madrid (see current address at www.camerfirma.com/address), C=EU, Key type:RSA, Length:4096, Cert Id:1271252776, Valid from:01.08.08, 14:31, Valid until:31.07.38, 14:31
2024-12-19T11:11:22.790+01:00 DEBUG 14736 --- [main] jdk.event.security                       : X509Certificate: Alg:SHA384withECDSA, Serial:62533b1470333275cf98d9ab9bfccf8, Subject:CN=Certainly Root E1, O=Certainly, C=US, Issuer:CN=Certainly Root E1, O=Certainly, C=US, Key type:EC, Length:384, Cert Id:792571453, Valid from:01.04.21, 02:00, Valid until:01.04.46, 02:00
2024-12-19T11:11:22.791+01:00 DEBUG 14736 --- [main] jdk.event.security                       : X509Certificate: Alg:SHA256withRSA, Serial:8e0ff94b907168653354f4d44439b7e0, Subject:CN=Certainly Root R1, O=Certainly, C=US, Issuer:CN=Certainly Root R1, O=Certainly, C=US, Key type:RSA, Length:4096, Cert Id:2255958535, Valid from:01.04.21, 02:00, Valid until:01.04.46, 02:00
2024-12-19T11:11:22.792+01:00 DEBUG 14736 --- [main] jdk.event.security                       : X509Certificate: Alg:SHA1withRSA, Serial:fedce3010fc948ff, Subject:CN=Certigna, O=Dhimyotis, C=FR, Issuer:CN=Certigna, O=Dhimyotis, C=FR, Key type:RSA, Length:2048, Cert Id:3506875840, Valid from:29.06.07, 17:13, Valid until:29.06.27, 17:13
2024-12-19T11:11:22.793+01:00 DEBUG 14736 --- [main] jdk.event.security                       : X509Certificate: Alg:SHA256withRSA, Serial:cae91b89f155030da3e6416dc4e3a6e1, Subject:CN=Certigna Root CA, OU=0002 48146308100036, O=Dhimyotis, C=FR, Issuer:CN=Certigna Root CA, OU=0002 48146308100036, O=Dhimyotis, C=FR, Key type:RSA, Length:4096, Cert Id:356684591, Valid from:01.10.13, 10:32, Valid until:01.10.33, 10:32
2024-12-19T11:11:22.793+01:00 DEBUG 14736 --- [main] jdk.event.security                       : X509Certificate: Alg:SHA1withRSA, Serial:10020, Subject:CN=Certum CA, O=Unizeto Sp. z o.o., C=PL, Issuer:CN=Certum CA, O=Unizeto Sp. z o.o., C=PL, Key type:RSA, Length:2048, Cert Id:3550516030, Valid from:11.06.02, 12:46, Valid until:11.06.27, 12:46
2024-12-19T11:11:22.794+01:00 DEBUG 14736 --- [main] jdk.event.security                       : X509Certificate: Alg:SHA1withRSA, Serial:444c0, Subject:CN=Certum Trusted Network CA, OU=Certum Certification Authority, O=Unizeto Technologies S.A., C=PL, Issuer:CN=Certum Trusted Network CA, OU=Certum Certification Authority, O=Unizeto Technologies S.A., C=PL, Key type:RSA, Length:2048, Cert Id:2014002193, Valid from:22.10.08, 14:07, Valid until:31.12.29, 13:07
2024-12-19T11:11:22.795+01:00 DEBUG 14736 --- [main] jdk.event.security                       : X509Certificate: Alg:SHA1withRSA, Serial:15c8bd65475cafb897005ee406d2bc9d, Subject:OU=ePKI Root Certification Authority, O="Chunghwa Telecom Co., Ltd.", C=TW, Issuer:OU=ePKI Root Certification Authority, O="Chunghwa Telecom Co., Ltd.", C=TW, Key type:RSA, Length:4096, Cert Id:3632331159, Valid from:20.12.04, 03:31, Valid until:20.12.34, 03:31
2024-12-19T11:11:22.795+01:00 DEBUG 14736 --- [main] jdk.event.security                       : X509Certificate: Alg:SHA1withRSA, Serial:1, Subject:CN=AAA Certificate Services, O=Comodo CA Limited, L=Salford, ST=Greater Manchester, C=GB, Issuer:CN=AAA Certificate Services, O=Comodo CA Limited, L=Salford, ST=Greater Manchester, C=GB, Key type:RSA, Length:2048, Cert Id:3097386402, Valid from:01.01.04, 01:00, Valid until:01.01.29, 00:59
2024-12-19T11:11:22.796+01:00 DEBUG 14736 --- [main] jdk.event.security                       : X509Certificate: Alg:SHA384withECDSA, Serial:1f47afaa62007050544c019e9b63992a, Subject:CN=COMODO ECC Certification Authority, O=COMODO CA Limited, L=Salford, ST=Greater Manchester, C=GB, Issuer:CN=COMODO ECC Certification Authority, O=COMODO CA Limited, L=Salford, ST=Greater Manchester, C=GB, Key type:EC, Length:384, Cert Id:1146488932, Valid from:06.03.08, 01:00, Valid until:19.01.38, 00:59
2024-12-19T11:11:22.796+01:00 DEBUG 14736 --- [main] jdk.event.security                       : X509Certificate: Alg:SHA384withRSA, Serial:4caaf9cadb636fe01ff74ed85b03869d, Subject:CN=COMODO RSA Certification Authority, O=COMODO CA Limited, L=Salford, ST=Greater Manchester, C=GB, Issuer:CN=COMODO RSA Certification Authority, O=COMODO CA Limited, L=Salford, ST=Greater Manchester, C=GB, Key type:RSA, Length:4096, Cert Id:1769425049, Valid from:19.01.10, 01:00, Valid until:19.01.38, 00:59
2024-12-19T11:11:22.797+01:00 DEBUG 14736 --- [main] jdk.event.security                       : X509Certificate: Alg:SHA256withRSA, Serial:b931c3ad63967ea6723bfc3af9af44b, Subject:CN=DigiCert Assured ID Root G2, OU=www.digicert.com, O=DigiCert Inc, C=US, Issuer:CN=DigiCert Assured ID Root G2, OU=www.digicert.com, O=DigiCert Inc, C=US, Key type:RSA, Length:2048, Cert Id:3909568913, Valid from:01.08.13, 14:00, Valid until:15.01.38, 13:00
2024-12-19T11:11:22.797+01:00 DEBUG 14736 --- [main] jdk.event.security                       : X509Certificate: Alg:SHA384withECDSA, Serial:ba15afa1ddfa0b54944afcd24a06cec, Subject:CN=DigiCert Assured ID Root G3, OU=www.digicert.com, O=DigiCert Inc, C=US, Issuer:CN=DigiCert Assured ID Root G3, OU=www.digicert.com, O=DigiCert Inc, C=US, Key type:EC, Length:384, Cert Id:3649430051, Valid from:01.08.13, 14:00, Valid until:15.01.38, 13:00
2024-12-19T11:11:22.798+01:00 DEBUG 14736 --- [main] jdk.event.security                       : X509Certificate: Alg:SHA1withRSA, Serial:ce7e0e517d846fe8fe560fc1bf03039, Subject:CN=DigiCert Assured ID Root CA, OU=www.digicert.com, O=DigiCert Inc, C=US, Issuer:CN=DigiCert Assured ID Root CA, OU=www.digicert.com, O=DigiCert Inc, C=US, Key type:RSA, Length:2048, Cert Id:3434562768, Valid from:10.11.06, 01:00, Valid until:10.11.31, 01:00
2024-12-19T11:11:22.799+01:00 DEBUG 14736 --- [main] jdk.event.security                       : X509Certificate: Alg:SHA384withECDSA, Serial:3698fe712d519f3ced0fdb7b1643011, Subject:CN=DigiCert CS ECC P384 Root G5, O="DigiCert, Inc.", C=US, Issuer:CN=DigiCert CS ECC P384 Root G5, O="DigiCert, Inc.", C=US, Key type:EC, Length:384, Cert Id:381797637, Valid from:15.01.21, 01:00, Valid until:15.01.46, 00:59
2024-12-19T11:11:22.799+01:00 DEBUG 14736 --- [main] jdk.event.security                       : X509Certificate: Alg:SHA384withRSA, Serial:6cee131be6d55c807f7c0c7fb44e620, Subject:CN=DigiCert CS RSA4096 Root G5, O="DigiCert, Inc.", C=US, Issuer:CN=DigiCert CS RSA4096 Root G5, O="DigiCert, Inc.", C=US, Key type:RSA, Length:4096, Cert Id:1193514382, Valid from:15.01.21, 01:00, Valid until:15.01.46, 00:59
2024-12-19T11:11:22.800+01:00 DEBUG 14736 --- [main] jdk.event.security                       : X509Certificate: Alg:SHA1withRSA, Serial:83be056904246b1a1756ac95991c74a, Subject:CN=DigiCert Global Root CA, OU=www.digicert.com, O=DigiCert Inc, C=US, Issuer:CN=DigiCert Global Root CA, OU=www.digicert.com, O=DigiCert Inc, C=US, Key type:RSA, Length:2048, Cert Id:1341898239, Valid from:10.11.06, 01:00, Valid until:10.11.31, 01:00
2024-12-19T11:11:22.800+01:00 DEBUG 14736 --- [main] jdk.event.security                       : X509Certificate: Alg:SHA256withRSA, Serial:33af1e6a711a9a0bb2864b11d09fae5, Subject:CN=DigiCert Global Root G2, OU=www.digicert.com, O=DigiCert Inc, C=US, Issuer:CN=DigiCert Global Root G2, OU=www.digicert.com, O=DigiCert Inc, C=US, Key type:RSA, Length:2048, Cert Id:1136084297, Valid from:01.08.13, 14:00, Valid until:15.01.38, 13:00
2024-12-19T11:11:22.801+01:00 DEBUG 14736 --- [main] jdk.event.security                       : X509Certificate: Alg:SHA384withECDSA, Serial:55556bcf25ea43535c3a40fd5ab4572, Subject:CN=DigiCert Global Root G3, OU=www.digicert.com, O=DigiCert Inc, C=US, Issuer:CN=DigiCert Global Root G3, OU=www.digicert.com, O=DigiCert Inc, C=US, Key type:EC, Length:384, Cert Id:3498998753, Valid from:01.08.13, 14:00, Valid until:15.01.38, 13:00
2024-12-19T11:11:22.802+01:00 DEBUG 14736 --- [main] jdk.event.security                       : X509Certificate: Alg:SHA1withRSA, Serial:2ac5c266a0b409b8f0b79f2ae462577, Subject:CN=DigiCert High Assurance EV Root CA, OU=www.digicert.com, O=DigiCert Inc, C=US, Issuer:CN=DigiCert High Assurance EV Root CA, OU=www.digicert.com, O=DigiCert Inc, C=US, Key type:RSA, Length:2048, Cert Id:2884286942, Valid from:10.11.06, 01:00, Valid until:10.11.31, 01:00
2024-12-19T11:11:22.802+01:00 DEBUG 14736 --- [main] jdk.event.security                       : X509Certificate: Alg:SHA384withECDSA, Serial:9e09365acf7d9c8b93e1c0b042a2ef3, Subject:CN=DigiCert TLS ECC P384 Root G5, O="DigiCert, Inc.", C=US, Issuer:CN=DigiCert TLS ECC P384 Root G5, O="DigiCert, Inc.", C=US, Key type:EC, Length:384, Cert Id:3940772018, Valid from:15.01.21, 01:00, Valid until:15.01.46, 00:59
2024-12-19T11:11:22.803+01:00 DEBUG 14736 --- [main] jdk.event.security                       : X509Certificate: Alg:SHA384withRSA, Serial:8f9b478a8fa7eda6a333789de7ccf8a, Subject:CN=DigiCert TLS RSA4096 Root G5, O="DigiCert, Inc.", C=US, Issuer:CN=DigiCert TLS RSA4096 Root G5, O="DigiCert, Inc.", C=US, Key type:RSA, Length:4096, Cert Id:165956757, Valid from:15.01.21, 01:00, Valid until:15.01.46, 00:59
2024-12-19T11:11:22.804+01:00 DEBUG 14736 --- [main] jdk.event.security                       : X509Certificate: Alg:SHA384withRSA, Serial:59b1b579e8e2132e23907bda777755c, Subject:CN=DigiCert Trusted Root G4, OU=www.digicert.com, O=DigiCert Inc, C=US, Issuer:CN=DigiCert Trusted Root G4, OU=www.digicert.com, O=DigiCert Inc, C=US, Key type:RSA, Length:4096, Cert Id:1057369358, Valid from:01.08.13, 14:00, Valid until:15.01.38, 13:00
2024-12-19T11:11:22.804+01:00 DEBUG 14736 --- [main] jdk.event.security                       : X509Certificate: Alg:SHA256withRSA, Serial:983f3, Subject:CN=D-TRUST Root Class 3 CA 2 2009, O=D-Trust GmbH, C=DE, Issuer:CN=D-TRUST Root Class 3 CA 2 2009, O=D-Trust GmbH, C=DE, Key type:RSA, Length:2048, Cert Id:1430153102, Valid from:05.11.09, 09:35, Valid until:05.11.29, 09:35
2024-12-19T11:11:22.805+01:00 DEBUG 14736 --- [main] jdk.event.security                       : X509Certificate: Alg:SHA256withRSA, Serial:983f4, Subject:CN=D-TRUST Root Class 3 CA 2 EV 2009, O=D-Trust GmbH, C=DE, Issuer:CN=D-TRUST Root Class 3 CA 2 EV 2009, O=D-Trust GmbH, C=DE, Key type:RSA, Length:2048, Cert Id:971313728, Valid from:05.11.09, 09:50, Valid until:05.11.29, 09:50
2024-12-19T11:11:22.805+01:00 DEBUG 14736 --- [main] jdk.event.security                       : X509Certificate: Alg:SHA384withECDSA, Serial:3cf607a968700eda8b84, Subject:CN=emSign ECC Root CA - G3, O=eMudhra Technologies Limited, OU=emSign PKI, C=IN, Issuer:CN=emSign ECC Root CA - G3, O=eMudhra Technologies Limited, OU=emSign PKI, C=IN, Key type:EC, Length:384, Cert Id:3832035707, Valid from:18.02.18, 19:30, Valid until:18.02.43, 19:30
2024-12-19T11:11:22.806+01:00 DEBUG 14736 --- [main] jdk.event.security                       : X509Certificate: Alg:SHA256withRSA, Serial:31f5e4620c6c58edd6d8, Subject:CN=emSign Root CA - G1, O=eMudhra Technologies Limited, OU=emSign PKI, C=IN, Issuer:CN=emSign Root CA - G1, O=eMudhra Technologies Limited, OU=emSign PKI, C=IN, Key type:RSA, Length:2048, Cert Id:392709196, Valid from:18.02.18, 19:30, Valid until:18.02.43, 19:30
2024-12-19T11:11:22.806+01:00 DEBUG 14736 --- [main] jdk.event.security                       : X509Certificate: Alg:SHA384withRSA, Serial:864dbf0fe35ed77d8ed8, Subject:CN=emSign Root CA - G2, O=eMudhra Technologies Limited, OU=emSign PKI, C=IN, Issuer:CN=emSign Root CA - G2, O=eMudhra Technologies Limited, OU=emSign PKI, C=IN, Key type:RSA, Length:4096, Cert Id:3373940126, Valid from:18.02.18, 19:30, Valid until:18.02.43, 19:30
2024-12-19T11:11:22.807+01:00 DEBUG 14736 --- [main] jdk.event.security                       : X509Certificate: Alg:SHA1withRSA, Serial:3863def8, Subject:CN=Entrust.net Certification Authority (2048), OU=(c) 1999 Entrust.net Limited, OU=www.entrust.net/CPS_2048 incorp. by ref. (limits liab.), O=Entrust.net, Issuer:CN=Entrust.net Certification Authority (2048), OU=(c) 1999 Entrust.net Limited, OU=www.entrust.net/CPS_2048 incorp. by ref. (limits liab.), O=Entrust.net, Key type:RSA, Length:2048, Cert Id:3966431214, Valid from:24.12.99, 18:50, Valid until:24.07.29, 16:15
2024-12-19T11:11:22.808+01:00 DEBUG 14736 --- [main] jdk.event.security                       : X509Certificate: Alg:SHA1withRSA, Serial:456b5054, Subject:CN=Entrust Root Certification Authority, OU="(c) 2006 Entrust, Inc.", OU=www.entrust.net/CPS is incorporated by reference, O="Entrust, Inc.", C=US, Issuer:CN=Entrust Root Certification Authority, OU="(c) 2006 Entrust, Inc.", OU=www.entrust.net/CPS is incorporated by reference, O="Entrust, Inc.", C=US, Key type:RSA, Length:2048, Cert Id:3033563200, Valid from:27.11.06, 21:23, Valid until:27.11.26, 21:53
2024-12-19T11:11:22.809+01:00 DEBUG 14736 --- [main] jdk.event.security                       : X509Certificate: Alg:SHA384withECDSA, Serial:a68b79290000000050d091f9, Subject:CN=Entrust Root Certification Authority - EC1, OU="(c) 2012 Entrust, Inc. - for authorized use only", OU=See www.entrust.net/legal-terms, O="Entrust, Inc.", C=US, Issuer:CN=Entrust Root Certification Authority - EC1, OU="(c) 2012 Entrust, Inc. - for authorized use only", OU=See www.entrust.net/legal-terms, O="Entrust, Inc.", C=US, Key type:EC, Length:384, Cert Id:924514073, Valid from:18.12.12, 16:25, Valid until:18.12.37, 16:55
2024-12-19T11:11:22.810+01:00 DEBUG 14736 --- [main] jdk.event.security                       : X509Certificate: Alg:SHA256withRSA, Serial:4a538c28, Subject:CN=Entrust Root Certification Authority - G2, OU="(c) 2009 Entrust, Inc. - for authorized use only", OU=See www.entrust.net/legal-terms, O="Entrust, Inc.", C=US, Issuer:CN=Entrust Root Certification Authority - G2, OU="(c) 2009 Entrust, Inc. - for authorized use only", OU=See www.entrust.net/legal-terms, O="Entrust, Inc.", C=US, Key type:RSA, Length:2048, Cert Id:1936920337, Valid from:07.07.09, 19:25, Valid until:07.12.30, 18:55
2024-12-19T11:11:22.810+01:00 DEBUG 14736 --- [main] jdk.event.security                       : X509Certificate: Alg:SHA256withRSA, Serial:d9b5437fafa9390f000000005565ad58, Subject:CN=Entrust Root Certification Authority - G4, OU="(c) 2015 Entrust, Inc. - for authorized use only", OU=See www.entrust.net/legal-terms, O="Entrust, Inc.", C=US, Issuer:CN=Entrust Root Certification Authority - G4, OU="(c) 2015 Entrust, Inc. - for authorized use only", OU=See www.entrust.net/legal-terms, O="Entrust, Inc.", C=US, Key type:RSA, Length:4096, Cert Id:1368037548, Valid from:27.05.15, 13:11, Valid until:27.12.37, 12:41
2024-12-19T11:11:22.811+01:00 DEBUG 14736 --- [main] jdk.event.security                       : X509Certificate: Alg:SHA1withRSA, Serial:23456, Subject:CN=GeoTrust Global CA, O=GeoTrust Inc., C=US, Issuer:CN=GeoTrust Global CA, O=GeoTrust Inc., C=US, Key type:RSA, Length:2048, Cert Id:2266349922, Valid from:21.05.02, 06:00, Valid until:21.05.22, 06:00
2024-12-19T11:11:22.811+01:00 DEBUG 14736 --- [main] jdk.event.security                       : X509Certificate: Alg:SHA1withRSA, Serial:18acb56afd69b6153a636cafdafac4a1, Subject:CN=GeoTrust Primary Certification Authority, O=GeoTrust Inc., C=US, Issuer:CN=GeoTrust Primary Certification Authority, O=GeoTrust Inc., C=US, Key type:RSA, Length:2048, Cert Id:3329622139, Valid from:27.11.06, 01:00, Valid until:17.07.36, 01:59
2024-12-19T11:11:22.812+01:00 DEBUG 14736 --- [main] jdk.event.security                       : X509Certificate: Alg:SHA384withECDSA, Serial:3cb2f4480a00e2feeb243b5e603ec36b, Subject:CN=GeoTrust Primary Certification Authority - G2, OU=(c) 2007 GeoTrust Inc. - For authorized use only, O=GeoTrust Inc., C=US, Issuer:CN=GeoTrust Primary Certification Authority - G2, OU=(c) 2007 GeoTrust Inc. - For authorized use only, O=GeoTrust Inc., C=US, Key type:EC, Length:384, Cert Id:3180663474, Valid from:05.11.07, 01:00, Valid until:19.01.38, 00:59
2024-12-19T11:11:22.812+01:00 DEBUG 14736 --- [main] jdk.event.security                       : X509Certificate: Alg:SHA256withRSA, Serial:15ac6e9419b2794b41f627a9c3180f1f, Subject:CN=GeoTrust Primary Certification Authority - G3, OU=(c) 2008 GeoTrust Inc. - For authorized use only, O=GeoTrust Inc., C=US, Issuer:CN=GeoTrust Primary Certification Authority - G3, OU=(c) 2008 GeoTrust Inc. - For authorized use only, O=GeoTrust Inc., C=US, Key type:RSA, Length:2048, Cert Id:2964813538, Valid from:02.04.08, 02:00, Valid until:02.12.37, 00:59
2024-12-19T11:11:22.812+01:00 DEBUG 14736 --- [main] jdk.event.security                       : X509Certificate: Alg:SHA1withRSA, Serial:1, Subject:CN=GeoTrust Universal CA, O=GeoTrust Inc., C=US, Issuer:CN=GeoTrust Universal CA, O=GeoTrust Inc., C=US, Key type:RSA, Length:4096, Cert Id:313566089, Valid from:04.03.04, 06:00, Valid until:04.03.29, 06:00
2024-12-19T11:11:22.813+01:00 DEBUG 14736 --- [main] jdk.event.security                       : X509Certificate: Alg:SHA1withRSA, Serial:40000000001154b5ac394, Subject:CN=GlobalSign Root CA, OU=Root CA, O=GlobalSign nv-sa, C=BE, Issuer:CN=GlobalSign Root CA, OU=Root CA, O=GlobalSign nv-sa, C=BE, Key type:RSA, Length:2048, Cert Id:536948034, Valid from:01.09.98, 14:00, Valid until:28.01.28, 13:00
2024-12-19T11:11:22.813+01:00 DEBUG 14736 --- [main] jdk.event.security                       : X509Certificate: Alg:SHA384withECDSA, Serial:11d2bbba336ed4bce62468c50d841d98e843, Subject:CN=GlobalSign Root E46, O=GlobalSign nv-sa, C=BE, Issuer:CN=GlobalSign Root E46, O=GlobalSign nv-sa, C=BE, Key type:EC, Length:384, Cert Id:3405603905, Valid from:20.03.19, 01:00, Valid until:20.03.46, 01:00
2024-12-19T11:11:22.814+01:00 DEBUG 14736 --- [main] jdk.event.security                       : X509Certificate: Alg:SHA256withECDSA, Serial:2a38a41c960a04de42b228a50be8349802, Subject:CN=GlobalSign, O=GlobalSign, OU=GlobalSign ECC Root CA - R4, Issuer:CN=GlobalSign, O=GlobalSign, OU=GlobalSign ECC Root CA - R4, Key type:EC, Length:256, Cert Id:2371693751, Valid from:13.11.12, 01:00, Valid until:19.01.38, 04:14
2024-12-19T11:11:22.815+01:00 DEBUG 14736 --- [main] jdk.event.security                       : X509Certificate: Alg:SHA384withECDSA, Serial:605949e0262ebb55f90a778a71f94ad86c, Subject:CN=GlobalSign, O=GlobalSign, OU=GlobalSign ECC Root CA - R5, Issuer:CN=GlobalSign, O=GlobalSign, OU=GlobalSign ECC Root CA - R5, Key type:EC, Length:384, Cert Id:1997048439, Valid from:13.11.12, 01:00, Valid until:19.01.38, 04:14
2024-12-19T11:11:22.815+01:00 DEBUG 14736 --- [main] jdk.event.security                       : X509Certificate: Alg:SHA256withRSA, Serial:4000000000121585308a2, Subject:CN=GlobalSign, O=GlobalSign, OU=GlobalSign Root CA - R3, Issuer:CN=GlobalSign, O=GlobalSign, OU=GlobalSign Root CA - R3, Key type:RSA, Length:2048, Cert Id:733875591, Valid from:18.03.09, 11:00, Valid until:18.03.29, 11:00
2024-12-19T11:11:22.816+01:00 DEBUG 14736 --- [main] jdk.event.security                       : X509Certificate: Alg:SHA384withRSA, Serial:11d2bbb9d723189e405f0a9d2dd0df2567d1, Subject:CN=GlobalSign Root R46, O=GlobalSign nv-sa, C=BE, Issuer:CN=GlobalSign Root R46, O=GlobalSign nv-sa, C=BE, Key type:RSA, Length:4096, Cert Id:1275948927, Valid from:20.03.19, 01:00, Valid until:20.03.46, 01:00
2024-12-19T11:11:22.816+01:00 DEBUG 14736 --- [main] jdk.event.security                       : X509Certificate: Alg:SHA384withRSA, Serial:45e6bb038333c3856548e6ff4551, Subject:CN=GlobalSign, O=GlobalSign, OU=GlobalSign Root CA - R6, Issuer:CN=GlobalSign, O=GlobalSign, OU=GlobalSign Root CA - R6, Key type:RSA, Length:4096, Cert Id:3788339543, Valid from:10.12.14, 01:00, Valid until:10.12.34, 01:00
2024-12-19T11:11:22.817+01:00 DEBUG 14736 --- [main] jdk.event.security                       : X509Certificate: Alg:SHA1withRSA, Serial:0, Subject:OU=Go Daddy Class 2 Certification Authority, O="The Go Daddy Group, Inc.", C=US, Issuer:OU=Go Daddy Class 2 Certification Authority, O="The Go Daddy Group, Inc.", C=US, Key type:RSA, Length:2048, Cert Id:4023522997, Valid from:29.06.04, 19:06, Valid until:29.06.34, 19:06
2024-12-19T11:11:22.817+01:00 DEBUG 14736 --- [main] jdk.event.security                       : X509Certificate: Alg:SHA256withRSA, Serial:0, Subject:CN=Go Daddy Root Certificate Authority - G2, O="GoDaddy.com, Inc.", L=Scottsdale, ST=Arizona, C=US, Issuer:CN=Go Daddy Root Certificate Authority - G2, O="GoDaddy.com, Inc.", L=Scottsdale, ST=Arizona, C=US, Key type:RSA, Length:2048, Cert Id:439600313, Valid from:01.09.09, 02:00, Valid until:01.01.38, 00:59
2024-12-19T11:11:22.818+01:00 DEBUG 14736 --- [main] jdk.event.security                       : X509Certificate: Alg:SHA384withRSA, Serial:203e5936f31b01349886ba217, Subject:CN=GTS Root R1, O=Google Trust Services LLC, C=US, Issuer:CN=GTS Root R1, O=Google Trust Services LLC, C=US, Key type:RSA, Length:4096, Cert Id:657172038, Valid from:22.06.16, 02:00, Valid until:22.06.36, 02:00
2024-12-19T11:11:22.818+01:00 DEBUG 14736 --- [main] jdk.event.security                       : X509Certificate: Alg:SHA384withRSA, Serial:203e5aec58d04251aab1125aa, Subject:CN=GTS Root R2, O=Google Trust Services LLC, C=US, Issuer:CN=GTS Root R2, O=Google Trust Services LLC, C=US, Key type:RSA, Length:4096, Cert Id:948387669, Valid from:22.06.16, 02:00, Valid until:22.06.36, 02:00
2024-12-19T11:11:22.819+01:00 DEBUG 14736 --- [main] jdk.event.security                       : X509Certificate: Alg:SHA384withECDSA, Serial:203e5b882eb20f825276d3d66, Subject:CN=GTS Root R3, O=Google Trust Services LLC, C=US, Issuer:CN=GTS Root R3, O=Google Trust Services LLC, C=US, Key type:EC, Length:384, Cert Id:1163081155, Valid from:22.06.16, 02:00, Valid until:22.06.36, 02:00
2024-12-19T11:11:22.819+01:00 DEBUG 14736 --- [main] jdk.event.security                       : X509Certificate: Alg:SHA384withECDSA, Serial:203e5c068ef631a9c72905052, Subject:CN=GTS Root R4, O=Google Trust Services LLC, C=US, Issuer:CN=GTS Root R4, O=Google Trust Services LLC, C=US, Key type:EC, Length:384, Cert Id:1326433111, Valid from:22.06.16, 02:00, Valid until:22.06.36, 02:00
2024-12-19T11:11:22.820+01:00 DEBUG 14736 --- [main] jdk.event.security                       : X509Certificate: Alg:SHA256withECDSA, Serial:0, Subject:CN=Hellenic Academic and Research Institutions ECC RootCA 2015, O=Hellenic Academic and Research Institutions Cert. Authority, L=Athens, C=GR, Issuer:CN=Hellenic Academic and Research Institutions ECC RootCA 2015, O=Hellenic Academic and Research Institutions Cert. Authority, L=Athens, C=GR, Key type:EC, Length:384, Cert Id:513613456, Valid from:07.07.15, 12:37, Valid until:30.06.40, 12:37
2024-12-19T11:11:22.820+01:00 DEBUG 14736 --- [main] jdk.event.security                       : X509Certificate: Alg:SHA256withRSA, Serial:0, Subject:CN=Hellenic Academic and Research Institutions RootCA 2015, O=Hellenic Academic and Research Institutions Cert. Authority, L=Athens, C=GR, Issuer:CN=Hellenic Academic and Research Institutions RootCA 2015, O=Hellenic Academic and Research Institutions Cert. Authority, L=Athens, C=GR, Key type:RSA, Length:4096, Cert Id:3491990565, Valid from:07.07.15, 12:11, Valid until:30.06.40, 12:11
2024-12-19T11:11:22.820+01:00 DEBUG 14736 --- [main] jdk.event.security                       : X509Certificate: Alg:SHA256withRSA, Serial:a0142800000014523c844b500000002, Subject:CN=IdenTrust Commercial Root CA 1, O=IdenTrust, C=US, Issuer:CN=IdenTrust Commercial Root CA 1, O=IdenTrust, C=US, Key type:RSA, Length:4096, Cert Id:1232565210, Valid from:16.01.14, 19:12, Valid until:16.01.34, 19:12
2024-12-19T11:11:22.821+01:00 DEBUG 14736 --- [main] jdk.event.security                       : X509Certificate: Alg:SHA256withRSA, Serial:a0142800000014523cf467c00000002, Subject:CN=IdenTrust Public Sector Root CA 1, O=IdenTrust, C=US, Issuer:CN=IdenTrust Public Sector Root CA 1, O=IdenTrust, C=US, Key type:RSA, Length:4096, Cert Id:2123370772, Valid from:16.01.14, 18:53, Valid until:16.01.34, 18:53
2024-12-19T11:11:22.821+01:00 DEBUG 14736 --- [main] jdk.event.security                       : X509Certificate: Alg:SHA256withRSA, Serial:8210cfb0d240e3594463e0bb63828b00, Subject:CN=ISRG Root X1, O=Internet Security Research Group, C=US, Issuer:CN=ISRG Root X1, O=Internet Security Research Group, C=US, Key type:RSA, Length:4096, Cert Id:1521974916, Valid from:04.06.15, 13:04, Valid until:04.06.35, 13:04
2024-12-19T11:11:22.822+01:00 DEBUG 14736 --- [main] jdk.event.security                       : X509Certificate: Alg:SHA384withECDSA, Serial:41d29dd172eaeea780c12c6ce92f8752, Subject:CN=ISRG Root X2, O=Internet Security Research Group, C=US, Issuer:CN=ISRG Root X2, O=Internet Security Research Group, C=US, Key type:EC, Length:384, Cert Id:3398642244, Valid from:04.09.20, 02:00, Valid until:17.09.40, 18:00
2024-12-19T11:11:22.822+01:00 DEBUG 14736 --- [main] jdk.event.security                       : X509Certificate: Alg:SHA256withRSA, Serial:a7ea6df4b449eda6a24859ee6b815d3167fbbb1, Subject:CN=LuxTrust Global Root 2, O=LuxTrust S.A., C=LU, Issuer:CN=LuxTrust Global Root 2, O=LuxTrust S.A., C=LU, Key type:RSA, Length:4096, Cert Id:3055636602, Valid from:05.03.15, 14:21, Valid until:05.03.35, 14:21
2024-12-19T11:11:22.823+01:00 DEBUG 14736 --- [main] jdk.event.security                       : X509Certificate: Alg:SHA256withRSA, Serial:bb8, Subject:CN=LuxTrust Global Root, O=LuxTrust s.a., C=LU, Issuer:CN=LuxTrust Global Root, O=LuxTrust s.a., C=LU, Key type:RSA, Length:2048, Cert Id:1714819687, Valid from:17.03.11, 10:51, Valid until:17.03.21, 10:51
2024-12-19T11:11:22.823+01:00 DEBUG 14736 --- [main] jdk.event.security                       : X509Certificate: Alg:SHA384withECDSA, Serial:66f23daf87de8bb14aea0c573101c2ec, Subject:CN=Microsoft ECC Root Certificate Authority 2017, O=Microsoft Corporation, C=US, Issuer:CN=Microsoft ECC Root Certificate Authority 2017, O=Microsoft Corporation, C=US, Key type:EC, Length:384, Cert Id:3240761285, Valid from:19.12.19, 00:06, Valid until:19.07.42, 01:16
2024-12-19T11:11:22.824+01:00 DEBUG 14736 --- [main] jdk.event.security                       : X509Certificate: Alg:SHA384withRSA, Serial:1ed397095fd8b4b347701eaabe7f45b3, Subject:CN=Microsoft RSA Root Certificate Authority 2017, O=Microsoft Corporation, C=US, Issuer:CN=Microsoft RSA Root Certificate Authority 2017, O=Microsoft Corporation, C=US, Key type:RSA, Length:4096, Cert Id:2848349048, Valid from:18.12.19, 23:51, Valid until:19.07.42, 01:00
2024-12-19T11:11:22.825+01:00 DEBUG 14736 --- [main] jdk.event.security                       : X509Certificate: Alg:SHA1withRSA, Serial:3ab6508b, Subject:CN=QuoVadis Root Certification Authority, OU=Root Certification Authority, O=QuoVadis Limited, C=BM, Issuer:CN=QuoVadis Root Certification Authority, OU=Root Certification Authority, O=QuoVadis Limited, C=BM, Key type:RSA, Length:2048, Cert Id:2412561694, Valid from:19.03.01, 19:33, Valid until:17.03.21, 19:33
2024-12-19T11:11:22.826+01:00 DEBUG 14736 --- [main] jdk.event.security                       : X509Certificate: Alg:SHA256withRSA, Serial:78585f2ead2c194be3370735341328b596d46593, Subject:CN=QuoVadis Root CA 1 G3, O=QuoVadis Limited, C=BM, Issuer:CN=QuoVadis Root CA 1 G3, O=QuoVadis Limited, C=BM, Key type:RSA, Length:4096, Cert Id:3532531262, Valid from:12.01.12, 18:27, Valid until:12.01.42, 18:27
2024-12-19T11:11:22.826+01:00 DEBUG 14736 --- [main] jdk.event.security                       : X509Certificate: Alg:SHA1withRSA, Serial:509, Subject:CN=QuoVadis Root CA 2, O=QuoVadis Limited, C=BM, Issuer:CN=QuoVadis Root CA 2, O=QuoVadis Limited, C=BM, Key type:RSA, Length:4096, Cert Id:338250116, Valid from:24.11.06, 19:27, Valid until:24.11.31, 19:23
2024-12-19T11:11:22.826+01:00 DEBUG 14736 --- [main] jdk.event.security                       : X509Certificate: Alg:SHA256withRSA, Serial:445734245b81899b35f2ceb82b3b5ba726f07528, Subject:CN=QuoVadis Root CA 2 G3, O=QuoVadis Limited, C=BM, Issuer:CN=QuoVadis Root CA 2 G3, O=QuoVadis Limited, C=BM, Key type:RSA, Length:4096, Cert Id:696763521, Valid from:12.01.12, 19:59, Valid until:12.01.42, 19:59
2024-12-19T11:11:22.827+01:00 DEBUG 14736 --- [main] jdk.event.security                       : X509Certificate: Alg:SHA1withRSA, Serial:5c6, Subject:CN=QuoVadis Root CA 3, O=QuoVadis Limited, C=BM, Issuer:CN=QuoVadis Root CA 3, O=QuoVadis Limited, C=BM, Key type:RSA, Length:4096, Cert Id:1470392860, Valid from:24.11.06, 20:11, Valid until:24.11.31, 20:06
2024-12-19T11:11:22.827+01:00 DEBUG 14736 --- [main] jdk.event.security                       : X509Certificate: Alg:SHA256withRSA, Serial:2ef59b0228a7db7affd5a3a9eebd03a0cf126a1d, Subject:CN=QuoVadis Root CA 3 G3, O=QuoVadis Limited, C=BM, Issuer:CN=QuoVadis Root CA 3 G3, O=QuoVadis Limited, C=BM, Key type:RSA, Length:4096, Cert Id:3589344305, Valid from:12.01.12, 21:26, Valid until:12.01.42, 21:26
2024-12-19T11:11:22.828+01:00 DEBUG 14736 --- [main] jdk.event.security                       : X509Certificate: Alg:SHA256withRSA, Serial:0, Subject:OU=Security Communication RootCA2, O="SECOM Trust Systems CO.,LTD.", C=JP, Issuer:OU=Security Communication RootCA2, O="SECOM Trust Systems CO.,LTD.", C=JP, Key type:RSA, Length:2048, Cert Id:1521072570, Valid from:29.05.09, 07:00, Valid until:29.05.29, 07:00
2024-12-19T11:11:22.828+01:00 DEBUG 14736 --- [main] jdk.event.security                       : X509Certificate: Alg:SHA1withRSA, Serial:cf08e5c0816a5ad427ff0eb271859d0, Subject:CN=SecureTrust CA, O=SecureTrust Corporation, C=US, Issuer:CN=SecureTrust CA, O=SecureTrust Corporation, C=US, Key type:RSA, Length:2048, Cert Id:2034155325, Valid from:07.11.06, 20:31, Valid until:31.12.29, 20:40
2024-12-19T11:11:22.829+01:00 DEBUG 14736 --- [main] jdk.event.security                       : X509Certificate: Alg:SHA256withECDSA, Serial:75e6dfcbc1685ba8, Subject:CN=SSL.com Root Certification Authority ECC, O=SSL Corporation, L=Houston, ST=Texas, C=US, Issuer:CN=SSL.com Root Certification Authority ECC, O=SSL Corporation, L=Houston, ST=Texas, C=US, Key type:EC, Length:384, Cert Id:2926673683, Valid from:12.02.16, 19:14, Valid until:12.02.41, 19:14
2024-12-19T11:11:22.829+01:00 DEBUG 14736 --- [main] jdk.event.security                       : X509Certificate: Alg:SHA256withRSA, Serial:56b629cd34bc78f6, Subject:CN=SSL.com EV Root Certification Authority RSA R2, O=SSL Corporation, L=Houston, ST=Texas, C=US, Issuer:CN=SSL.com EV Root Certification Authority RSA R2, O=SSL Corporation, L=Houston, ST=Texas, C=US, Key type:RSA, Length:4096, Cert Id:1381862403, Valid from:31.05.17, 20:14, Valid until:30.05.42, 20:14
2024-12-19T11:11:22.830+01:00 DEBUG 14736 --- [main] jdk.event.security                       : X509Certificate: Alg:SHA256withRSA, Serial:7b2c9bd316803299, Subject:CN=SSL.com Root Certification Authority RSA, O=SSL Corporation, L=Houston, ST=Texas, C=US, Issuer:CN=SSL.com Root Certification Authority RSA, O=SSL Corporation, L=Houston, ST=Texas, C=US, Key type:RSA, Length:4096, Cert Id:156725711, Valid from:12.02.16, 18:39, Valid until:12.02.41, 18:39
2024-12-19T11:11:22.830+01:00 DEBUG 14736 --- [main] jdk.event.security                       : X509Certificate: Alg:SHA1withRSA, Serial:0, Subject:OU=Starfield Class 2 Certification Authority, O="Starfield Technologies, Inc.", C=US, Issuer:OU=Starfield Class 2 Certification Authority, O="Starfield Technologies, Inc.", C=US, Key type:RSA, Length:2048, Cert Id:1825617644, Valid from:29.06.04, 19:39, Valid until:29.06.34, 19:39
2024-12-19T11:11:22.831+01:00 DEBUG 14736 --- [main] jdk.event.security                       : X509Certificate: Alg:SHA256withRSA, Serial:0, Subject:CN=Starfield Root Certificate Authority - G2, O="Starfield Technologies, Inc.", L=Scottsdale, ST=Arizona, C=US, Issuer:CN=Starfield Root Certificate Authority - G2, O="Starfield Technologies, Inc.", L=Scottsdale, ST=Arizona, C=US, Key type:RSA, Length:2048, Cert Id:3268325709, Valid from:01.09.09, 02:00, Valid until:01.01.38, 00:59
2024-12-19T11:11:22.832+01:00 DEBUG 14736 --- [main] jdk.event.security                       : X509Certificate: Alg:SHA256withRSA, Serial:0, Subject:CN=Starfield Services Root Certificate Authority - G2, O="Starfield Technologies, Inc.", L=Scottsdale, ST=Arizona, C=US, Issuer:CN=Starfield Services Root Certificate Authority - G2, O="Starfield Technologies, Inc.", L=Scottsdale, ST=Arizona, C=US, Key type:RSA, Length:2048, Cert Id:1964785574, Valid from:01.09.09, 02:00, Valid until:01.01.38, 00:59
2024-12-19T11:11:22.832+01:00 DEBUG 14736 --- [main] jdk.event.security                       : X509Certificate: Alg:SHA1withRSA, Serial:bb401c43f55e4fb0, Subject:CN=SwissSign Gold CA - G2, O=SwissSign AG, C=CH, Issuer:CN=SwissSign Gold CA - G2, O=SwissSign AG, C=CH, Key type:RSA, Length:4096, Cert Id:1516221943, Valid from:25.10.06, 10:30, Valid until:25.10.36, 10:30
2024-12-19T11:11:22.833+01:00 DEBUG 14736 --- [main] jdk.event.security                       : X509Certificate: Alg:SHA1withRSA, Serial:4eb200670c035d4f, Subject:CN=SwissSign Platinum CA - G2, O=SwissSign AG, C=CH, Issuer:CN=SwissSign Platinum CA - G2, O=SwissSign AG, C=CH, Key type:RSA, Length:4096, Cert Id:771312514, Valid from:25.10.06, 10:36, Valid until:25.10.36, 10:36
2024-12-19T11:11:22.833+01:00 DEBUG 14736 --- [main] jdk.event.security                       : X509Certificate: Alg:SHA1withRSA, Serial:4f1bd42f54bb2f4b, Subject:CN=SwissSign Silver CA - G2, O=SwissSign AG, C=CH, Issuer:CN=SwissSign Silver CA - G2, O=SwissSign AG, C=CH, Key type:RSA, Length:4096, Cert Id:126726124, Valid from:25.10.06, 10:32, Valid until:25.10.36, 10:32
2024-12-19T11:11:22.834+01:00 DEBUG 14736 --- [main] jdk.event.security                       : X509Certificate: Alg:SHA256withRSA, Serial:1675f27d6fe7ae3e4acbe095b059e, Subject:CN=Telia Root CA v2, O=Telia Finland Oyj, C=FI, Issuer:CN=Telia Root CA v2, O=Telia Finland Oyj, C=FI, Key type:RSA, Length:4096, Cert Id:3473063976, Valid from:29.11.18, 12:55, Valid until:29.11.43, 12:55
2024-12-19T11:11:22.834+01:00 DEBUG 14736 --- [main] jdk.event.security                       : X509Certificate: Alg:SHA1withRSA, Serial:95be16a0f72e46f17b398272fa8bcd96, Subject:CN=TeliaSonera Root CA v1, O=TeliaSonera, Issuer:CN=TeliaSonera Root CA v1, O=TeliaSonera, Key type:RSA, Length:4096, Cert Id:1495358374, Valid from:18.10.07, 14:00, Valid until:18.10.32, 14:00
2024-12-19T11:11:22.834+01:00 DEBUG 14736 --- [main] jdk.event.security                       : X509Certificate: Alg:SHA1withRSA, Serial:344ed55720d5edec49f42fce37db2b6d, Subject:CN=thawte Primary Root CA, OU="(c) 2006 thawte, Inc. - For authorized use only", OU=Certification Services Division, O="thawte, Inc.", C=US, Issuer:CN=thawte Primary Root CA, OU="(c) 2006 thawte, Inc. - For authorized use only", OU=Certification Services Division, O="thawte, Inc.", C=US, Key type:RSA, Length:2048, Cert Id:643000026, Valid from:17.11.06, 01:00, Valid until:17.07.36, 01:59
2024-12-19T11:11:22.835+01:00 DEBUG 14736 --- [main] jdk.event.security                       : X509Certificate: Alg:SHA384withECDSA, Serial:35fc265cd9844fc93d263d579baed756, Subject:CN=thawte Primary Root CA - G2, OU="(c) 2007 thawte, Inc. - For authorized use only", O="thawte, Inc.", C=US, Issuer:CN=thawte Primary Root CA - G2, OU="(c) 2007 thawte, Inc. - For authorized use only", O="thawte, Inc.", C=US, Key type:EC, Length:384, Cert Id:2068083090, Valid from:05.11.07, 01:00, Valid until:19.01.38, 00:59
2024-12-19T11:11:22.835+01:00 DEBUG 14736 --- [main] jdk.event.security                       : X509Certificate: Alg:SHA256withRSA, Serial:600197b746a7eab4b49ad64b2ff790fb, Subject:CN=thawte Primary Root CA - G3, OU="(c) 2008 thawte, Inc. - For authorized use only", OU=Certification Services Division, O="thawte, Inc.", C=US, Issuer:CN=thawte Primary Root CA - G3, OU="(c) 2008 thawte, Inc. - For authorized use only", OU=Certification Services Division, O="thawte, Inc.", C=US, Key type:RSA, Length:2048, Cert Id:1032730720, Valid from:02.04.08, 02:00, Valid until:02.12.37, 00:59
2024-12-19T11:11:22.836+01:00 DEBUG 14736 --- [main] jdk.event.security                       : X509Certificate: Alg:SHA256withRSA, Serial:1, Subject:CN=T-TeleSec GlobalRoot Class 2, OU=T-Systems Trust Center, O=T-Systems Enterprise Services GmbH, C=DE, Issuer:CN=T-TeleSec GlobalRoot Class 2, OU=T-Systems Trust Center, O=T-Systems Enterprise Services GmbH, C=DE, Key type:RSA, Length:2048, Cert Id:3056503257, Valid from:01.10.08, 12:40, Valid until:02.10.33, 01:59
2024-12-19T11:11:22.836+01:00 DEBUG 14736 --- [main] jdk.event.security                       : X509Certificate: Alg:SHA256withRSA, Serial:1, Subject:CN=T-TeleSec GlobalRoot Class 3, OU=T-Systems Trust Center, O=T-Systems Enterprise Services GmbH, C=DE, Issuer:CN=T-TeleSec GlobalRoot Class 3, OU=T-Systems Trust Center, O=T-Systems Enterprise Services GmbH, C=DE, Key type:RSA, Length:2048, Cert Id:1894096264, Valid from:01.10.08, 12:29, Valid until:02.10.33, 01:59
2024-12-19T11:11:22.836+01:00 DEBUG 14736 --- [main] jdk.event.security                       : X509Certificate: Alg:SHA256withRSA, Serial:cbe, Subject:CN=TWCA Global Root CA, OU=Root CA, O=TAIWAN-CA, C=TW, Issuer:CN=TWCA Global Root CA, OU=Root CA, O=TAIWAN-CA, C=TW, Key type:RSA, Length:4096, Cert Id:861175838, Valid from:27.06.12, 08:28, Valid until:31.12.30, 16:59
2024-12-19T11:11:22.837+01:00 DEBUG 14736 --- [main] jdk.event.security                       : X509Certificate: Alg:SHA384withECDSA, Serial:5c8b99c55a94c5d27156decd8980cc26, Subject:CN=USERTrust ECC Certification Authority, O=The USERTRUST Network, L=Jersey City, ST=New Jersey, C=US, Issuer:CN=USERTrust ECC Certification Authority, O=The USERTRUST Network, L=Jersey City, ST=New Jersey, C=US, Key type:EC, Length:384, Cert Id:3329287386, Valid from:01.02.10, 01:00, Valid until:19.01.38, 00:59
2024-12-19T11:11:22.837+01:00 DEBUG 14736 --- [main] jdk.event.security                       : X509Certificate: Alg:SHA384withRSA, Serial:1fd6d30fca3ca51a81bbc640e35032d, Subject:CN=USERTrust RSA Certification Authority, O=The USERTRUST Network, L=Jersey City, ST=New Jersey, C=US, Issuer:CN=USERTrust RSA Certification Authority, O=The USERTRUST Network, L=Jersey City, ST=New Jersey, C=US, Key type:RSA, Length:4096, Cert Id:3947601401, Valid from:01.02.10, 01:00, Valid until:19.01.38, 00:59
2024-12-19T11:11:22.838+01:00 DEBUG 14736 --- [main] jdk.event.security                       : X509Certificate: Alg:SHA1withRSA, Serial:44be0c8b500024b411d3362de0b35f1b, Subject:CN=UTN-USERFirst-Object, OU=http://www.usertrust.com, O=The USERTRUST Network, L=Salt Lake City, ST=UT, C=US, Issuer:CN=UTN-USERFirst-Object, OU=http://www.usertrust.com, O=The USERTRUST Network, L=Salt Lake City, ST=UT, C=US, Key type:RSA, Length:2048, Cert Id:3997913868, Valid from:09.07.99, 20:31, Valid until:09.07.19, 20:40
2024-12-19T11:11:22.838+01:00 DEBUG 14736 --- [main] jdk.event.security                       : X509Certificate: Alg:SHA1withRSA, Serial:9b7e0649a33e62b9d5ee90487129ef57, Subject:CN=VeriSign Class 3 Public Primary Certification Authority - G3, OU="(c) 1999 VeriSign, Inc. - For authorized use only", OU=VeriSign Trust Network, O="VeriSign, Inc.", C=US, Issuer:CN=VeriSign Class 3 Public Primary Certification Authority - G3, OU="(c) 1999 VeriSign, Inc. - For authorized use only", OU=VeriSign Trust Network, O="VeriSign, Inc.", C=US, Key type:RSA, Length:2048, Cert Id:2057300190, Valid from:01.10.99, 02:00, Valid until:17.07.36, 01:59
2024-12-19T11:11:22.839+01:00 DEBUG 14736 --- [main] jdk.event.security                       : X509Certificate: Alg:SHA384withECDSA, Serial:2f80fe238c0e220f486712289187acb3, Subject:CN=VeriSign Class 3 Public Primary Certification Authority - G4, OU="(c) 2007 VeriSign, Inc. - For authorized use only", OU=VeriSign Trust Network, O="VeriSign, Inc.", C=US, Issuer:CN=VeriSign Class 3 Public Primary Certification Authority - G4, OU="(c) 2007 VeriSign, Inc. - For authorized use only", OU=VeriSign Trust Network, O="VeriSign, Inc.", C=US, Key type:EC, Length:384, Cert Id:4163473319, Valid from:05.11.07, 01:00, Valid until:19.01.38, 00:59
2024-12-19T11:11:22.839+01:00 DEBUG 14736 --- [main] jdk.event.security                       : X509Certificate: Alg:SHA1withRSA, Serial:18dad19e267de8bb4a2158cdcc6b3b4a, Subject:CN=VeriSign Class 3 Public Primary Certification Authority - G5, OU="(c) 2006 VeriSign, Inc. - For authorized use only", OU=VeriSign Trust Network, O="VeriSign, Inc.", C=US, Issuer:CN=VeriSign Class 3 Public Primary Certification Authority - G5, OU="(c) 2006 VeriSign, Inc. - For authorized use only", OU=VeriSign Trust Network, O="VeriSign, Inc.", C=US, Key type:RSA, Length:2048, Cert Id:303010488, Valid from:08.11.06, 01:00, Valid until:17.07.36, 01:59
2024-12-19T11:11:22.840+01:00 DEBUG 14736 --- [main] jdk.event.security                       : X509Certificate: Alg:SHA256withRSA, Serial:401ac46421b31321030ebbe4121ac51d, Subject:CN=VeriSign Universal Root Certification Authority, OU="(c) 2008 VeriSign, Inc. - For authorized use only", OU=VeriSign Trust Network, O="VeriSign, Inc.", C=US, Issuer:CN=VeriSign Universal Root Certification Authority, OU="(c) 2008 VeriSign, Inc. - For authorized use only", OU=VeriSign Trust Network, O="VeriSign, Inc.", C=US, Key type:RSA, Length:2048, Cert Id:2318285810, Valid from:02.04.08, 02:00, Valid until:02.12.37, 00:59
2024-12-19T11:11:22.840+01:00 DEBUG 14736 --- [main] jdk.event.security                       : X509Certificate: Alg:SHA1withRSA, Serial:50946cec18ead59c4dd597ef758fa0ad, Subject:CN=XRamp Global Certification Authority, O=XRamp Security Services Inc, OU=www.xrampsecurity.com, C=US, Issuer:CN=XRamp Global Certification Authority, O=XRamp Security Services Inc, OU=www.xrampsecurity.com, C=US, Key type:RSA, Length:2048, Cert Id:3342493210, Valid from:01.11.04, 18:14, Valid until:01.01.35, 06:37
2024-12-19T11:11:22.920+01:00 DEBUG 14736 --- [main] o.s.b.f.s.DefaultListableBeanFactory     : Creating shared instance of singleton bean 'rabbitMqService'
2024-12-19T11:11:22.921+01:00 DEBUG 14736 --- [main] o.s.b.f.s.DefaultListableBeanFactory     : Creating shared instance of singleton bean 'rabbitTemplate'
2024-12-19T11:11:22.921+01:00 DEBUG 14736 --- [main] o.s.b.f.s.DefaultListableBeanFactory     : Creating shared instance of singleton bean 'org.springframework.boot.autoconfigure.amqp.RabbitAutoConfiguration$RabbitTemplateConfiguration'
2024-12-19T11:11:22.922+01:00 DEBUG 14736 --- [main] o.s.b.f.s.DefaultListableBeanFactory     : Creating shared instance of singleton bean 'rabbitTemplateConfigurer'
2024-12-19T11:11:22.923+01:00 DEBUG 14736 --- [main] o.s.b.f.s.DefaultListableBeanFactory     : Creating shared instance of singleton bean 'spring.rabbitmq-org.springframework.boot.autoconfigure.amqp.RabbitProperties'
2024-12-19T11:11:22.932+01:00 DEBUG 14736 --- [main] o.s.b.f.s.DefaultListableBeanFactory     : Autowiring by type from bean name 'rabbitTemplateConfigurer' via factory method to bean named 'spring.rabbitmq-org.springframework.boot.autoconfigure.amqp.RabbitProperties'
2024-12-19T11:11:22.934+01:00 DEBUG 14736 --- [main] o.s.b.f.s.DefaultListableBeanFactory     : Creating shared instance of singleton bean 'rabbitConnectionFactory'
2024-12-19T11:11:22.934+01:00 DEBUG 14736 --- [main] o.s.b.f.s.DefaultListableBeanFactory     : Creating shared instance of singleton bean 'org.springframework.boot.autoconfigure.amqp.RabbitAutoConfiguration$RabbitConnectionFactoryCreator'
2024-12-19T11:11:22.934+01:00 DEBUG 14736 --- [main] o.s.b.f.s.DefaultListableBeanFactory     : Autowiring by type from bean name 'org.springframework.boot.autoconfigure.amqp.RabbitAutoConfiguration$RabbitConnectionFactoryCreator' via constructor to bean named 'spring.rabbitmq-org.springframework.boot.autoconfigure.amqp.RabbitProperties'
2024-12-19T11:11:22.935+01:00 DEBUG 14736 --- [main] o.s.b.f.s.DefaultListableBeanFactory     : Creating shared instance of singleton bean 'rabbitConnectionFactoryBeanConfigurer'
2024-12-19T11:11:22.936+01:00 DEBUG 14736 --- [main] o.s.b.f.s.DefaultListableBeanFactory     : Creating shared instance of singleton bean 'rabbitConnectionDetails'
2024-12-19T11:11:22.937+01:00 DEBUG 14736 --- [main] o.s.b.f.s.DefaultListableBeanFactory     : Autowiring by type from bean name 'rabbitConnectionFactoryBeanConfigurer' via factory method to bean named 'org.springframework.web.context.support.GenericWebApplicationContext@66eb985d'
2024-12-19T11:11:22.937+01:00 DEBUG 14736 --- [main] o.s.b.f.s.DefaultListableBeanFactory     : Autowiring by type from bean name 'rabbitConnectionFactoryBeanConfigurer' via factory method to bean named 'rabbitConnectionDetails'
2024-12-19T11:11:22.938+01:00 DEBUG 14736 --- [main] o.s.b.f.s.DefaultListableBeanFactory     : Creating shared instance of singleton bean 'sslBundleRegistry'
2024-12-19T11:11:22.938+01:00 DEBUG 14736 --- [main] o.s.b.f.s.DefaultListableBeanFactory     : Creating shared instance of singleton bean 'org.springframework.boot.autoconfigure.ssl.SslAutoConfiguration'
2024-12-19T11:11:22.938+01:00 DEBUG 14736 --- [main] o.s.b.f.s.DefaultListableBeanFactory     : Creating shared instance of singleton bean 'spring.ssl-org.springframework.boot.autoconfigure.ssl.SslProperties'
2024-12-19T11:11:22.940+01:00 DEBUG 14736 --- [main] o.s.b.f.s.DefaultListableBeanFactory     : Autowiring by type from bean name 'org.springframework.boot.autoconfigure.ssl.SslAutoConfiguration' via constructor to bean named 'spring.ssl-org.springframework.boot.autoconfigure.ssl.SslProperties'
2024-12-19T11:11:22.942+01:00 DEBUG 14736 --- [main] o.s.b.f.s.DefaultListableBeanFactory     : Creating shared instance of singleton bean 'sslPropertiesSslBundleRegistrar'
2024-12-19T11:11:22.942+01:00 DEBUG 14736 --- [main] o.s.b.f.s.DefaultListableBeanFactory     : Creating shared instance of singleton bean 'fileWatcher'
2024-12-19T11:11:22.943+01:00 DEBUG 14736 --- [main] o.s.b.f.s.DefaultListableBeanFactory     : Autowiring by type from bean name 'sslPropertiesSslBundleRegistrar' via factory method to bean named 'fileWatcher'
2024-12-19T11:11:22.948+01:00 DEBUG 14736 --- [main] o.s.b.f.s.DefaultListableBeanFactory     : Creating shared instance of singleton bean 'rabbitConnectionFactoryConfigurer'
2024-12-19T11:11:22.949+01:00 DEBUG 14736 --- [main] o.s.b.f.s.DefaultListableBeanFactory     : Autowiring by type from bean name 'rabbitConnectionFactoryConfigurer' via factory method to bean named 'rabbitConnectionDetails'
2024-12-19T11:11:22.950+01:00 DEBUG 14736 --- [main] o.s.b.f.s.DefaultListableBeanFactory     : Autowiring by type from bean name 'rabbitConnectionFactory' via factory method to bean named 'rabbitConnectionFactoryBeanConfigurer'
2024-12-19T11:11:22.950+01:00 DEBUG 14736 --- [main] o.s.b.f.s.DefaultListableBeanFactory     : Autowiring by type from bean name 'rabbitConnectionFactory' via factory method to bean named 'rabbitConnectionFactoryConfigurer'
2024-12-19T11:11:23.054+01:00 DEBUG 14736 --- [main] o.s.b.f.s.DefaultListableBeanFactory     : Autowiring by type from bean name 'rabbitTemplate' via factory method to bean named 'rabbitTemplateConfigurer'
2024-12-19T11:11:23.054+01:00 DEBUG 14736 --- [main] o.s.b.f.s.DefaultListableBeanFactory     : Autowiring by type from bean name 'rabbitTemplate' via factory method to bean named 'rabbitConnectionFactory'
2024-12-19T11:11:23.089+01:00 DEBUG 14736 --- [main] o.s.b.f.s.DefaultListableBeanFactory     : Autowiring by type from bean name 'rabbitMqService' via constructor to bean named 'rabbitTemplate'
2024-12-19T11:11:23.089+01:00 DEBUG 14736 --- [main] o.s.b.f.s.DefaultListableBeanFactory     : Autowiring by type from bean name 'documentController' via constructor to bean named 'documentService'
2024-12-19T11:11:23.089+01:00 DEBUG 14736 --- [main] o.s.b.f.s.DefaultListableBeanFactory     : Autowiring by type from bean name 'documentController' via constructor to bean named 'rabbitMqService'
2024-12-19T11:11:23.090+01:00 DEBUG 14736 --- [main] o.s.b.f.s.DefaultListableBeanFactory     : Creating shared instance of singleton bean 'rabbitMqConfig'
2024-12-19T11:11:23.090+01:00 DEBUG 14736 --- [main] o.s.b.f.s.DefaultListableBeanFactory     : Creating shared instance of singleton bean 'ocrQueue'
2024-12-19T11:11:23.091+01:00 DEBUG 14736 --- [main] o.s.b.f.s.DefaultListableBeanFactory     : Creating shared instance of singleton bean 'resultQueue'
2024-12-19T11:11:23.092+01:00 DEBUG 14736 --- [main] o.s.b.f.s.DefaultListableBeanFactory     : Creating shared instance of singleton bean 'org.springframework.data.jpa.util.JpaMetamodelCacheCleanup'
2024-12-19T11:11:23.093+01:00 DEBUG 14736 --- [main] o.s.b.f.s.DefaultListableBeanFactory     : Creating shared instance of singleton bean 'org.springframework.data.jpa.repository.support.JpaEvaluationContextExtension'
2024-12-19T11:11:23.094+01:00 DEBUG 14736 --- [main] o.s.b.f.s.DefaultListableBeanFactory     : Creating shared instance of singleton bean 'data-jpa.repository-aot-processor#0'
2024-12-19T11:11:23.100+01:00 DEBUG 14736 --- [main] o.s.b.f.s.DefaultListableBeanFactory     : Creating shared instance of singleton bean 'org.springframework.boot.autoconfigure.context.PropertyPlaceholderAutoConfiguration'
2024-12-19T11:11:23.101+01:00 DEBUG 14736 --- [main] o.s.b.f.s.DefaultListableBeanFactory     : Creating shared instance of singleton bean 'org.springframework.boot.context.properties.EnableConfigurationPropertiesRegistrar.methodValidationExcludeFilter'
2024-12-19T11:11:23.102+01:00 DEBUG 14736 --- [main] o.s.b.f.s.DefaultListableBeanFactory     : Creating shared instance of singleton bean 'org.springframework.boot.autoconfigure.websocket.servlet.WebSocketServletAutoConfiguration$TomcatWebSocketConfiguration'
2024-12-19T11:11:23.102+01:00 DEBUG 14736 --- [main] o.s.b.f.s.DefaultListableBeanFactory     : Creating shared instance of singleton bean 'websocketServletWebServerCustomizer'
2024-12-19T11:11:23.105+01:00 DEBUG 14736 --- [main] o.s.b.f.s.DefaultListableBeanFactory     : Creating shared instance of singleton bean 'org.springframework.boot.autoconfigure.websocket.servlet.WebSocketServletAutoConfiguration'
2024-12-19T11:11:23.105+01:00 DEBUG 14736 --- [main] o.s.b.f.s.DefaultListableBeanFactory     : Creating shared instance of singleton bean 'org.springframework.boot.autoconfigure.web.servlet.ServletWebServerFactoryConfiguration$EmbeddedTomcat'
2024-12-19T11:11:23.105+01:00 DEBUG 14736 --- [main] o.s.b.f.s.DefaultListableBeanFactory     : Creating shared instance of singleton bean 'tomcatServletWebServerFactory'
2024-12-19T11:11:23.129+01:00 DEBUG 14736 --- [main] o.a.catalina.core.AprLifecycleListener   : The Apache Tomcat Native library could not be found using names [tcnative-2, libtcnative-2, tcnative-1, libtcnative-1] on the java.library.path [C:\Program Files\Java\jdk-21\bin;C:\Windows\Sun\Java\bin;C:\Windows\system32;C:\Windows;C:\Program Files\Common Files\Oracle\Java\javapath;C:\Program Files (x86)\Common Files\Oracle\Java\java8path;C:\Program Files (x86)\Common Files\Oracle\Java\javapath;C:\Program Files\Apache\apache-maven-3.9.9\bin;C:\Windows\System32\WindowsPowerShell\v1.0;C:\Program Files\Git\cmd;C:\Program Files (x86)\Windows Kits\10\Windows Performance Toolkit\;C:\Program Files\Docker\Docker\resources\bin;C:\Program Files\GitExtensions\;C:\Program Files\dotnet\;C:\Users\Martin\AppData\Local\Programs\Python\Launcher\;C:\Users\Martin\AppData\Local\Microsoft\WindowsApps;C:\Users\Martin\AppData\Local\Programs\Microsoft VS Code\bin;C:\Users\Martin\AppData\Local\GitHubDesktop\bin;C:\Users\Martin\AppData\Local\gitkraken\bin;C:\Users\Martin\.dotnet\tools;.]. The errors reported were [Can't load library: C:\Users\Martin\Documents\FH Technikum\WS2024\SWKOM\Paperless\PaperlessRest\bin\tcnative-2.dll, Can't load library: C:\Users\Martin\Documents\FH Technikum\WS2024\SWKOM\Paperless\PaperlessRest\bin\libtcnative-2.dll, Can't load library: C:\Users\Martin\Documents\FH Technikum\WS2024\SWKOM\Paperless\PaperlessRest\bin\tcnative-1.dll, Can't load library: C:\Users\Martin\Documents\FH Technikum\WS2024\SWKOM\Paperless\PaperlessRest\bin\libtcnative-1.dll, no tcnative-2 in java.library.path: C:\Program Files\Java\jdk-21\bin;C:\Windows\Sun\Java\bin;C:\Windows\system32;C:\Windows;C:\Program Files\Common Files\Oracle\Java\javapath;C:\Program Files (x86)\Common Files\Oracle\Java\java8path;C:\Program Files (x86)\Common Files\Oracle\Java\javapath;C:\Program Files\Apache\apache-maven-3.9.9\bin;C:\Windows\System32\WindowsPowerShell\v1.0;C:\Program Files\Git\cmd;C:\Program Files (x86)\Windows Kits\10\Windows Performance Toolkit\;C:\Program Files\Docker\Docker\resources\bin;C:\Program Files\GitExtensions\;C:\Program Files\dotnet\;C:\Users\Martin\AppData\Local\Programs\Python\Launcher\;C:\Users\Martin\AppData\Local\Microsoft\WindowsApps;C:\Users\Martin\AppData\Local\Programs\Microsoft VS Code\bin;C:\Users\Martin\AppData\Local\GitHubDesktop\bin;C:\Users\Martin\AppData\Local\gitkraken\bin;C:\Users\Martin\.dotnet\tools;., no libtcnative-2 in java.library.path: C:\Program Files\Java\jdk-21\bin;C:\Windows\Sun\Java\bin;C:\Windows\system32;C:\Windows;C:\Program Files\Common Files\Oracle\Java\javapath;C:\Program Files (x86)\Common Files\Oracle\Java\java8path;C:\Program Files (x86)\Common Files\Oracle\Java\javapath;C:\Program Files\Apache\apache-maven-3.9.9\bin;C:\Windows\System32\WindowsPowerShell\v1.0;C:\Program Files\Git\cmd;C:\Program Files (x86)\Windows Kits\10\Windows Performance Toolkit\;C:\Program Files\Docker\Docker\resources\bin;C:\Program Files\GitExtensions\;C:\Program Files\dotnet\;C:\Users\Martin\AppData\Local\Programs\Python\Launcher\;C:\Users\Martin\AppData\Local\Microsoft\WindowsApps;C:\Users\Martin\AppData\Local\Programs\Microsoft VS Code\bin;C:\Users\Martin\AppData\Local\GitHubDesktop\bin;C:\Users\Martin\AppData\Local\gitkraken\bin;C:\Users\Martin\.dotnet\tools;., no tcnative-1 in java.library.path: C:\Program Files\Java\jdk-21\bin;C:\Windows\Sun\Java\bin;C:\Windows\system32;C:\Windows;C:\Program Files\Common Files\Oracle\Java\javapath;C:\Program Files (x86)\Common Files\Oracle\Java\java8path;C:\Program Files (x86)\Common Files\Oracle\Java\javapath;C:\Program Files\Apache\apache-maven-3.9.9\bin;C:\Windows\System32\WindowsPowerShell\v1.0;C:\Program Files\Git\cmd;C:\Program Files (x86)\Windows Kits\10\Windows Performance Toolkit\;C:\Program Files\Docker\Docker\resources\bin;C:\Program Files\GitExtensions\;C:\Program Files\dotnet\;C:\Users\Martin\AppData\Local\Programs\Python\Launcher\;C:\Users\Martin\AppData\Local\Microsoft\WindowsApps;C:\Users\Martin\AppData\Local\Programs\Microsoft VS Code\bin;C:\Users\Martin\AppData\Local\GitHubDesktop\bin;C:\Users\Martin\AppData\Local\gitkraken\bin;C:\Users\Martin\.dotnet\tools;., no libtcnative-1 in java.library.path: C:\Program Files\Java\jdk-21\bin;C:\Windows\Sun\Java\bin;C:\Windows\system32;C:\Windows;C:\Program Files\Common Files\Oracle\Java\javapath;C:\Program Files (x86)\Common Files\Oracle\Java\java8path;C:\Program Files (x86)\Common Files\Oracle\Java\javapath;C:\Program Files\Apache\apache-maven-3.9.9\bin;C:\Windows\System32\WindowsPowerShell\v1.0;C:\Program Files\Git\cmd;C:\Program Files (x86)\Windows Kits\10\Windows Performance Toolkit\;C:\Program Files\Docker\Docker\resources\bin;C:\Program Files\GitExtensions\;C:\Program Files\dotnet\;C:\Users\Martin\AppData\Local\Programs\Python\Launcher\;C:\Users\Martin\AppData\Local\Microsoft\WindowsApps;C:\Users\Martin\AppData\Local\Programs\Microsoft VS Code\bin;C:\Users\Martin\AppData\Local\GitHubDesktop\bin;C:\Users\Martin\AppData\Local\gitkraken\bin;C:\Users\Martin\.dotnet\tools;.]

org.apache.tomcat.jni.LibraryNotFoundError: Can't load library: C:\Users\Martin\Documents\FH Technikum\WS2024\SWKOM\Paperless\PaperlessRest\bin\tcnative-2.dll, Can't load library: C:\Users\Martin\Documents\FH Technikum\WS2024\SWKOM\Paperless\PaperlessRest\bin\libtcnative-2.dll, Can't load library: C:\Users\Martin\Documents\FH Technikum\WS2024\SWKOM\Paperless\PaperlessRest\bin\tcnative-1.dll, Can't load library: C:\Users\Martin\Documents\FH Technikum\WS2024\SWKOM\Paperless\PaperlessRest\bin\libtcnative-1.dll, no tcnative-2 in java.library.path: C:\Program Files\Java\jdk-21\bin;C:\Windows\Sun\Java\bin;C:\Windows\system32;C:\Windows;C:\Program Files\Common Files\Oracle\Java\javapath;C:\Program Files (x86)\Common Files\Oracle\Java\java8path;C:\Program Files (x86)\Common Files\Oracle\Java\javapath;C:\Program Files\Apache\apache-maven-3.9.9\bin;C:\Windows\System32\WindowsPowerShell\v1.0;C:\Program Files\Git\cmd;C:\Program Files (x86)\Windows Kits\10\Windows Performance Toolkit\;C:\Program Files\Docker\Docker\resources\bin;C:\Program Files\GitExtensions\;C:\Program Files\dotnet\;C:\Users\Martin\AppData\Local\Programs\Python\Launcher\;C:\Users\Martin\AppData\Local\Microsoft\WindowsApps;C:\Users\Martin\AppData\Local\Programs\Microsoft VS Code\bin;C:\Users\Martin\AppData\Local\GitHubDesktop\bin;C:\Users\Martin\AppData\Local\gitkraken\bin;C:\Users\Martin\.dotnet\tools;., no libtcnative-2 in java.library.path: C:\Program Files\Java\jdk-21\bin;C:\Windows\Sun\Java\bin;C:\Windows\system32;C:\Windows;C:\Program Files\Common Files\Oracle\Java\javapath;C:\Program Files (x86)\Common Files\Oracle\Java\java8path;C:\Program Files (x86)\Common Files\Oracle\Java\javapath;C:\Program Files\Apache\apache-maven-3.9.9\bin;C:\Windows\System32\WindowsPowerShell\v1.0;C:\Program Files\Git\cmd;C:\Program Files (x86)\Windows Kits\10\Windows Performance Toolkit\;C:\Program Files\Docker\Docker\resources\bin;C:\Program Files\GitExtensions\;C:\Program Files\dotnet\;C:\Users\Martin\AppData\Local\Programs\Python\Launcher\;C:\Users\Martin\AppData\Local\Microsoft\WindowsApps;C:\Users\Martin\AppData\Local\Programs\Microsoft VS Code\bin;C:\Users\Martin\AppData\Local\GitHubDesktop\bin;C:\Users\Martin\AppData\Local\gitkraken\bin;C:\Users\Martin\.dotnet\tools;., no tcnative-1 in java.library.path: C:\Program Files\Java\jdk-21\bin;C:\Windows\Sun\Java\bin;C:\Windows\system32;C:\Windows;C:\Program Files\Common Files\Oracle\Java\javapath;C:\Program Files (x86)\Common Files\Oracle\Java\java8path;C:\Program Files (x86)\Common Files\Oracle\Java\javapath;C:\Program Files\Apache\apache-maven-3.9.9\bin;C:\Windows\System32\WindowsPowerShell\v1.0;C:\Program Files\Git\cmd;C:\Program Files (x86)\Windows Kits\10\Windows Performance Toolkit\;C:\Program Files\Docker\Docker\resources\bin;C:\Program Files\GitExtensions\;C:\Program Files\dotnet\;C:\Users\Martin\AppData\Local\Programs\Python\Launcher\;C:\Users\Martin\AppData\Local\Microsoft\WindowsApps;C:\Users\Martin\AppData\Local\Programs\Microsoft VS Code\bin;C:\Users\Martin\AppData\Local\GitHubDesktop\bin;C:\Users\Martin\AppData\Local\gitkraken\bin;C:\Users\Martin\.dotnet\tools;., no libtcnative-1 in java.library.path: C:\Program Files\Java\jdk-21\bin;C:\Windows\Sun\Java\bin;C:\Windows\system32;C:\Windows;C:\Program Files\Common Files\Oracle\Java\javapath;C:\Program Files (x86)\Common Files\Oracle\Java\java8path;C:\Program Files (x86)\Common Files\Oracle\Java\javapath;C:\Program Files\Apache\apache-maven-3.9.9\bin;C:\Windows\System32\WindowsPowerShell\v1.0;C:\Program Files\Git\cmd;C:\Program Files (x86)\Windows Kits\10\Windows Performance Toolkit\;C:\Program Files\Docker\Docker\resources\bin;C:\Program Files\GitExtensions\;C:\Program Files\dotnet\;C:\Users\Martin\AppData\Local\Programs\Python\Launcher\;C:\Users\Martin\AppData\Local\Microsoft\WindowsApps;C:\Users\Martin\AppData\Local\Programs\Microsoft VS Code\bin;C:\Users\Martin\AppData\Local\GitHubDesktop\bin;C:\Users\Martin\AppData\Local\gitkraken\bin;C:\Users\Martin\.dotnet\tools;.
	at org.apache.tomcat.jni.Library.<init>(Library.java:91) ~[tomcat-embed-core-10.1.30.jar:10.1.30]
	at org.apache.tomcat.jni.Library.initialize(Library.java:147) ~[tomcat-embed-core-10.1.30.jar:10.1.30]
	at org.apache.catalina.core.AprLifecycleListener.init(AprLifecycleListener.java:209) ~[tomcat-embed-core-10.1.30.jar:10.1.30]
	at org.apache.catalina.core.AprLifecycleListener.isAprAvailable(AprLifecycleListener.java:113) ~[tomcat-embed-core-10.1.30.jar:10.1.30]
	at org.springframework.boot.web.embedded.tomcat.TomcatServletWebServerFactory.getDefaultServerLifecycleListeners(TomcatServletWebServerFactory.java:191) ~[spring-boot-3.3.4.jar:3.3.4]
	at org.springframework.boot.web.embedded.tomcat.TomcatServletWebServerFactory.<init>(TomcatServletWebServerFactory.java:138) ~[spring-boot-3.3.4.jar:3.3.4]
	at org.springframework.boot.autoconfigure.web.servlet.ServletWebServerFactoryConfiguration$EmbeddedTomcat.tomcatServletWebServerFactory(ServletWebServerFactoryConfiguration.java:73) ~[spring-boot-autoconfigure-3.3.4.jar:3.3.4]
	at java.base/jdk.internal.reflect.DirectMethodHandleAccessor.invoke(DirectMethodHandleAccessor.java:103) ~[na:na]
	at java.base/java.lang.reflect.Method.invoke(Method.java:580) ~[na:na]
	at org.springframework.beans.factory.support.SimpleInstantiationStrategy.instantiate(SimpleInstantiationStrategy.java:146) ~[spring-beans-6.1.13.jar:6.1.13]
	at org.springframework.beans.factory.support.ConstructorResolver.instantiate(ConstructorResolver.java:644) ~[spring-beans-6.1.13.jar:6.1.13]
	at org.springframework.beans.factory.support.ConstructorResolver.instantiateUsingFactoryMethod(ConstructorResolver.java:636) ~[spring-beans-6.1.13.jar:6.1.13]
	at org.springframework.beans.factory.support.AbstractAutowireCapableBeanFactory.instantiateUsingFactoryMethod(AbstractAutowireCapableBeanFactory.java:1355) ~[spring-beans-6.1.13.jar:6.1.13]
	at org.springframework.beans.factory.support.AbstractAutowireCapableBeanFactory.createBeanInstance(AbstractAutowireCapableBeanFactory.java:1185) ~[spring-beans-6.1.13.jar:6.1.13]
	at org.springframework.beans.factory.support.AbstractAutowireCapableBeanFactory.doCreateBean(AbstractAutowireCapableBeanFactory.java:562) ~[spring-beans-6.1.13.jar:6.1.13]
	at org.springframework.beans.factory.support.AbstractAutowireCapableBeanFactory.createBean(AbstractAutowireCapableBeanFactory.java:522) ~[spring-beans-6.1.13.jar:6.1.13]
	at org.springframework.beans.factory.support.AbstractBeanFactory.lambda$doGetBean$0(AbstractBeanFactory.java:337) ~[spring-beans-6.1.13.jar:6.1.13]
	at org.springframework.beans.factory.support.DefaultSingletonBeanRegistry.getSingleton(DefaultSingletonBeanRegistry.java:234) ~[spring-beans-6.1.13.jar:6.1.13]
	at org.springframework.beans.factory.support.AbstractBeanFactory.doGetBean(AbstractBeanFactory.java:335) ~[spring-beans-6.1.13.jar:6.1.13]
	at org.springframework.beans.factory.support.AbstractBeanFactory.getBean(AbstractBeanFactory.java:200) ~[spring-beans-6.1.13.jar:6.1.13]
	at org.springframework.beans.factory.support.DefaultListableBeanFactory.preInstantiateSingletons(DefaultListableBeanFactory.java:975) ~[spring-beans-6.1.13.jar:6.1.13]
	at org.springframework.context.support.AbstractApplicationContext.finishBeanFactoryInitialization(AbstractApplicationContext.java:971) ~[spring-context-6.1.13.jar:6.1.13]
	at org.springframework.context.support.AbstractApplicationContext.refresh(AbstractApplicationContext.java:625) ~[spring-context-6.1.13.jar:6.1.13]
	at org.springframework.boot.SpringApplication.refresh(SpringApplication.java:754) ~[spring-boot-3.3.4.jar:3.3.4]
	at org.springframework.boot.SpringApplication.refreshContext(SpringApplication.java:456) ~[spring-boot-3.3.4.jar:3.3.4]
	at org.springframework.boot.SpringApplication.run(SpringApplication.java:335) ~[spring-boot-3.3.4.jar:3.3.4]
	at org.springframework.boot.test.context.SpringBootContextLoader.lambda$loadContext$3(SpringBootContextLoader.java:137) ~[spring-boot-test-3.3.4.jar:3.3.4]
	at org.springframework.util.function.ThrowingSupplier.get(ThrowingSupplier.java:58) ~[spring-core-6.1.13.jar:6.1.13]
	at org.springframework.util.function.ThrowingSupplier.get(ThrowingSupplier.java:46) ~[spring-core-6.1.13.jar:6.1.13]
	at org.springframework.boot.SpringApplication.withHook(SpringApplication.java:1463) ~[spring-boot-3.3.4.jar:3.3.4]
	at org.springframework.boot.test.context.SpringBootContextLoader$ContextLoaderHook.run(SpringBootContextLoader.java:553) ~[spring-boot-test-3.3.4.jar:3.3.4]
	at org.springframework.boot.test.context.SpringBootContextLoader.loadContext(SpringBootContextLoader.java:137) ~[spring-boot-test-3.3.4.jar:3.3.4]
	at org.springframework.boot.test.context.SpringBootContextLoader.loadContext(SpringBootContextLoader.java:108) ~[spring-boot-test-3.3.4.jar:3.3.4]
	at org.springframework.test.context.cache.DefaultCacheAwareContextLoaderDelegate.loadContextInternal(DefaultCacheAwareContextLoaderDelegate.java:225) ~[spring-test-6.1.13.jar:6.1.13]
	at org.springframework.test.context.cache.DefaultCacheAwareContextLoaderDelegate.loadContext(DefaultCacheAwareContextLoaderDelegate.java:152) ~[spring-test-6.1.13.jar:6.1.13]
	at org.springframework.test.context.support.DefaultTestContext.getApplicationContext(DefaultTestContext.java:130) ~[spring-test-6.1.13.jar:6.1.13]
	at org.springframework.test.context.web.ServletTestExecutionListener.setUpRequestContextIfNecessary(ServletTestExecutionListener.java:191) ~[spring-test-6.1.13.jar:6.1.13]
	at org.springframework.test.context.web.ServletTestExecutionListener.prepareTestInstance(ServletTestExecutionListener.java:130) ~[spring-test-6.1.13.jar:6.1.13]
	at org.springframework.test.context.TestContextManager.prepareTestInstance(TestContextManager.java:260) ~[spring-test-6.1.13.jar:6.1.13]
	at org.springframework.test.context.junit.jupiter.SpringExtension.postProcessTestInstance(SpringExtension.java:163) ~[spring-test-6.1.13.jar:6.1.13]
	at org.junit.jupiter.engine.descriptor.ClassBasedTestDescriptor.lambda$invokeTestInstancePostProcessors$10(ClassBasedTestDescriptor.java:378) ~[junit-jupiter-engine-5.10.3.jar:5.10.3]
	at org.junit.jupiter.engine.descriptor.ClassBasedTestDescriptor.executeAndMaskThrowable(ClassBasedTestDescriptor.java:383) ~[junit-jupiter-engine-5.10.3.jar:5.10.3]
	at org.junit.jupiter.engine.descriptor.ClassBasedTestDescriptor.lambda$invokeTestInstancePostProcessors$11(ClassBasedTestDescriptor.java:378) ~[junit-jupiter-engine-5.10.3.jar:5.10.3]
	at java.base/java.util.stream.ReferencePipeline$3$1.accept(ReferencePipeline.java:197) ~[na:na]
	at java.base/java.util.stream.ReferencePipeline$2$1.accept(ReferencePipeline.java:179) ~[na:na]
	at java.base/java.util.ArrayList$ArrayListSpliterator.forEachRemaining(ArrayList.java:1708) ~[na:na]
	at java.base/java.util.stream.AbstractPipeline.copyInto(AbstractPipeline.java:509) ~[na:na]
	at java.base/java.util.stream.AbstractPipeline.wrapAndCopyInto(AbstractPipeline.java:499) ~[na:na]
	at java.base/java.util.stream.StreamSpliterators$WrappingSpliterator.forEachRemaining(StreamSpliterators.java:310) ~[na:na]
	at java.base/java.util.stream.Streams$ConcatSpliterator.forEachRemaining(Streams.java:735) ~[na:na]
	at java.base/java.util.stream.Streams$ConcatSpliterator.forEachRemaining(Streams.java:734) ~[na:na]
	at java.base/java.util.stream.ReferencePipeline$Head.forEach(ReferencePipeline.java:762) ~[na:na]
	at org.junit.jupiter.engine.descriptor.ClassBasedTestDescriptor.invokeTestInstancePostProcessors(ClassBasedTestDescriptor.java:377) ~[junit-jupiter-engine-5.10.3.jar:5.10.3]
	at org.junit.jupiter.engine.descriptor.ClassBasedTestDescriptor.lambda$instantiateAndPostProcessTestInstance$6(ClassBasedTestDescriptor.java:290) ~[junit-jupiter-engine-5.10.3.jar:5.10.3]
	at org.junit.platform.engine.support.hierarchical.ThrowableCollector.execute(ThrowableCollector.java:73) ~[junit-platform-engine-1.10.3.jar:1.10.3]
	at org.junit.jupiter.engine.descriptor.ClassBasedTestDescriptor.instantiateAndPostProcessTestInstance(ClassBasedTestDescriptor.java:289) ~[junit-jupiter-engine-5.10.3.jar:5.10.3]
	at org.junit.jupiter.engine.descriptor.ClassBasedTestDescriptor.lambda$testInstancesProvider$4(ClassBasedTestDescriptor.java:279) ~[junit-jupiter-engine-5.10.3.jar:5.10.3]
	at java.base/java.util.Optional.orElseGet(Optional.java:364) ~[na:na]
	at org.junit.jupiter.engine.descriptor.ClassBasedTestDescriptor.lambda$testInstancesProvider$5(ClassBasedTestDescriptor.java:278) ~[junit-jupiter-engine-5.10.3.jar:5.10.3]
	at org.junit.jupiter.engine.execution.TestInstancesProvider.getTestInstances(TestInstancesProvider.java:31) ~[junit-jupiter-engine-5.10.3.jar:5.10.3]
	at org.junit.jupiter.engine.descriptor.TestMethodTestDescriptor.lambda$prepare$0(TestMethodTestDescriptor.java:106) ~[junit-jupiter-engine-5.10.3.jar:5.10.3]
	at org.junit.platform.engine.support.hierarchical.ThrowableCollector.execute(ThrowableCollector.java:73) ~[junit-platform-engine-1.10.3.jar:1.10.3]
	at org.junit.jupiter.engine.descriptor.TestMethodTestDescriptor.prepare(TestMethodTestDescriptor.java:105) ~[junit-jupiter-engine-5.10.3.jar:5.10.3]
	at org.junit.jupiter.engine.descriptor.TestMethodTestDescriptor.prepare(TestMethodTestDescriptor.java:69) ~[junit-jupiter-engine-5.10.3.jar:5.10.3]
	at org.junit.platform.engine.support.hierarchical.NodeTestTask.lambda$prepare$2(NodeTestTask.java:123) ~[junit-platform-engine-1.10.3.jar:1.10.3]
	at org.junit.platform.engine.support.hierarchical.ThrowableCollector.execute(ThrowableCollector.java:73) ~[junit-platform-engine-1.10.3.jar:1.10.3]
	at org.junit.platform.engine.support.hierarchical.NodeTestTask.prepare(NodeTestTask.java:123) ~[junit-platform-engine-1.10.3.jar:1.10.3]
	at org.junit.platform.engine.support.hierarchical.NodeTestTask.execute(NodeTestTask.java:90) ~[junit-platform-engine-1.10.3.jar:1.10.3]
	at java.base/java.util.ArrayList.forEach(ArrayList.java:1596) ~[na:na]
	at org.junit.platform.engine.support.hierarchical.SameThreadHierarchicalTestExecutorService.invokeAll(SameThreadHierarchicalTestExecutorService.java:41) ~[junit-platform-engine-1.10.3.jar:1.10.3]
	at org.junit.platform.engine.support.hierarchical.NodeTestTask.lambda$executeRecursively$6(NodeTestTask.java:155) ~[junit-platform-engine-1.10.3.jar:1.10.3]
	at org.junit.platform.engine.support.hierarchical.ThrowableCollector.execute(ThrowableCollector.java:73) ~[junit-platform-engine-1.10.3.jar:1.10.3]
	at org.junit.platform.engine.support.hierarchical.NodeTestTask.lambda$executeRecursively$8(NodeTestTask.java:141) ~[junit-platform-engine-1.10.3.jar:1.10.3]
	at org.junit.platform.engine.support.hierarchical.Node.around(Node.java:137) ~[junit-platform-engine-1.10.3.jar:1.10.3]
	at org.junit.platform.engine.support.hierarchical.NodeTestTask.lambda$executeRecursively$9(NodeTestTask.java:139) ~[junit-platform-engine-1.10.3.jar:1.10.3]
	at org.junit.platform.engine.support.hierarchical.ThrowableCollector.execute(ThrowableCollector.java:73) ~[junit-platform-engine-1.10.3.jar:1.10.3]
	at org.junit.platform.engine.support.hierarchical.NodeTestTask.executeRecursively(NodeTestTask.java:138) ~[junit-platform-engine-1.10.3.jar:1.10.3]
	at org.junit.platform.engine.support.hierarchical.NodeTestTask.execute(NodeTestTask.java:95) ~[junit-platform-engine-1.10.3.jar:1.10.3]
	at java.base/java.util.ArrayList.forEach(ArrayList.java:1596) ~[na:na]
	at org.junit.platform.engine.support.hierarchical.SameThreadHierarchicalTestExecutorService.invokeAll(SameThreadHierarchicalTestExecutorService.java:41) ~[junit-platform-engine-1.10.3.jar:1.10.3]
	at org.junit.platform.engine.support.hierarchical.NodeTestTask.lambda$executeRecursively$6(NodeTestTask.java:155) ~[junit-platform-engine-1.10.3.jar:1.10.3]
	at org.junit.platform.engine.support.hierarchical.ThrowableCollector.execute(ThrowableCollector.java:73) ~[junit-platform-engine-1.10.3.jar:1.10.3]
	at org.junit.platform.engine.support.hierarchical.NodeTestTask.lambda$executeRecursively$8(NodeTestTask.java:141) ~[junit-platform-engine-1.10.3.jar:1.10.3]
	at org.junit.platform.engine.support.hierarchical.Node.around(Node.java:137) ~[junit-platform-engine-1.10.3.jar:1.10.3]
	at org.junit.platform.engine.support.hierarchical.NodeTestTask.lambda$executeRecursively$9(NodeTestTask.java:139) ~[junit-platform-engine-1.10.3.jar:1.10.3]
	at org.junit.platform.engine.support.hierarchical.ThrowableCollector.execute(ThrowableCollector.java:73) ~[junit-platform-engine-1.10.3.jar:1.10.3]
	at org.junit.platform.engine.support.hierarchical.NodeTestTask.executeRecursively(NodeTestTask.java:138) ~[junit-platform-engine-1.10.3.jar:1.10.3]
	at org.junit.platform.engine.support.hierarchical.NodeTestTask.execute(NodeTestTask.java:95) ~[junit-platform-engine-1.10.3.jar:1.10.3]
	at org.junit.platform.engine.support.hierarchical.SameThreadHierarchicalTestExecutorService.submit(SameThreadHierarchicalTestExecutorService.java:35) ~[junit-platform-engine-1.10.3.jar:1.10.3]
	at org.junit.platform.engine.support.hierarchical.HierarchicalTestExecutor.execute(HierarchicalTestExecutor.java:57) ~[junit-platform-engine-1.10.3.jar:1.10.3]
	at org.junit.platform.engine.support.hierarchical.HierarchicalTestEngine.execute(HierarchicalTestEngine.java:54) ~[junit-platform-engine-1.10.3.jar:1.10.3]
	at org.junit.platform.launcher.core.EngineExecutionOrchestrator.execute(EngineExecutionOrchestrator.java:198) ~[junit-platform-launcher-1.10.3.jar:1.10.3]
	at org.junit.platform.launcher.core.EngineExecutionOrchestrator.execute(EngineExecutionOrchestrator.java:169) ~[junit-platform-launcher-1.10.3.jar:1.10.3]
	at org.junit.platform.launcher.core.EngineExecutionOrchestrator.execute(EngineExecutionOrchestrator.java:93) ~[junit-platform-launcher-1.10.3.jar:1.10.3]
	at org.junit.platform.launcher.core.EngineExecutionOrchestrator.lambda$execute$0(EngineExecutionOrchestrator.java:58) ~[junit-platform-launcher-1.10.3.jar:1.10.3]
	at org.junit.platform.launcher.core.EngineExecutionOrchestrator.withInterceptedStreams(EngineExecutionOrchestrator.java:141) ~[junit-platform-launcher-1.10.3.jar:1.10.3]
	at org.junit.platform.launcher.core.EngineExecutionOrchestrator.execute(EngineExecutionOrchestrator.java:57) ~[junit-platform-launcher-1.10.3.jar:1.10.3]
	at org.junit.platform.launcher.core.DefaultLauncher.execute(DefaultLauncher.java:103) ~[junit-platform-launcher-1.10.3.jar:1.10.3]
	at org.junit.platform.launcher.core.DefaultLauncher.execute(DefaultLauncher.java:85) ~[junit-platform-launcher-1.10.3.jar:1.10.3]
	at org.junit.platform.launcher.core.DelegatingLauncher.execute(DelegatingLauncher.java:47) ~[junit-platform-launcher-1.10.3.jar:1.10.3]
	at org.apache.maven.surefire.junitplatform.LazyLauncher.execute(LazyLauncher.java:56) ~[surefire-junit-platform-3.2.5.jar:3.2.5]
	at org.apache.maven.surefire.junitplatform.JUnitPlatformProvider.execute(JUnitPlatformProvider.java:184) ~[surefire-junit-platform-3.2.5.jar:3.2.5]
	at org.apache.maven.surefire.junitplatform.JUnitPlatformProvider.invokeAllTests(JUnitPlatformProvider.java:148) ~[surefire-junit-platform-3.2.5.jar:3.2.5]
	at org.apache.maven.surefire.junitplatform.JUnitPlatformProvider.invoke(JUnitPlatformProvider.java:122) ~[surefire-junit-platform-3.2.5.jar:3.2.5]
	at org.apache.maven.surefire.booter.ForkedBooter.runSuitesInProcess(ForkedBooter.java:385) ~[surefire-booter-3.2.5.jar:3.2.5]
	at org.apache.maven.surefire.booter.ForkedBooter.execute(ForkedBooter.java:162) ~[surefire-booter-3.2.5.jar:3.2.5]
	at org.apache.maven.surefire.booter.ForkedBooter.run(ForkedBooter.java:507) ~[surefire-booter-3.2.5.jar:3.2.5]
	at org.apache.maven.surefire.booter.ForkedBooter.main(ForkedBooter.java:495) ~[surefire-booter-3.2.5.jar:3.2.5]

2024-12-19T11:11:23.181+01:00 DEBUG 14736 --- [main] o.s.b.f.s.DefaultListableBeanFactory     : Creating shared instance of singleton bean 'servletWebServerFactoryCustomizer'
2024-12-19T11:11:23.181+01:00 DEBUG 14736 --- [main] o.s.b.f.s.DefaultListableBeanFactory     : Creating shared instance of singleton bean 'org.springframework.boot.autoconfigure.web.servlet.ServletWebServerFactoryAutoConfiguration'
2024-12-19T11:11:23.184+01:00 DEBUG 14736 --- [main] o.s.b.f.s.DefaultListableBeanFactory     : Creating shared instance of singleton bean 'server-org.springframework.boot.autoconfigure.web.ServerProperties'
2024-12-19T11:11:23.196+01:00 DEBUG 14736 --- [main] o.s.b.f.s.DefaultListableBeanFactory     : Autowiring by type from bean name 'servletWebServerFactoryCustomizer' via factory method to bean named 'server-org.springframework.boot.autoconfigure.web.ServerProperties'
2024-12-19T11:11:23.200+01:00 DEBUG 14736 --- [main] o.s.b.f.s.DefaultListableBeanFactory     : Creating shared instance of singleton bean 'tomcatServletWebServerFactoryCustomizer'
2024-12-19T11:11:23.200+01:00 DEBUG 14736 --- [main] o.s.b.f.s.DefaultListableBeanFactory     : Autowiring by type from bean name 'tomcatServletWebServerFactoryCustomizer' via factory method to bean named 'server-org.springframework.boot.autoconfigure.web.ServerProperties'
2024-12-19T11:11:23.200+01:00 DEBUG 14736 --- [main] o.s.b.f.s.DefaultListableBeanFactory     : Creating shared instance of singleton bean 'localeCharsetMappingsCustomizer'
2024-12-19T11:11:23.200+01:00 DEBUG 14736 --- [main] o.s.b.f.s.DefaultListableBeanFactory     : Creating shared instance of singleton bean 'org.springframework.boot.autoconfigure.web.servlet.HttpEncodingAutoConfiguration'
2024-12-19T11:11:23.201+01:00 DEBUG 14736 --- [main] o.s.b.f.s.DefaultListableBeanFactory     : Autowiring by type from bean name 'org.springframework.boot.autoconfigure.web.servlet.HttpEncodingAutoConfiguration' via constructor to bean named 'server-org.springframework.boot.autoconfigure.web.ServerProperties'
2024-12-19T11:11:23.215+01:00 DEBUG 14736 --- [main] o.s.b.f.s.DefaultListableBeanFactory     : Creating shared instance of singleton bean 'errorPageCustomizer'
2024-12-19T11:11:23.216+01:00 DEBUG 14736 --- [main] o.s.b.f.s.DefaultListableBeanFactory     : Creating shared instance of singleton bean 'org.springframework.boot.autoconfigure.web.servlet.error.ErrorMvcAutoConfiguration'
2024-12-19T11:11:23.216+01:00 DEBUG 14736 --- [main] o.s.b.f.s.DefaultListableBeanFactory     : Autowiring by type from bean name 'org.springframework.boot.autoconfigure.web.servlet.error.ErrorMvcAutoConfiguration' via constructor to bean named 'server-org.springframework.boot.autoconfigure.web.ServerProperties'
2024-12-19T11:11:23.217+01:00 DEBUG 14736 --- [main] o.s.b.f.s.DefaultListableBeanFactory     : Creating shared instance of singleton bean 'dispatcherServletRegistration'
2024-12-19T11:11:23.217+01:00 DEBUG 14736 --- [main] o.s.b.f.s.DefaultListableBeanFactory     : Creating shared instance of singleton bean 'org.springframework.boot.autoconfigure.web.servlet.DispatcherServletAutoConfiguration$DispatcherServletRegistrationConfiguration'
2024-12-19T11:11:23.218+01:00 DEBUG 14736 --- [main] o.s.b.f.s.DefaultListableBeanFactory     : Creating shared instance of singleton bean 'dispatcherServlet'
2024-12-19T11:11:23.219+01:00 DEBUG 14736 --- [main] o.s.b.f.s.DefaultListableBeanFactory     : Creating shared instance of singleton bean 'org.springframework.boot.autoconfigure.web.servlet.DispatcherServletAutoConfiguration$DispatcherServletConfiguration'
2024-12-19T11:11:23.219+01:00 DEBUG 14736 --- [main] o.s.b.f.s.DefaultListableBeanFactory     : Creating shared instance of singleton bean 'spring.mvc-org.springframework.boot.autoconfigure.web.servlet.WebMvcProperties'
2024-12-19T11:11:23.223+01:00 DEBUG 14736 --- [main] o.s.b.f.s.DefaultListableBeanFactory     : Autowiring by type from bean name 'dispatcherServlet' via factory method to bean named 'spring.mvc-org.springframework.boot.autoconfigure.web.servlet.WebMvcProperties'
2024-12-19T11:11:23.242+01:00 DEBUG 14736 --- [main] o.s.b.f.s.DefaultListableBeanFactory     : Autowiring by type from bean name 'dispatcherServletRegistration' via factory method to bean named 'dispatcherServlet'
2024-12-19T11:11:23.243+01:00 DEBUG 14736 --- [main] o.s.b.f.s.DefaultListableBeanFactory     : Autowiring by type from bean name 'dispatcherServletRegistration' via factory method to bean named 'spring.mvc-org.springframework.boot.autoconfigure.web.servlet.WebMvcProperties'
2024-12-19T11:11:23.244+01:00 DEBUG 14736 --- [main] o.s.b.f.s.DefaultListableBeanFactory     : Creating shared instance of singleton bean 'multipartConfigElement'
2024-12-19T11:11:23.244+01:00 DEBUG 14736 --- [main] o.s.b.f.s.DefaultListableBeanFactory     : Creating shared instance of singleton bean 'org.springframework.boot.autoconfigure.web.servlet.MultipartAutoConfiguration'
2024-12-19T11:11:23.245+01:00 DEBUG 14736 --- [main] o.s.b.f.s.DefaultListableBeanFactory     : Creating shared instance of singleton bean 'spring.servlet.multipart-org.springframework.boot.autoconfigure.web.servlet.MultipartProperties'
2024-12-19T11:11:23.249+01:00 DEBUG 14736 --- [main] o.s.b.f.s.DefaultListableBeanFactory     : Autowiring by type from bean name 'org.springframework.boot.autoconfigure.web.servlet.MultipartAutoConfiguration' via constructor to bean named 'spring.servlet.multipart-org.springframework.boot.autoconfigure.web.servlet.MultipartProperties'
2024-12-19T11:11:23.254+01:00 DEBUG 14736 --- [main] o.s.b.f.s.DefaultListableBeanFactory     : Autowiring by type from bean name 'errorPageCustomizer' via factory method to bean named 'dispatcherServletRegistration'
2024-12-19T11:11:23.256+01:00 DEBUG 14736 --- [main] o.s.b.f.s.DefaultListableBeanFactory     : Creating shared instance of singleton bean 'org.springframework.boot.autoconfigure.web.servlet.DispatcherServletAutoConfiguration'
2024-12-19T11:11:23.257+01:00 DEBUG 14736 --- [main] o.s.b.f.s.DefaultListableBeanFactory     : Creating shared instance of singleton bean 'org.springframework.boot.testcontainers.service.connection.ServiceConnectionAutoConfiguration'
2024-12-19T11:11:23.257+01:00 DEBUG 14736 --- [main] o.s.b.f.s.DefaultListableBeanFactory     : Creating shared instance of singleton bean 'org.springframework.boot.autoconfigure.task.TaskExecutorConfigurations$ThreadPoolTaskExecutorBuilderConfiguration'
2024-12-19T11:11:23.257+01:00 DEBUG 14736 --- [main] o.s.b.f.s.DefaultListableBeanFactory     : Creating shared instance of singleton bean 'threadPoolTaskExecutorBuilder'
2024-12-19T11:11:23.258+01:00 DEBUG 14736 --- [main] o.s.b.f.s.DefaultListableBeanFactory     : Creating shared instance of singleton bean 'spring.task.execution-org.springframework.boot.autoconfigure.task.TaskExecutionProperties'
2024-12-19T11:11:23.261+01:00 DEBUG 14736 --- [main] o.s.b.f.s.DefaultListableBeanFactory     : Autowiring by type from bean name 'threadPoolTaskExecutorBuilder' via factory method to bean named 'spring.task.execution-org.springframework.boot.autoconfigure.task.TaskExecutionProperties'
2024-12-19T11:11:23.264+01:00 DEBUG 14736 --- [main] o.s.b.f.s.DefaultListableBeanFactory     : Creating shared instance of singleton bean 'org.springframework.boot.autoconfigure.task.TaskExecutorConfigurations$TaskExecutorBuilderConfiguration'
2024-12-19T11:11:23.265+01:00 DEBUG 14736 --- [main] o.s.b.f.s.DefaultListableBeanFactory     : Creating shared instance of singleton bean 'taskExecutorBuilder'
2024-12-19T11:11:23.265+01:00 DEBUG 14736 --- [main] o.s.b.f.s.DefaultListableBeanFactory     : Autowiring by type from bean name 'taskExecutorBuilder' via factory method to bean named 'spring.task.execution-org.springframework.boot.autoconfigure.task.TaskExecutionProperties'
2024-12-19T11:11:23.268+01:00 DEBUG 14736 --- [main] o.s.b.f.s.DefaultListableBeanFactory     : Creating shared instance of singleton bean 'org.springframework.boot.autoconfigure.task.TaskExecutorConfigurations$SimpleAsyncTaskExecutorBuilderConfiguration'
2024-12-19T11:11:23.269+01:00 DEBUG 14736 --- [main] o.s.b.f.s.DefaultListableBeanFactory     : Autowiring by type from bean name 'org.springframework.boot.autoconfigure.task.TaskExecutorConfigurations$SimpleAsyncTaskExecutorBuilderConfiguration' via constructor to bean named 'spring.task.execution-org.springframework.boot.autoconfigure.task.TaskExecutionProperties'
2024-12-19T11:11:23.270+01:00 DEBUG 14736 --- [main] o.s.b.f.s.DefaultListableBeanFactory     : Creating shared instance of singleton bean 'simpleAsyncTaskExecutorBuilder'
2024-12-19T11:11:23.272+01:00 DEBUG 14736 --- [main] o.s.b.f.s.DefaultListableBeanFactory     : Creating shared instance of singleton bean 'org.springframework.boot.autoconfigure.task.TaskExecutorConfigurations$TaskExecutorConfiguration'
2024-12-19T11:11:23.272+01:00 DEBUG 14736 --- [main] o.s.b.f.s.DefaultListableBeanFactory     : Creating shared instance of singleton bean 'org.springframework.boot.autoconfigure.task.TaskExecutionAutoConfiguration'
2024-12-19T11:11:23.273+01:00 DEBUG 14736 --- [main] o.s.b.f.s.DefaultListableBeanFactory     : Creating shared instance of singleton bean 'org.springframework.boot.autoconfigure.web.servlet.error.ErrorMvcAutoConfiguration$WhitelabelErrorViewConfiguration'
2024-12-19T11:11:23.274+01:00 DEBUG 14736 --- [main] o.s.b.f.s.DefaultListableBeanFactory     : Creating shared instance of singleton bean 'error'
2024-12-19T11:11:23.276+01:00 DEBUG 14736 --- [main] o.s.b.f.s.DefaultListableBeanFactory     : Creating shared instance of singleton bean 'beanNameViewResolver'
2024-12-19T11:11:23.278+01:00 DEBUG 14736 --- [main] o.s.b.f.s.DefaultListableBeanFactory     : Creating shared instance of singleton bean 'org.springframework.boot.autoconfigure.web.servlet.error.ErrorMvcAutoConfiguration$DefaultErrorViewResolverConfiguration'
2024-12-19T11:11:23.279+01:00 DEBUG 14736 --- [main] o.s.b.f.s.DefaultListableBeanFactory     : Creating shared instance of singleton bean 'spring.web-org.springframework.boot.autoconfigure.web.WebProperties'
2024-12-19T11:11:23.283+01:00 DEBUG 14736 --- [main] o.s.b.f.s.DefaultListableBeanFactory     : Autowiring by type from bean name 'org.springframework.boot.autoconfigure.web.servlet.error.ErrorMvcAutoConfiguration$DefaultErrorViewResolverConfiguration' via constructor to bean named 'org.springframework.web.context.support.GenericWebApplicationContext@66eb985d'
2024-12-19T11:11:23.283+01:00 DEBUG 14736 --- [main] o.s.b.f.s.DefaultListableBeanFactory     : Autowiring by type from bean name 'org.springframework.boot.autoconfigure.web.servlet.error.ErrorMvcAutoConfiguration$DefaultErrorViewResolverConfiguration' via constructor to bean named 'spring.web-org.springframework.boot.autoconfigure.web.WebProperties'
2024-12-19T11:11:23.284+01:00 DEBUG 14736 --- [main] o.s.b.f.s.DefaultListableBeanFactory     : Creating shared instance of singleton bean 'conventionErrorViewResolver'
2024-12-19T11:11:23.286+01:00 DEBUG 14736 --- [main] o.s.b.f.s.DefaultListableBeanFactory     : Creating shared instance of singleton bean 'errorAttributes'
2024-12-19T11:11:23.289+01:00 DEBUG 14736 --- [main] o.s.b.f.s.DefaultListableBeanFactory     : Creating shared instance of singleton bean 'basicErrorController'
2024-12-19T11:11:23.290+01:00 DEBUG 14736 --- [main] o.s.b.f.s.DefaultListableBeanFactory     : Autowiring by type from bean name 'basicErrorController' via factory method to bean named 'errorAttributes'
2024-12-19T11:11:23.296+01:00 DEBUG 14736 --- [main] o.s.b.f.s.DefaultListableBeanFactory     : Creating shared instance of singleton bean 'org.springframework.boot.autoconfigure.web.servlet.WebMvcAutoConfiguration$EnableWebMvcConfiguration'
2024-12-19T11:11:23.296+01:00 DEBUG 14736 --- [main] o.s.b.f.s.DefaultListableBeanFactory     : Autowiring by type from bean name 'org.springframework.boot.autoconfigure.web.servlet.WebMvcAutoConfiguration$EnableWebMvcConfiguration' via constructor to bean named 'spring.mvc-org.springframework.boot.autoconfigure.web.servlet.WebMvcProperties'
2024-12-19T11:11:23.296+01:00 DEBUG 14736 --- [main] o.s.b.f.s.DefaultListableBeanFactory     : Autowiring by type from bean name 'org.springframework.boot.autoconfigure.web.servlet.WebMvcAutoConfiguration$EnableWebMvcConfiguration' via constructor to bean named 'spring.web-org.springframework.boot.autoconfigure.web.WebProperties'
2024-12-19T11:11:23.296+01:00 DEBUG 14736 --- [main] o.s.b.f.s.DefaultListableBeanFactory     : Autowiring by type from bean name 'org.springframework.boot.autoconfigure.web.servlet.WebMvcAutoConfiguration$EnableWebMvcConfiguration' via constructor to bean named 'org.springframework.beans.factory.support.DefaultListableBeanFactory@1bcf67e8'
2024-12-19T11:11:23.303+01:00 DEBUG 14736 --- [main] o.s.b.f.s.DefaultListableBeanFactory     : Creating shared instance of singleton bean 'org.springframework.boot.autoconfigure.web.servlet.WebMvcAutoConfiguration$WebMvcAutoConfigurationAdapter'
2024-12-19T11:11:23.303+01:00 DEBUG 14736 --- [main] o.s.b.f.s.DefaultListableBeanFactory     : Autowiring by type from bean name 'org.springframework.boot.autoconfigure.web.servlet.WebMvcAutoConfiguration$WebMvcAutoConfigurationAdapter' via constructor to bean named 'spring.web-org.springframework.boot.autoconfigure.web.WebProperties'
2024-12-19T11:11:23.303+01:00 DEBUG 14736 --- [main] o.s.b.f.s.DefaultListableBeanFactory     : Autowiring by type from bean name 'org.springframework.boot.autoconfigure.web.servlet.WebMvcAutoConfiguration$WebMvcAutoConfigurationAdapter' via constructor to bean named 'spring.mvc-org.springframework.boot.autoconfigure.web.servlet.WebMvcProperties'
2024-12-19T11:11:23.303+01:00 DEBUG 14736 --- [main] o.s.b.f.s.DefaultListableBeanFactory     : Autowiring by type from bean name 'org.springframework.boot.autoconfigure.web.servlet.WebMvcAutoConfiguration$WebMvcAutoConfigurationAdapter' via constructor to bean named 'org.springframework.beans.factory.support.DefaultListableBeanFactory@1bcf67e8'
2024-12-19T11:11:23.307+01:00 DEBUG 14736 --- [main] o.s.b.f.s.DefaultListableBeanFactory     : Creating shared instance of singleton bean 'openEntityManagerInViewInterceptorConfigurer'
2024-12-19T11:11:23.307+01:00 DEBUG 14736 --- [main] o.s.b.f.s.DefaultListableBeanFactory     : Creating shared instance of singleton bean 'org.springframework.boot.autoconfigure.orm.jpa.JpaBaseConfiguration$JpaWebConfiguration'
2024-12-19T11:11:23.309+01:00 DEBUG 14736 --- [main] o.s.b.f.s.DefaultListableBeanFactory     : Autowiring by type from bean name 'org.springframework.boot.autoconfigure.orm.jpa.JpaBaseConfiguration$JpaWebConfiguration' via constructor to bean named 'spring.jpa-org.springframework.boot.autoconfigure.orm.jpa.JpaProperties'
2024-12-19T11:11:23.310+01:00 DEBUG 14736 --- [main] o.s.b.f.s.DefaultListableBeanFactory     : Creating shared instance of singleton bean 'openEntityManagerInViewInterceptor'
2024-12-19T11:11:23.310+01:00  WARN 14736 --- [main] JpaBaseConfiguration$JpaWebConfiguration : spring.jpa.open-in-view is enabled by default. Therefore, database queries may be performed during view rendering. Explicitly configure spring.jpa.open-in-view to disable this warning
2024-12-19T11:11:23.315+01:00 DEBUG 14736 --- [main] o.s.b.f.s.DefaultListableBeanFactory     : Autowiring by type from bean name 'openEntityManagerInViewInterceptorConfigurer' via factory method to bean named 'openEntityManagerInViewInterceptor'
2024-12-19T11:11:23.327+01:00 DEBUG 14736 --- [main] o.s.b.f.s.DefaultListableBeanFactory     : Creating shared instance of singleton bean 'org.springframework.data.web.config.SpringDataWebConfiguration'
2024-12-19T11:11:23.329+01:00 DEBUG 14736 --- [main] o.s.b.f.s.DefaultListableBeanFactory     : Autowiring by type from bean name 'org.springframework.data.web.config.SpringDataWebConfiguration' via constructor to bean named 'org.springframework.web.context.support.GenericWebApplicationContext@66eb985d'
2024-12-19T11:11:23.334+01:00 DEBUG 14736 --- [main] o.s.b.f.s.DefaultListableBeanFactory     : Creating shared instance of singleton bean 'welcomePageHandlerMapping'
2024-12-19T11:11:23.336+01:00 DEBUG 14736 --- [main] o.s.b.f.s.DefaultListableBeanFactory     : Creating shared instance of singleton bean 'mvcConversionService'
2024-12-19T11:11:23.347+01:00 DEBUG 14736 --- [main] o.s.b.f.s.DefaultListableBeanFactory     : Creating shared instance of singleton bean 'mvcResourceUrlProvider'
2024-12-19T11:11:23.350+01:00 DEBUG 14736 --- [main] o.s.b.f.s.DefaultListableBeanFactory     : Autowiring by type from bean name 'welcomePageHandlerMapping' via factory method to bean named 'org.springframework.web.context.support.GenericWebApplicationContext@66eb985d'
2024-12-19T11:11:23.350+01:00 DEBUG 14736 --- [main] o.s.b.f.s.DefaultListableBeanFactory     : Autowiring by type from bean name 'welcomePageHandlerMapping' via factory method to bean named 'mvcConversionService'
2024-12-19T11:11:23.350+01:00 DEBUG 14736 --- [main] o.s.b.f.s.DefaultListableBeanFactory     : Autowiring by type from bean name 'welcomePageHandlerMapping' via factory method to bean named 'mvcResourceUrlProvider'
2024-12-19T11:11:23.388+01:00 DEBUG 14736 --- [main] o.s.b.f.s.DefaultListableBeanFactory     : Creating shared instance of singleton bean 'welcomePageNotAcceptableHandlerMapping'
2024-12-19T11:11:23.389+01:00 DEBUG 14736 --- [main] o.s.b.f.s.DefaultListableBeanFactory     : Autowiring by type from bean name 'welcomePageNotAcceptableHandlerMapping' via factory method to bean named 'org.springframework.web.context.support.GenericWebApplicationContext@66eb985d'
2024-12-19T11:11:23.389+01:00 DEBUG 14736 --- [main] o.s.b.f.s.DefaultListableBeanFactory     : Autowiring by type from bean name 'welcomePageNotAcceptableHandlerMapping' via factory method to bean named 'mvcConversionService'
2024-12-19T11:11:23.389+01:00 DEBUG 14736 --- [main] o.s.b.f.s.DefaultListableBeanFactory     : Autowiring by type from bean name 'welcomePageNotAcceptableHandlerMapping' via factory method to bean named 'mvcResourceUrlProvider'
2024-12-19T11:11:23.395+01:00 DEBUG 14736 --- [main] o.s.b.f.s.DefaultListableBeanFactory     : Creating shared instance of singleton bean 'localeResolver'
2024-12-19T11:11:23.401+01:00 DEBUG 14736 --- [main] o.s.b.f.s.DefaultListableBeanFactory     : Creating shared instance of singleton bean 'themeResolver'
2024-12-19T11:11:23.403+01:00 DEBUG 14736 --- [main] o.s.b.f.s.DefaultListableBeanFactory     : Creating shared instance of singleton bean 'flashMapManager'
2024-12-19T11:11:23.407+01:00 DEBUG 14736 --- [main] o.s.b.f.s.DefaultListableBeanFactory     : Creating shared instance of singleton bean 'mvcValidator'
2024-12-19T11:11:23.408+01:00 DEBUG 14736 --- [main] o.s.b.f.s.DefaultListableBeanFactory     : Creating shared instance of singleton bean 'mvcContentNegotiationManager'
2024-12-19T11:11:23.414+01:00 DEBUG 14736 --- [main] o.s.b.f.s.DefaultListableBeanFactory     : Creating shared instance of singleton bean 'requestMappingHandlerMapping'
2024-12-19T11:11:23.415+01:00 DEBUG 14736 --- [main] o.s.b.f.s.DefaultListableBeanFactory     : Autowiring by type from bean name 'requestMappingHandlerMapping' via factory method to bean named 'mvcContentNegotiationManager'
2024-12-19T11:11:23.415+01:00 DEBUG 14736 --- [main] o.s.b.f.s.DefaultListableBeanFactory     : Autowiring by type from bean name 'requestMappingHandlerMapping' via factory method to bean named 'mvcConversionService'
2024-12-19T11:11:23.416+01:00 DEBUG 14736 --- [main] o.s.b.f.s.DefaultListableBeanFactory     : Autowiring by type from bean name 'requestMappingHandlerMapping' via factory method to bean named 'mvcResourceUrlProvider'
2024-12-19T11:11:23.446+01:00 DEBUG 14736 --- [main] _.s.web.servlet.HandlerMapping.Mappings  : 
	a.t.p.r.DocumentController:
	{POST [/api/documents/upload]}: uploadDocument(MultipartFile)
	{GET [/api/documents]}: getDocuments()
2024-12-19T11:11:23.451+01:00 DEBUG 14736 --- [main] _.s.web.servlet.HandlerMapping.Mappings  : 
	o.s.b.a.w.s.e.BasicErrorController:
	{ [/error]}: error(HttpServletRequest)
	{ [/error], produces [text/html]}: errorHtml(HttpServletRequest,HttpServletResponse)
2024-12-19T11:11:23.454+01:00 DEBUG 14736 --- [main] s.w.s.m.m.a.RequestMappingHandlerMapping : 4 mappings in 'requestMappingHandlerMapping'
2024-12-19T11:11:23.457+01:00 DEBUG 14736 --- [main] o.s.b.f.s.DefaultListableBeanFactory     : Creating shared instance of singleton bean 'mvcPatternParser'
2024-12-19T11:11:23.457+01:00 DEBUG 14736 --- [main] o.s.b.f.s.DefaultListableBeanFactory     : Creating shared instance of singleton bean 'mvcUrlPathHelper'
2024-12-19T11:11:23.458+01:00 DEBUG 14736 --- [main] o.s.b.f.s.DefaultListableBeanFactory     : Creating shared instance of singleton bean 'mvcPathMatcher'
2024-12-19T11:11:23.459+01:00 DEBUG 14736 --- [main] o.s.b.f.s.DefaultListableBeanFactory     : Creating shared instance of singleton bean 'viewControllerHandlerMapping'
2024-12-19T11:11:23.459+01:00 DEBUG 14736 --- [main] o.s.b.f.s.DefaultListableBeanFactory     : Autowiring by type from bean name 'viewControllerHandlerMapping' via factory method to bean named 'mvcConversionService'
2024-12-19T11:11:23.459+01:00 DEBUG 14736 --- [main] o.s.b.f.s.DefaultListableBeanFactory     : Autowiring by type from bean name 'viewControllerHandlerMapping' via factory method to bean named 'mvcResourceUrlProvider'
2024-12-19T11:11:23.459+01:00 DEBUG 14736 --- [main] o.s.b.f.s.DefaultListableBeanFactory     : Creating shared instance of singleton bean 'beanNameHandlerMapping'
2024-12-19T11:11:23.460+01:00 DEBUG 14736 --- [main] o.s.b.f.s.DefaultListableBeanFactory     : Autowiring by type from bean name 'beanNameHandlerMapping' via factory method to bean named 'mvcConversionService'
2024-12-19T11:11:23.460+01:00 DEBUG 14736 --- [main] o.s.b.f.s.DefaultListableBeanFactory     : Autowiring by type from bean name 'beanNameHandlerMapping' via factory method to bean named 'mvcResourceUrlProvider'
2024-12-19T11:11:23.462+01:00 DEBUG 14736 --- [main] _.s.web.servlet.HandlerMapping.Mappings  : 'beanNameHandlerMapping' {}
2024-12-19T11:11:23.463+01:00 DEBUG 14736 --- [main] o.s.b.f.s.DefaultListableBeanFactory     : Creating shared instance of singleton bean 'routerFunctionMapping'
2024-12-19T11:11:23.464+01:00 DEBUG 14736 --- [main] o.s.b.f.s.DefaultListableBeanFactory     : Autowiring by type from bean name 'routerFunctionMapping' via factory method to bean named 'mvcConversionService'
2024-12-19T11:11:23.464+01:00 DEBUG 14736 --- [main] o.s.b.f.s.DefaultListableBeanFactory     : Autowiring by type from bean name 'routerFunctionMapping' via factory method to bean named 'mvcResourceUrlProvider'
2024-12-19T11:11:23.465+01:00 DEBUG 14736 --- [main] o.s.b.f.s.DefaultListableBeanFactory     : Creating shared instance of singleton bean 'messageConverters'
2024-12-19T11:11:23.465+01:00 DEBUG 14736 --- [main] o.s.b.f.s.DefaultListableBeanFactory     : Creating shared instance of singleton bean 'org.springframework.boot.autoconfigure.http.HttpMessageConvertersAutoConfiguration'
2024-12-19T11:11:23.468+01:00 DEBUG 14736 --- [main] o.s.b.f.s.DefaultListableBeanFactory     : Creating shared instance of singleton bean 'stringHttpMessageConverter'
2024-12-19T11:11:23.468+01:00 DEBUG 14736 --- [main] o.s.b.f.s.DefaultListableBeanFactory     : Creating shared instance of singleton bean 'org.springframework.boot.autoconfigure.http.HttpMessageConvertersAutoConfiguration$StringHttpMessageConverterConfiguration'
2024-12-19T11:11:23.469+01:00 DEBUG 14736 --- [main] o.s.b.f.s.DefaultListableBeanFactory     : Autowiring by type from bean name 'stringHttpMessageConverter' via factory method to bean named 'environment'
2024-12-19T11:11:23.472+01:00 DEBUG 14736 --- [main] o.s.b.f.s.DefaultListableBeanFactory     : Creating shared instance of singleton bean 'mappingJackson2HttpMessageConverter'
2024-12-19T11:11:23.472+01:00 DEBUG 14736 --- [main] o.s.b.f.s.DefaultListableBeanFactory     : Creating shared instance of singleton bean 'org.springframework.boot.autoconfigure.http.JacksonHttpMessageConvertersConfiguration$MappingJackson2HttpMessageConverterConfiguration'
2024-12-19T11:11:23.473+01:00 DEBUG 14736 --- [main] o.s.b.f.s.DefaultListableBeanFactory     : Creating shared instance of singleton bean 'jacksonObjectMapper'
2024-12-19T11:11:23.473+01:00 DEBUG 14736 --- [main] o.s.b.f.s.DefaultListableBeanFactory     : Creating shared instance of singleton bean 'org.springframework.boot.autoconfigure.jackson.JacksonAutoConfiguration$JacksonObjectMapperConfiguration'
2024-12-19T11:11:23.474+01:00 DEBUG 14736 --- [main] o.s.b.f.s.DefaultListableBeanFactory     : Creating shared instance of singleton bean 'org.springframework.boot.autoconfigure.jackson.JacksonAutoConfiguration$JacksonObjectMapperBuilderConfiguration'
2024-12-19T11:11:23.475+01:00 DEBUG 14736 --- [main] o.s.b.f.s.DefaultListableBeanFactory     : Creating shared instance of singleton bean 'standardJacksonObjectMapperBuilderCustomizer'
2024-12-19T11:11:23.475+01:00 DEBUG 14736 --- [main] o.s.b.f.s.DefaultListableBeanFactory     : Creating shared instance of singleton bean 'org.springframework.boot.autoconfigure.jackson.JacksonAutoConfiguration$Jackson2ObjectMapperBuilderCustomizerConfiguration'
2024-12-19T11:11:23.475+01:00 DEBUG 14736 --- [main] o.s.b.f.s.DefaultListableBeanFactory     : Creating shared instance of singleton bean 'spring.jackson-org.springframework.boot.autoconfigure.jackson.JacksonProperties'
2024-12-19T11:11:23.480+01:00 DEBUG 14736 --- [main] o.s.b.f.s.DefaultListableBeanFactory     : Autowiring by type from bean name 'standardJacksonObjectMapperBuilderCustomizer' via factory method to bean named 'spring.jackson-org.springframework.boot.autoconfigure.jackson.JacksonProperties'
2024-12-19T11:11:23.481+01:00 DEBUG 14736 --- [main] o.s.b.f.s.DefaultListableBeanFactory     : Creating shared instance of singleton bean 'parameterNamesModule'
2024-12-19T11:11:23.481+01:00 DEBUG 14736 --- [main] o.s.b.f.s.DefaultListableBeanFactory     : Creating shared instance of singleton bean 'org.springframework.boot.autoconfigure.jackson.JacksonAutoConfiguration$ParameterNamesModuleConfiguration'
2024-12-19T11:11:23.485+01:00 DEBUG 14736 --- [main] o.s.b.f.s.DefaultListableBeanFactory     : Creating shared instance of singleton bean 'jsonMixinModule'
2024-12-19T11:11:23.485+01:00 DEBUG 14736 --- [main] o.s.b.f.s.DefaultListableBeanFactory     : Creating shared instance of singleton bean 'org.springframework.boot.autoconfigure.jackson.JacksonAutoConfiguration$JacksonMixinConfiguration'
2024-12-19T11:11:23.486+01:00 DEBUG 14736 --- [main] o.s.b.f.s.DefaultListableBeanFactory     : Creating shared instance of singleton bean 'jsonMixinModuleEntries'
2024-12-19T11:11:23.486+01:00 DEBUG 14736 --- [main] o.s.b.f.s.DefaultListableBeanFactory     : Autowiring by type from bean name 'jsonMixinModuleEntries' via factory method to bean named 'org.springframework.web.context.support.GenericWebApplicationContext@66eb985d'
2024-12-19T11:11:23.491+01:00 DEBUG 14736 --- [main] o.s.b.f.s.DefaultListableBeanFactory     : Autowiring by type from bean name 'jsonMixinModule' via factory method to bean named 'org.springframework.web.context.support.GenericWebApplicationContext@66eb985d'
2024-12-19T11:11:23.492+01:00 DEBUG 14736 --- [main] o.s.b.f.s.DefaultListableBeanFactory     : Autowiring by type from bean name 'jsonMixinModule' via factory method to bean named 'jsonMixinModuleEntries'
2024-12-19T11:11:23.493+01:00 DEBUG 14736 --- [main] o.s.b.f.s.DefaultListableBeanFactory     : Creating shared instance of singleton bean 'jsonComponentModule'
2024-12-19T11:11:23.493+01:00 DEBUG 14736 --- [main] o.s.b.f.s.DefaultListableBeanFactory     : Creating shared instance of singleton bean 'org.springframework.boot.autoconfigure.jackson.JacksonAutoConfiguration'
2024-12-19T11:11:23.497+01:00 DEBUG 14736 --- [main] o.s.b.f.s.DefaultListableBeanFactory     : Creating shared instance of singleton bean 'jacksonGeoModule'
2024-12-19T11:11:23.498+01:00 DEBUG 14736 --- [main] o.s.b.f.s.DefaultListableBeanFactory     : Creating shared instance of singleton bean 'org.springframework.data.web.config.SpringDataJacksonConfiguration'
2024-12-19T11:11:23.502+01:00 DEBUG 14736 --- [main] o.s.b.f.s.DefaultListableBeanFactory     : Creating shared instance of singleton bean 'pageModule'
2024-12-19T11:11:23.505+01:00 DEBUG 14736 --- [main] o.s.b.f.s.DefaultListableBeanFactory     : Autowiring by type from bean name 'jacksonObjectMapperBuilder' via factory method to bean named 'org.springframework.web.context.support.GenericWebApplicationContext@66eb985d'
2024-12-19T11:11:23.505+01:00 DEBUG 14736 --- [main] o.s.b.f.s.DefaultListableBeanFactory     : Autowiring by type from bean name 'jacksonObjectMapperBuilder' via factory method to bean named 'standardJacksonObjectMapperBuilderCustomizer'
2024-12-19T11:11:23.507+01:00 DEBUG 14736 --- [main] o.s.b.f.s.DefaultListableBeanFactory     : Autowiring by type from bean name 'jacksonObjectMapper' via factory method to bean named 'jacksonObjectMapperBuilder'
2024-12-19T11:11:23.522+01:00 DEBUG 14736 --- [main] o.s.b.f.s.DefaultListableBeanFactory     : Autowiring by type from bean name 'mappingJackson2HttpMessageConverter' via factory method to bean named 'jacksonObjectMapper'
2024-12-19T11:11:23.565+01:00 DEBUG 14736 --- [main] o.s.b.f.s.DefaultListableBeanFactory     : Creating shared instance of singleton bean 'resourceHandlerMapping'
2024-12-19T11:11:23.566+01:00 DEBUG 14736 --- [main] o.s.b.f.s.DefaultListableBeanFactory     : Autowiring by type from bean name 'resourceHandlerMapping' via factory method to bean named 'mvcContentNegotiationManager'
2024-12-19T11:11:23.566+01:00 DEBUG 14736 --- [main] o.s.b.f.s.DefaultListableBeanFactory     : Autowiring by type from bean name 'resourceHandlerMapping' via factory method to bean named 'mvcConversionService'
2024-12-19T11:11:23.566+01:00 DEBUG 14736 --- [main] o.s.b.f.s.DefaultListableBeanFactory     : Autowiring by type from bean name 'resourceHandlerMapping' via factory method to bean named 'mvcResourceUrlProvider'
2024-12-19T11:11:23.575+01:00 DEBUG 14736 --- [main] _.s.web.servlet.HandlerMapping.Mappings  : 'resourceHandlerMapping' {/webjars/**=ResourceHttpRequestHandler [classpath [META-INF/resources/webjars/]], /**=ResourceHttpRequestHandler [classpath [META-INF/resources/], classpath [resources/], classpath [static/], classpath [public/], ServletContext [/]]}
2024-12-19T11:11:23.576+01:00 DEBUG 14736 --- [main] o.s.b.f.s.DefaultListableBeanFactory     : Creating shared instance of singleton bean 'defaultServletHandlerMapping'
2024-12-19T11:11:23.576+01:00 DEBUG 14736 --- [main] o.s.b.f.s.DefaultListableBeanFactory     : Creating shared instance of singleton bean 'requestMappingHandlerAdapter'
2024-12-19T11:11:23.576+01:00 DEBUG 14736 --- [main] o.s.b.f.s.DefaultListableBeanFactory     : Autowiring by type from bean name 'requestMappingHandlerAdapter' via factory method to bean named 'mvcContentNegotiationManager'
2024-12-19T11:11:23.576+01:00 DEBUG 14736 --- [main] o.s.b.f.s.DefaultListableBeanFactory     : Autowiring by type from bean name 'requestMappingHandlerAdapter' via factory method to bean named 'mvcConversionService'
2024-12-19T11:11:23.577+01:00 DEBUG 14736 --- [main] o.s.b.f.s.DefaultListableBeanFactory     : Autowiring by type from bean name 'requestMappingHandlerAdapter' via factory method to bean named 'mvcValidator'
2024-12-19T11:11:23.584+01:00 DEBUG 14736 --- [main] o.s.b.f.s.DefaultListableBeanFactory     : Creating shared instance of singleton bean 'sortResolver'
2024-12-19T11:11:23.588+01:00 DEBUG 14736 --- [main] o.s.b.f.s.DefaultListableBeanFactory     : Creating shared instance of singleton bean 'sortCustomizer'
2024-12-19T11:11:23.588+01:00 DEBUG 14736 --- [main] o.s.b.f.s.DefaultListableBeanFactory     : Creating shared instance of singleton bean 'org.springframework.boot.autoconfigure.data.web.SpringDataWebAutoConfiguration'
2024-12-19T11:11:23.588+01:00 DEBUG 14736 --- [main] o.s.b.f.s.DefaultListableBeanFactory     : Creating shared instance of singleton bean 'spring.data.web-org.springframework.boot.autoconfigure.data.web.SpringDataWebProperties'
2024-12-19T11:11:23.589+01:00 DEBUG 14736 --- [main] o.s.b.f.s.DefaultListableBeanFactory     : Autowiring by type from bean name 'org.springframework.boot.autoconfigure.data.web.SpringDataWebAutoConfiguration' via constructor to bean named 'spring.data.web-org.springframework.boot.autoconfigure.data.web.SpringDataWebProperties'
2024-12-19T11:11:23.592+01:00 DEBUG 14736 --- [main] o.s.b.f.s.DefaultListableBeanFactory     : Creating shared instance of singleton bean 'pageableResolver'
2024-12-19T11:11:23.594+01:00 DEBUG 14736 --- [main] o.s.b.f.s.DefaultListableBeanFactory     : Creating shared instance of singleton bean 'pageableCustomizer'
2024-12-19T11:11:23.597+01:00 DEBUG 14736 --- [main] o.s.b.f.s.DefaultListableBeanFactory     : Creating shared instance of singleton bean 'applicationTaskExecutor'
2024-12-19T11:11:23.598+01:00 DEBUG 14736 --- [main] o.s.b.f.s.DefaultListableBeanFactory     : Autowiring by type from bean name 'applicationTaskExecutor' via factory method to bean named 'taskExecutorBuilder'
2024-12-19T11:11:23.603+01:00 DEBUG 14736 --- [main] o.s.s.concurrent.ThreadPoolTaskExecutor  : Initializing ExecutorService 'applicationTaskExecutor'
2024-12-19T11:11:23.615+01:00 DEBUG 14736 --- [main] s.w.s.m.m.a.RequestMappingHandlerAdapter : ControllerAdvice beans: 0 @ModelAttribute, 0 @InitBinder, 1 RequestBodyAdvice, 1 ResponseBodyAdvice
2024-12-19T11:11:23.649+01:00 DEBUG 14736 --- [main] o.s.b.f.s.DefaultListableBeanFactory     : Creating shared instance of singleton bean 'handlerFunctionAdapter'
2024-12-19T11:11:23.652+01:00 DEBUG 14736 --- [main] o.s.b.f.s.DefaultListableBeanFactory     : Creating shared instance of singleton bean 'mvcUriComponentsContributor'
2024-12-19T11:11:23.652+01:00 DEBUG 14736 --- [main] o.s.b.f.s.DefaultListableBeanFactory     : Autowiring by type from bean name 'mvcUriComponentsContributor' via factory method to bean named 'mvcConversionService'
2024-12-19T11:11:23.652+01:00 DEBUG 14736 --- [main] o.s.b.f.s.DefaultListableBeanFactory     : Autowiring by type from bean name 'mvcUriComponentsContributor' via factory method to bean named 'requestMappingHandlerAdapter'
2024-12-19T11:11:23.656+01:00 DEBUG 14736 --- [main] o.s.b.f.s.DefaultListableBeanFactory     : Creating shared instance of singleton bean 'httpRequestHandlerAdapter'
2024-12-19T11:11:23.657+01:00 DEBUG 14736 --- [main] o.s.b.f.s.DefaultListableBeanFactory     : Creating shared instance of singleton bean 'simpleControllerHandlerAdapter'
2024-12-19T11:11:23.658+01:00 DEBUG 14736 --- [main] o.s.b.f.s.DefaultListableBeanFactory     : Creating shared instance of singleton bean 'handlerExceptionResolver'
2024-12-19T11:11:23.658+01:00 DEBUG 14736 --- [main] o.s.b.f.s.DefaultListableBeanFactory     : Autowiring by type from bean name 'handlerExceptionResolver' via factory method to bean named 'mvcContentNegotiationManager'
2024-12-19T11:11:23.660+01:00 DEBUG 14736 --- [main] .m.m.a.ExceptionHandlerExceptionResolver : ControllerAdvice beans: 0 @ExceptionHandler, 1 ResponseBodyAdvice
2024-12-19T11:11:23.665+01:00 DEBUG 14736 --- [main] o.s.b.f.s.DefaultListableBeanFactory     : Creating shared instance of singleton bean 'mvcViewResolver'
2024-12-19T11:11:23.665+01:00 DEBUG 14736 --- [main] o.s.b.f.s.DefaultListableBeanFactory     : Autowiring by type from bean name 'mvcViewResolver' via factory method to bean named 'mvcContentNegotiationManager'
2024-12-19T11:11:23.669+01:00 DEBUG 14736 --- [main] o.s.b.f.s.DefaultListableBeanFactory     : Creating shared instance of singleton bean 'viewNameTranslator'
2024-12-19T11:11:23.670+01:00 DEBUG 14736 --- [main] o.s.b.f.s.DefaultListableBeanFactory     : Creating shared instance of singleton bean 'defaultViewResolver'
2024-12-19T11:11:23.678+01:00 DEBUG 14736 --- [main] o.s.b.f.s.DefaultListableBeanFactory     : Creating shared instance of singleton bean 'viewResolver'
2024-12-19T11:11:23.678+01:00 DEBUG 14736 --- [main] o.s.b.f.s.DefaultListableBeanFactory     : Autowiring by type from bean name 'viewResolver' via factory method to bean named 'org.springframework.beans.factory.support.DefaultListableBeanFactory@1bcf67e8'
2024-12-19T11:11:23.679+01:00 DEBUG 14736 --- [main] o.s.b.f.s.DefaultListableBeanFactory     : Creating shared instance of singleton bean 'viewResolver'
2024-12-19T11:11:23.681+01:00 DEBUG 14736 --- [main] o.s.b.f.s.DefaultListableBeanFactory     : Creating shared instance of singleton bean 'requestContextFilter'
2024-12-19T11:11:23.684+01:00 DEBUG 14736 --- [main] o.s.b.f.s.DefaultListableBeanFactory     : Creating shared instance of singleton bean 'org.springframework.boot.autoconfigure.web.servlet.WebMvcAutoConfiguration'
2024-12-19T11:11:23.685+01:00 DEBUG 14736 --- [main] o.s.b.f.s.DefaultListableBeanFactory     : Creating shared instance of singleton bean 'formContentFilter'
2024-12-19T11:11:23.687+01:00 DEBUG 14736 --- [main] o.s.b.f.s.DefaultListableBeanFactory     : Creating shared instance of singleton bean 'amqpAdmin'
2024-12-19T11:11:23.687+01:00 DEBUG 14736 --- [main] o.s.b.f.s.DefaultListableBeanFactory     : Autowiring by type from bean name 'amqpAdmin' via factory method to bean named 'rabbitConnectionFactory'
2024-12-19T11:11:23.699+01:00 DEBUG 14736 --- [main] o.s.b.f.s.DefaultListableBeanFactory     : Creating shared instance of singleton bean 'org.springframework.boot.autoconfigure.amqp.RabbitAutoConfiguration$MessagingTemplateConfiguration'
2024-12-19T11:11:23.700+01:00 DEBUG 14736 --- [main] o.s.b.f.s.DefaultListableBeanFactory     : Creating shared instance of singleton bean 'rabbitMessagingTemplate'
2024-12-19T11:11:23.700+01:00 DEBUG 14736 --- [main] o.s.b.f.s.DefaultListableBeanFactory     : Autowiring by type from bean name 'rabbitMessagingTemplate' via factory method to bean named 'rabbitTemplate'
2024-12-19T11:11:23.709+01:00 DEBUG 14736 --- [main] o.s.b.f.s.DefaultListableBeanFactory     : Creating shared instance of singleton bean 'org.springframework.boot.autoconfigure.amqp.RabbitAnnotationDrivenConfiguration$EnableRabbitConfiguration'
2024-12-19T11:11:23.710+01:00 DEBUG 14736 --- [main] o.s.b.f.s.DefaultListableBeanFactory     : Creating shared instance of singleton bean 'org.springframework.amqp.rabbit.config.internalRabbitListenerEndpointRegistry'
2024-12-19T11:11:23.711+01:00 DEBUG 14736 --- [main] o.s.b.f.s.DefaultListableBeanFactory     : Creating shared instance of singleton bean 'org.springframework.boot.autoconfigure.amqp.RabbitAnnotationDrivenConfiguration'
2024-12-19T11:11:23.712+01:00 DEBUG 14736 --- [main] o.s.b.f.s.DefaultListableBeanFactory     : Autowiring by type from bean name 'org.springframework.boot.autoconfigure.amqp.RabbitAnnotationDrivenConfiguration' via constructor to bean named 'spring.rabbitmq-org.springframework.boot.autoconfigure.amqp.RabbitProperties'
2024-12-19T11:11:23.713+01:00 DEBUG 14736 --- [main] o.s.b.f.s.DefaultListableBeanFactory     : Creating shared instance of singleton bean 'simpleRabbitListenerContainerFactoryConfigurer'
2024-12-19T11:11:23.718+01:00 DEBUG 14736 --- [main] o.s.b.f.s.DefaultListableBeanFactory     : Creating shared instance of singleton bean 'rabbitListenerContainerFactory'
2024-12-19T11:11:23.720+01:00 DEBUG 14736 --- [main] o.s.b.f.s.DefaultListableBeanFactory     : Autowiring by type from bean name 'rabbitListenerContainerFactory' via factory method to bean named 'simpleRabbitListenerContainerFactoryConfigurer'
2024-12-19T11:11:23.720+01:00 DEBUG 14736 --- [main] o.s.b.f.s.DefaultListableBeanFactory     : Autowiring by type from bean name 'rabbitListenerContainerFactory' via factory method to bean named 'rabbitConnectionFactory'
2024-12-19T11:11:23.726+01:00 DEBUG 14736 --- [main] o.s.b.f.s.DefaultListableBeanFactory     : Creating shared instance of singleton bean 'directRabbitListenerContainerFactoryConfigurer'
2024-12-19T11:11:23.727+01:00 DEBUG 14736 --- [main] o.s.b.f.s.DefaultListableBeanFactory     : Creating shared instance of singleton bean 'org.springframework.boot.autoconfigure.amqp.RabbitAutoConfiguration'
2024-12-19T11:11:23.727+01:00 DEBUG 14736 --- [main] o.s.b.f.s.DefaultListableBeanFactory     : Creating shared instance of singleton bean 'org.springframework.boot.autoconfigure.aop.AopAutoConfiguration$AspectJAutoProxyingConfiguration$CglibAutoProxyConfiguration'
2024-12-19T11:11:23.727+01:00 DEBUG 14736 --- [main] o.s.b.f.s.DefaultListableBeanFactory     : Creating shared instance of singleton bean 'org.springframework.boot.autoconfigure.aop.AopAutoConfiguration$AspectJAutoProxyingConfiguration'
2024-12-19T11:11:23.727+01:00 DEBUG 14736 --- [main] o.s.b.f.s.DefaultListableBeanFactory     : Creating shared instance of singleton bean 'org.springframework.boot.autoconfigure.aop.AopAutoConfiguration'
2024-12-19T11:11:23.727+01:00 DEBUG 14736 --- [main] o.s.b.f.s.DefaultListableBeanFactory     : Creating shared instance of singleton bean 'org.springframework.boot.autoconfigure.availability.ApplicationAvailabilityAutoConfiguration'
2024-12-19T11:11:23.728+01:00 DEBUG 14736 --- [main] o.s.b.f.s.DefaultListableBeanFactory     : Creating shared instance of singleton bean 'applicationAvailability'
2024-12-19T11:11:23.729+01:00 DEBUG 14736 --- [main] o.s.b.f.s.DefaultListableBeanFactory     : Creating shared instance of singleton bean 'org.springframework.boot.autoconfigure.transaction.jta.JtaAutoConfiguration'
2024-12-19T11:11:23.730+01:00 DEBUG 14736 --- [main] o.s.b.f.s.DefaultListableBeanFactory     : Creating shared instance of singleton bean 'org.springframework.boot.autoconfigure.jdbc.metadata.DataSourcePoolMetadataProvidersConfiguration'
2024-12-19T11:11:23.730+01:00 DEBUG 14736 --- [main] o.s.b.f.s.DefaultListableBeanFactory     : Creating shared instance of singleton bean 'org.springframework.boot.autoconfigure.jdbc.DataSourceAutoConfiguration'
2024-12-19T11:11:23.731+01:00 DEBUG 14736 --- [main] o.s.b.f.s.DefaultListableBeanFactory     : Creating shared instance of singleton bean 'org.springframework.boot.autoconfigure.transaction.TransactionManagerCustomizationAutoConfiguration'
2024-12-19T11:11:23.731+01:00 DEBUG 14736 --- [main] o.s.b.f.s.DefaultListableBeanFactory     : Creating shared instance of singleton bean 'platformTransactionManagerCustomizers'
2024-12-19T11:11:23.732+01:00 DEBUG 14736 --- [main] o.s.b.f.s.DefaultListableBeanFactory     : Creating shared instance of singleton bean 'transactionExecutionListeners'
2024-12-19T11:11:23.733+01:00 DEBUG 14736 --- [main] o.s.b.f.s.DefaultListableBeanFactory     : Creating shared instance of singleton bean 'spring.transaction-org.springframework.boot.autoconfigure.transaction.TransactionProperties'
2024-12-19T11:11:23.734+01:00 DEBUG 14736 --- [main] o.s.b.f.s.DefaultListableBeanFactory     : Creating shared instance of singleton bean 'org.springframework.boot.autoconfigure.orm.jpa.JpaBaseConfiguration$PersistenceManagedTypesConfiguration'
2024-12-19T11:11:23.735+01:00 DEBUG 14736 --- [main] o.s.b.f.s.DefaultListableBeanFactory     : Creating shared instance of singleton bean 'transactionManager'
2024-12-19T11:11:23.743+01:00 DEBUG 14736 --- [main] o.s.b.f.s.DefaultListableBeanFactory     : Creating shared instance of singleton bean 'org.springframework.boot.autoconfigure.orm.jpa.HibernateJpaAutoConfiguration'
2024-12-19T11:11:23.744+01:00 DEBUG 14736 --- [main] o.s.b.f.s.DefaultListableBeanFactory     : Creating shared instance of singleton bean 'org.springframework.boot.autoconfigure.context.ConfigurationPropertiesAutoConfiguration'
2024-12-19T11:11:23.744+01:00 DEBUG 14736 --- [main] o.s.b.f.s.DefaultListableBeanFactory     : Creating shared instance of singleton bean 'org.springframework.boot.autoconfigure.context.LifecycleAutoConfiguration'
2024-12-19T11:11:23.745+01:00 DEBUG 14736 --- [main] o.s.b.f.s.DefaultListableBeanFactory     : Creating shared instance of singleton bean 'lifecycleProcessor'
2024-12-19T11:11:23.746+01:00 DEBUG 14736 --- [main] o.s.b.f.s.DefaultListableBeanFactory     : Creating shared instance of singleton bean 'spring.lifecycle-org.springframework.boot.autoconfigure.context.LifecycleProperties'
2024-12-19T11:11:23.747+01:00 DEBUG 14736 --- [main] o.s.b.f.s.DefaultListableBeanFactory     : Autowiring by type from bean name 'lifecycleProcessor' via factory method to bean named 'spring.lifecycle-org.springframework.boot.autoconfigure.context.LifecycleProperties'
2024-12-19T11:11:23.749+01:00 DEBUG 14736 --- [main] o.s.b.f.s.DefaultListableBeanFactory     : Creating shared instance of singleton bean 'org.springframework.boot.autoconfigure.dao.PersistenceExceptionTranslationAutoConfiguration'
2024-12-19T11:11:23.749+01:00 DEBUG 14736 --- [main] o.s.b.f.s.DefaultListableBeanFactory     : Creating shared instance of singleton bean 'org.springframework.boot.autoconfigure.http.JacksonHttpMessageConvertersConfiguration'
2024-12-19T11:11:23.749+01:00 DEBUG 14736 --- [main] o.s.b.f.s.DefaultListableBeanFactory     : Creating shared instance of singleton bean 'org.springframework.data.web.config.ProjectingArgumentResolverRegistrar'
2024-12-19T11:11:23.749+01:00 DEBUG 14736 --- [main] o.s.b.f.s.DefaultListableBeanFactory     : Creating shared instance of singleton bean 'offsetResolver'
2024-12-19T11:11:23.752+01:00 DEBUG 14736 --- [main] o.s.b.f.s.DefaultListableBeanFactory     : Creating shared instance of singleton bean 'org.springframework.boot.autoconfigure.info.ProjectInfoAutoConfiguration'
2024-12-19T11:11:23.755+01:00 DEBUG 14736 --- [main] o.s.b.f.s.DefaultListableBeanFactory     : Creating shared instance of singleton bean 'spring.info-org.springframework.boot.autoconfigure.info.ProjectInfoProperties'
2024-12-19T11:11:23.756+01:00 DEBUG 14736 --- [main] o.s.b.f.s.DefaultListableBeanFactory     : Autowiring by type from bean name 'org.springframework.boot.autoconfigure.info.ProjectInfoAutoConfiguration' via constructor to bean named 'spring.info-org.springframework.boot.autoconfigure.info.ProjectInfoProperties'
2024-12-19T11:11:23.756+01:00 DEBUG 14736 --- [main] o.s.b.f.s.DefaultListableBeanFactory     : Creating shared instance of singleton bean 'org.springframework.boot.autoconfigure.jdbc.JdbcTemplateConfiguration'
2024-12-19T11:11:23.756+01:00 DEBUG 14736 --- [main] o.s.b.f.s.DefaultListableBeanFactory     : Creating shared instance of singleton bean 'jdbcTemplate'
2024-12-19T11:11:23.756+01:00 DEBUG 14736 --- [main] o.s.b.f.s.DefaultListableBeanFactory     : Creating shared instance of singleton bean 'spring.jdbc-org.springframework.boot.autoconfigure.jdbc.JdbcProperties'
2024-12-19T11:11:23.757+01:00 DEBUG 14736 --- [main] o.s.b.f.s.DefaultListableBeanFactory     : Autowiring by type from bean name 'jdbcTemplate' via factory method to bean named 'dataSource'
2024-12-19T11:11:23.757+01:00 DEBUG 14736 --- [main] o.s.b.f.s.DefaultListableBeanFactory     : Autowiring by type from bean name 'jdbcTemplate' via factory method to bean named 'spring.jdbc-org.springframework.boot.autoconfigure.jdbc.JdbcProperties'
2024-12-19T11:11:23.769+01:00 DEBUG 14736 --- [main] o.s.b.f.s.DefaultListableBeanFactory     : Creating shared instance of singleton bean 'org.springframework.boot.autoconfigure.jdbc.NamedParameterJdbcTemplateConfiguration'
2024-12-19T11:11:23.770+01:00 DEBUG 14736 --- [main] o.s.b.f.s.DefaultListableBeanFactory     : Creating shared instance of singleton bean 'namedParameterJdbcTemplate'
2024-12-19T11:11:23.770+01:00 DEBUG 14736 --- [main] o.s.b.f.s.DefaultListableBeanFactory     : Autowiring by type from bean name 'namedParameterJdbcTemplate' via factory method to bean named 'jdbcTemplate'
2024-12-19T11:11:23.775+01:00 DEBUG 14736 --- [main] o.s.b.f.s.DefaultListableBeanFactory     : Creating shared instance of singleton bean 'org.springframework.boot.autoconfigure.jdbc.JdbcTemplateAutoConfiguration'
2024-12-19T11:11:23.775+01:00 DEBUG 14736 --- [main] o.s.b.f.s.DefaultListableBeanFactory     : Creating shared instance of singleton bean 'org.springframework.boot.autoconfigure.jdbc.JdbcClientAutoConfiguration'
2024-12-19T11:11:23.775+01:00 DEBUG 14736 --- [main] o.s.b.f.s.DefaultListableBeanFactory     : Creating shared instance of singleton bean 'jdbcClient'
2024-12-19T11:11:23.776+01:00 DEBUG 14736 --- [main] o.s.b.f.s.DefaultListableBeanFactory     : Autowiring by type from bean name 'jdbcClient' via factory method to bean named 'namedParameterJdbcTemplate'
2024-12-19T11:11:23.778+01:00 DEBUG 14736 --- [main] o.s.b.f.s.DefaultListableBeanFactory     : Creating shared instance of singleton bean 'org.springframework.boot.autoconfigure.sql.init.SqlInitializationAutoConfiguration'
2024-12-19T11:11:23.778+01:00 DEBUG 14736 --- [main] o.s.b.f.s.DefaultListableBeanFactory     : Creating shared instance of singleton bean 'org.springframework.boot.autoconfigure.task.TaskSchedulingConfigurations$ThreadPoolTaskSchedulerBuilderConfiguration'
2024-12-19T11:11:23.778+01:00 DEBUG 14736 --- [main] o.s.b.f.s.DefaultListableBeanFactory     : Creating shared instance of singleton bean 'threadPoolTaskSchedulerBuilder'
2024-12-19T11:11:23.778+01:00 DEBUG 14736 --- [main] o.s.b.f.s.DefaultListableBeanFactory     : Creating shared instance of singleton bean 'spring.task.scheduling-org.springframework.boot.autoconfigure.task.TaskSchedulingProperties'
2024-12-19T11:11:23.780+01:00 DEBUG 14736 --- [main] o.s.b.f.s.DefaultListableBeanFactory     : Autowiring by type from bean name 'threadPoolTaskSchedulerBuilder' via factory method to bean named 'spring.task.scheduling-org.springframework.boot.autoconfigure.task.TaskSchedulingProperties'
2024-12-19T11:11:23.782+01:00 DEBUG 14736 --- [main] o.s.b.f.s.DefaultListableBeanFactory     : Creating shared instance of singleton bean 'org.springframework.boot.autoconfigure.task.TaskSchedulingConfigurations$TaskSchedulerBuilderConfiguration'
2024-12-19T11:11:23.782+01:00 DEBUG 14736 --- [main] o.s.b.f.s.DefaultListableBeanFactory     : Creating shared instance of singleton bean 'taskSchedulerBuilder'
2024-12-19T11:11:23.782+01:00 DEBUG 14736 --- [main] o.s.b.f.s.DefaultListableBeanFactory     : Autowiring by type from bean name 'taskSchedulerBuilder' via factory method to bean named 'spring.task.scheduling-org.springframework.boot.autoconfigure.task.TaskSchedulingProperties'
2024-12-19T11:11:23.784+01:00 DEBUG 14736 --- [main] o.s.b.f.s.DefaultListableBeanFactory     : Creating shared instance of singleton bean 'org.springframework.boot.autoconfigure.task.TaskSchedulingConfigurations$SimpleAsyncTaskSchedulerBuilderConfiguration'
2024-12-19T11:11:23.785+01:00 DEBUG 14736 --- [main] o.s.b.f.s.DefaultListableBeanFactory     : Autowiring by type from bean name 'org.springframework.boot.autoconfigure.task.TaskSchedulingConfigurations$SimpleAsyncTaskSchedulerBuilderConfiguration' via constructor to bean named 'spring.task.scheduling-org.springframework.boot.autoconfigure.task.TaskSchedulingProperties'
2024-12-19T11:11:23.785+01:00 DEBUG 14736 --- [main] o.s.b.f.s.DefaultListableBeanFactory     : Creating shared instance of singleton bean 'simpleAsyncTaskSchedulerBuilder'
2024-12-19T11:11:23.788+01:00 DEBUG 14736 --- [main] o.s.b.f.s.DefaultListableBeanFactory     : Creating shared instance of singleton bean 'org.springframework.boot.autoconfigure.task.TaskSchedulingAutoConfiguration'
2024-12-19T11:11:23.788+01:00 DEBUG 14736 --- [main] o.s.b.f.s.DefaultListableBeanFactory     : Creating shared instance of singleton bean 'org.springframework.boot.autoconfigure.jdbc.DataSourceTransactionManagerAutoConfiguration$JdbcTransactionManagerConfiguration'
2024-12-19T11:11:23.789+01:00 DEBUG 14736 --- [main] o.s.b.f.s.DefaultListableBeanFactory     : Creating shared instance of singleton bean 'org.springframework.boot.autoconfigure.jdbc.DataSourceTransactionManagerAutoConfiguration'
2024-12-19T11:11:23.789+01:00 DEBUG 14736 --- [main] o.s.b.f.s.DefaultListableBeanFactory     : Creating shared instance of singleton bean 'org.springframework.boot.autoconfigure.transaction.TransactionAutoConfiguration$EnableTransactionManagementConfiguration$CglibAutoProxyConfiguration'
2024-12-19T11:11:23.789+01:00 DEBUG 14736 --- [main] o.s.b.f.s.DefaultListableBeanFactory     : Creating shared instance of singleton bean 'org.springframework.boot.autoconfigure.transaction.TransactionAutoConfiguration$EnableTransactionManagementConfiguration'
2024-12-19T11:11:23.789+01:00 DEBUG 14736 --- [main] o.s.b.f.s.DefaultListableBeanFactory     : Creating shared instance of singleton bean 'org.springframework.boot.autoconfigure.transaction.TransactionAutoConfiguration$TransactionTemplateConfiguration'
2024-12-19T11:11:23.789+01:00 DEBUG 14736 --- [main] o.s.b.f.s.DefaultListableBeanFactory     : Creating shared instance of singleton bean 'transactionTemplate'
2024-12-19T11:11:23.790+01:00 DEBUG 14736 --- [main] o.s.b.f.s.DefaultListableBeanFactory     : Autowiring by type from bean name 'transactionTemplate' via factory method to bean named 'transactionManager'
2024-12-19T11:11:23.791+01:00 DEBUG 14736 --- [main] o.s.b.f.s.DefaultListableBeanFactory     : Creating shared instance of singleton bean 'org.springframework.boot.autoconfigure.transaction.TransactionAutoConfiguration'
2024-12-19T11:11:23.792+01:00 DEBUG 14736 --- [main] o.s.b.f.s.DefaultListableBeanFactory     : Creating shared instance of singleton bean 'org.springframework.boot.autoconfigure.web.client.RestClientAutoConfiguration'
2024-12-19T11:11:23.792+01:00 DEBUG 14736 --- [main] o.s.b.f.s.DefaultListableBeanFactory     : Creating shared instance of singleton bean 'httpMessageConvertersRestClientCustomizer'
2024-12-19T11:11:23.794+01:00 DEBUG 14736 --- [main] o.s.b.f.s.DefaultListableBeanFactory     : Creating shared instance of singleton bean 'restClientSsl'
2024-12-19T11:11:23.794+01:00 DEBUG 14736 --- [main] o.s.b.f.s.DefaultListableBeanFactory     : Autowiring by type from bean name 'restClientSsl' via factory method to bean named 'sslBundleRegistry'
2024-12-19T11:11:23.795+01:00 DEBUG 14736 --- [main] o.s.b.f.s.DefaultListableBeanFactory     : Creating shared instance of singleton bean 'restClientBuilderConfigurer'
2024-12-19T11:11:23.795+01:00 DEBUG 14736 --- [main] o.s.b.f.s.DefaultListableBeanFactory     : Creating shared instance of singleton bean 'org.springframework.boot.autoconfigure.web.client.RestTemplateAutoConfiguration'
2024-12-19T11:11:23.796+01:00 DEBUG 14736 --- [main] o.s.b.f.s.DefaultListableBeanFactory     : Creating shared instance of singleton bean 'characterEncodingFilter'
2024-12-19T11:11:23.797+01:00 DEBUG 14736 --- [main] o.s.b.f.s.DefaultListableBeanFactory     : Creating shared instance of singleton bean 'multipartResolver'
2024-12-19T11:11:23.798+01:00 DEBUG 14736 --- [main] o.s.b.f.s.DefaultListableBeanFactory     : Creating shared instance of singleton bean 'org.springframework.boot.testcontainers.properties.TestcontainersPropertySourceAutoConfiguration'
2024-12-19T11:11:23.798+01:00 DEBUG 14736 --- [main] o.s.b.f.s.DefaultListableBeanFactory     : Creating shared instance of singleton bean 'dynamicPropertyRegistry'
2024-12-19T11:11:23.799+01:00 DEBUG 14736 --- [main] o.s.b.f.s.DefaultListableBeanFactory     : Autowiring by type from bean name 'dynamicPropertyRegistry' via factory method to bean named 'org.springframework.web.context.support.GenericWebApplicationContext@66eb985d'
2024-12-19T11:11:23.812+01:00 DEBUG 14736 --- [main] o.s.c.support.DefaultLifecycleProcessor  : Starting beans in phase -2147483648
2024-12-19T11:11:23.812+01:00 DEBUG 14736 --- [main] o.s.c.support.DefaultLifecycleProcessor  : Successfully started bean 'rabbitConnectionFactory'
2024-12-19T11:11:23.812+01:00 DEBUG 14736 --- [main] o.s.c.support.DefaultLifecycleProcessor  : Starting beans in phase -2147483647
2024-12-19T11:11:23.812+01:00 DEBUG 14736 --- [main] o.s.c.support.DefaultLifecycleProcessor  : Successfully started bean 'springBootLoggingLifecycle'
2024-12-19T11:11:23.812+01:00 DEBUG 14736 --- [main] o.s.c.support.DefaultLifecycleProcessor  : Starting beans in phase 2147483647
2024-12-19T11:11:23.812+01:00 DEBUG 14736 --- [main] o.s.c.support.DefaultLifecycleProcessor  : Successfully started bean 'org.springframework.amqp.rabbit.config.internalRabbitListenerEndpointRegistry'
2024-12-19T11:11:23.823+01:00 DEBUG 14736 --- [main] .s.b.a.l.ConditionEvaluationReportLogger : 


============================
CONDITIONS EVALUATION REPORT
============================


Positive matches:
-----------------

   AopAutoConfiguration matched:
      - @ConditionalOnProperty (spring.aop.auto=true) matched (OnPropertyCondition)

   AopAutoConfiguration.AspectJAutoProxyingConfiguration matched:
      - @ConditionalOnClass found required class 'org.aspectj.weaver.Advice' (OnClassCondition)

   AopAutoConfiguration.AspectJAutoProxyingConfiguration.CglibAutoProxyConfiguration matched:
      - @ConditionalOnProperty (spring.aop.proxy-target-class=true) matched (OnPropertyCondition)

   ApplicationAvailabilityAutoConfiguration#applicationAvailability matched:
      - @ConditionalOnMissingBean (types: org.springframework.boot.availability.ApplicationAvailability; SearchStrategy: all) did not find any beans (OnBeanCondition)

   DataSourceAutoConfiguration matched:
      - @ConditionalOnClass found required classes 'javax.sql.DataSource', 'org.springframework.jdbc.datasource.embedded.EmbeddedDatabaseType' (OnClassCondition)
      - @ConditionalOnMissingBean (types: io.r2dbc.spi.ConnectionFactory; SearchStrategy: all) did not find any beans (OnBeanCondition)

   DataSourceAutoConfiguration.PooledDataSourceConfiguration matched:
      - AnyNestedCondition 1 matched 1 did not; NestedCondition on DataSourceAutoConfiguration.PooledDataSourceCondition.PooledDataSourceAvailable PooledDataSource found supported DataSource; NestedCondition on DataSourceAutoConfiguration.PooledDataSourceCondition.ExplicitType @ConditionalOnProperty (spring.datasource.type) did not find property 'type' (DataSourceAutoConfiguration.PooledDataSourceCondition)
      - @ConditionalOnMissingBean (types: javax.sql.DataSource,javax.sql.XADataSource; SearchStrategy: all) did not find any beans (OnBeanCondition)

   DataSourceAutoConfiguration.PooledDataSourceConfiguration#jdbcConnectionDetails matched:
      - @ConditionalOnMissingBean (types: org.springframework.boot.autoconfigure.jdbc.JdbcConnectionDetails; SearchStrategy: all) did not find any beans (OnBeanCondition)

   DataSourceConfiguration.Hikari matched:
      - @ConditionalOnClass found required class 'com.zaxxer.hikari.HikariDataSource' (OnClassCondition)
      - @ConditionalOnProperty (spring.datasource.type=com.zaxxer.hikari.HikariDataSource) matched (OnPropertyCondition)
      - @ConditionalOnMissingBean (types: javax.sql.DataSource; SearchStrategy: all) did not find any beans (OnBeanCondition)

   DataSourceInitializationConfiguration matched:
      - @ConditionalOnClass found required class 'org.springframework.jdbc.datasource.init.DatabasePopulator' (OnClassCondition)
      - @ConditionalOnSingleCandidate (types: javax.sql.DataSource; SearchStrategy: all) found a single bean 'dataSource'; @ConditionalOnMissingBean (types: org.springframework.boot.autoconfigure.sql.init.SqlDataSourceScriptDatabaseInitializer,org.springframework.boot.autoconfigure.sql.init.SqlR2dbcScriptDatabaseInitializer; SearchStrategy: all) did not find any beans (OnBeanCondition)

   DataSourcePoolMetadataProvidersConfiguration.HikariPoolDataSourceMetadataProviderConfiguration matched:
      - @ConditionalOnClass found required class 'com.zaxxer.hikari.HikariDataSource' (OnClassCondition)

   DataSourceTransactionManagerAutoConfiguration matched:
      - @ConditionalOnClass found required classes 'javax.sql.DataSource', 'org.springframework.jdbc.core.JdbcTemplate', 'org.springframework.transaction.TransactionManager' (OnClassCondition)

   DataSourceTransactionManagerAutoConfiguration.JdbcTransactionManagerConfiguration matched:
      - @ConditionalOnSingleCandidate (types: javax.sql.DataSource; SearchStrategy: all) found a single bean 'dataSource' (OnBeanCondition)

   DispatcherServletAutoConfiguration matched:
      - @ConditionalOnClass found required class 'org.springframework.web.servlet.DispatcherServlet' (OnClassCondition)
      - found 'session' scope (OnWebApplicationCondition)

   DispatcherServletAutoConfiguration.DispatcherServletConfiguration matched:
      - @ConditionalOnClass found required class 'jakarta.servlet.ServletRegistration' (OnClassCondition)
      - Default DispatcherServlet did not find dispatcher servlet beans (DispatcherServletAutoConfiguration.DefaultDispatcherServletCondition)

   DispatcherServletAutoConfiguration.DispatcherServletRegistrationConfiguration matched:
      - @ConditionalOnClass found required class 'jakarta.servlet.ServletRegistration' (OnClassCondition)
      - DispatcherServlet Registration did not find servlet registration bean (DispatcherServletAutoConfiguration.DispatcherServletRegistrationCondition)

   DispatcherServletAutoConfiguration.DispatcherServletRegistrationConfiguration#dispatcherServletRegistration matched:
      - @ConditionalOnBean (names: dispatcherServlet types: org.springframework.web.servlet.DispatcherServlet; SearchStrategy: all) found bean 'dispatcherServlet' (OnBeanCondition)

   ErrorMvcAutoConfiguration matched:
      - @ConditionalOnClass found required classes 'jakarta.servlet.Servlet', 'org.springframework.web.servlet.DispatcherServlet' (OnClassCondition)
      - found 'session' scope (OnWebApplicationCondition)

   ErrorMvcAutoConfiguration#basicErrorController matched:
      - @ConditionalOnMissingBean (types: org.springframework.boot.web.servlet.error.ErrorController; SearchStrategy: current) did not find any beans (OnBeanCondition)

   ErrorMvcAutoConfiguration#errorAttributes matched:
      - @ConditionalOnMissingBean (types: org.springframework.boot.web.servlet.error.ErrorAttributes; SearchStrategy: current) did not find any beans (OnBeanCondition)

   ErrorMvcAutoConfiguration.DefaultErrorViewResolverConfiguration#conventionErrorViewResolver matched:
      - @ConditionalOnBean (types: org.springframework.web.servlet.DispatcherServlet; SearchStrategy: all) found bean 'dispatcherServlet'; @ConditionalOnMissingBean (types: org.springframework.boot.autoconfigure.web.servlet.error.ErrorViewResolver; SearchStrategy: all) did not find any beans (OnBeanCondition)

   ErrorMvcAutoConfiguration.WhitelabelErrorViewConfiguration matched:
      - @ConditionalOnProperty (server.error.whitelabel.enabled) matched (OnPropertyCondition)
      - ErrorTemplate Missing did not find error template view (ErrorMvcAutoConfiguration.ErrorTemplateMissingCondition)

   ErrorMvcAutoConfiguration.WhitelabelErrorViewConfiguration#beanNameViewResolver matched:
      - @ConditionalOnMissingBean (types: org.springframework.web.servlet.view.BeanNameViewResolver; SearchStrategy: all) did not find any beans (OnBeanCondition)

   ErrorMvcAutoConfiguration.WhitelabelErrorViewConfiguration#defaultErrorView matched:
      - @ConditionalOnMissingBean (names: error; SearchStrategy: all) did not find any beans (OnBeanCondition)

   GenericCacheConfiguration matched:
      - Cache org.springframework.boot.autoconfigure.cache.GenericCacheConfiguration automatic cache type (CacheCondition)

   HibernateJpaAutoConfiguration matched:
      - @ConditionalOnClass found required classes 'org.springframework.orm.jpa.LocalContainerEntityManagerFactoryBean', 'jakarta.persistence.EntityManager', 'org.hibernate.engine.spi.SessionImplementor' (OnClassCondition)

   HibernateJpaConfiguration matched:
      - @ConditionalOnSingleCandidate (types: javax.sql.DataSource; SearchStrategy: all) found a single bean 'dataSource' (OnBeanCondition)

   HttpEncodingAutoConfiguration matched:
      - @ConditionalOnClass found required class 'org.springframework.web.filter.CharacterEncodingFilter' (OnClassCondition)
      - found 'session' scope (OnWebApplicationCondition)
      - @ConditionalOnProperty (server.servlet.encoding.enabled) matched (OnPropertyCondition)

   HttpEncodingAutoConfiguration#characterEncodingFilter matched:
      - @ConditionalOnMissingBean (types: org.springframework.web.filter.CharacterEncodingFilter; SearchStrategy: all) did not find any beans (OnBeanCondition)

   HttpMessageConvertersAutoConfiguration matched:
      - @ConditionalOnClass found required class 'org.springframework.http.converter.HttpMessageConverter' (OnClassCondition)
      - NoneNestedConditions 0 matched 1 did not; NestedCondition on HttpMessageConvertersAutoConfiguration.NotReactiveWebApplicationCondition.ReactiveWebApplication did not find reactive web application classes (HttpMessageConvertersAutoConfiguration.NotReactiveWebApplicationCondition)

   HttpMessageConvertersAutoConfiguration#messageConverters matched:
      - @ConditionalOnMissingBean (types: org.springframework.boot.autoconfigure.http.HttpMessageConverters; SearchStrategy: all) did not find any beans (OnBeanCondition)

   HttpMessageConvertersAutoConfiguration.StringHttpMessageConverterConfiguration matched:
      - @ConditionalOnClass found required class 'org.springframework.http.converter.StringHttpMessageConverter' (OnClassCondition)

   HttpMessageConvertersAutoConfiguration.StringHttpMessageConverterConfiguration#stringHttpMessageConverter matched:
      - @ConditionalOnMissingBean (types: org.springframework.http.converter.StringHttpMessageConverter; SearchStrategy: all) did not find any beans (OnBeanCondition)

   JacksonAutoConfiguration matched:
      - @ConditionalOnClass found required class 'com.fasterxml.jackson.databind.ObjectMapper' (OnClassCondition)

   JacksonAutoConfiguration.Jackson2ObjectMapperBuilderCustomizerConfiguration matched:
      - @ConditionalOnClass found required class 'org.springframework.http.converter.json.Jackson2ObjectMapperBuilder' (OnClassCondition)

   JacksonAutoConfiguration.JacksonObjectMapperBuilderConfiguration matched:
      - @ConditionalOnClass found required class 'org.springframework.http.converter.json.Jackson2ObjectMapperBuilder' (OnClassCondition)

   JacksonAutoConfiguration.JacksonObjectMapperBuilderConfiguration#jacksonObjectMapperBuilder matched:
      - @ConditionalOnMissingBean (types: org.springframework.http.converter.json.Jackson2ObjectMapperBuilder; SearchStrategy: all) did not find any beans (OnBeanCondition)

   JacksonAutoConfiguration.JacksonObjectMapperConfiguration matched:
      - @ConditionalOnClass found required class 'org.springframework.http.converter.json.Jackson2ObjectMapperBuilder' (OnClassCondition)

   JacksonAutoConfiguration.JacksonObjectMapperConfiguration#jacksonObjectMapper matched:
      - @ConditionalOnMissingBean (types: com.fasterxml.jackson.databind.ObjectMapper; SearchStrategy: all) did not find any beans (OnBeanCondition)

   JacksonAutoConfiguration.ParameterNamesModuleConfiguration matched:
      - @ConditionalOnClass found required class 'com.fasterxml.jackson.module.paramnames.ParameterNamesModule' (OnClassCondition)

   JacksonAutoConfiguration.ParameterNamesModuleConfiguration#parameterNamesModule matched:
      - @ConditionalOnMissingBean (types: com.fasterxml.jackson.module.paramnames.ParameterNamesModule; SearchStrategy: all) did not find any beans (OnBeanCondition)

   JacksonHttpMessageConvertersConfiguration.MappingJackson2HttpMessageConverterConfiguration matched:
      - @ConditionalOnClass found required class 'com.fasterxml.jackson.databind.ObjectMapper' (OnClassCondition)
      - @ConditionalOnProperty (spring.mvc.converters.preferred-json-mapper=jackson) matched (OnPropertyCondition)
      - @ConditionalOnBean (types: com.fasterxml.jackson.databind.ObjectMapper; SearchStrategy: all) found bean 'jacksonObjectMapper' (OnBeanCondition)

   JacksonHttpMessageConvertersConfiguration.MappingJackson2HttpMessageConverterConfiguration#mappingJackson2HttpMessageConverter matched:
      - @ConditionalOnMissingBean (types: org.springframework.http.converter.json.MappingJackson2HttpMessageConverter ignored: org.springframework.hateoas.server.mvc.TypeConstrainedMappingJackson2HttpMessageConverter,org.springframework.data.rest.webmvc.alps.AlpsJsonHttpMessageConverter; SearchStrategy: all) did not find any beans (OnBeanCondition)

   JdbcClientAutoConfiguration matched:
      - @ConditionalOnSingleCandidate (types: org.springframework.jdbc.core.namedparam.NamedParameterJdbcTemplate; SearchStrategy: all) found a single bean 'namedParameterJdbcTemplate'; @ConditionalOnMissingBean (types: org.springframework.jdbc.core.simple.JdbcClient; SearchStrategy: all) did not find any beans (OnBeanCondition)

   JdbcTemplateAutoConfiguration matched:
      - @ConditionalOnClass found required classes 'javax.sql.DataSource', 'org.springframework.jdbc.core.JdbcTemplate' (OnClassCondition)
      - @ConditionalOnSingleCandidate (types: javax.sql.DataSource; SearchStrategy: all) found a single bean 'dataSource' (OnBeanCondition)

   JdbcTemplateConfiguration matched:
      - @ConditionalOnMissingBean (types: org.springframework.jdbc.core.JdbcOperations; SearchStrategy: all) did not find any beans (OnBeanCondition)

   JpaBaseConfiguration#entityManagerFactory matched:
      - @ConditionalOnMissingBean (types: org.springframework.orm.jpa.LocalContainerEntityManagerFactoryBean,jakarta.persistence.EntityManagerFactory; SearchStrategy: all) did not find any beans (OnBeanCondition)

   JpaBaseConfiguration#entityManagerFactoryBuilder matched:
      - @ConditionalOnMissingBean (types: org.springframework.boot.orm.jpa.EntityManagerFactoryBuilder; SearchStrategy: all) did not find any beans (OnBeanCondition)

   JpaBaseConfiguration#jpaVendorAdapter matched:
      - @ConditionalOnMissingBean (types: org.springframework.orm.jpa.JpaVendorAdapter; SearchStrategy: all) did not find any beans (OnBeanCondition)

   JpaBaseConfiguration#transactionManager matched:
      - @ConditionalOnMissingBean (types: org.springframework.transaction.TransactionManager; SearchStrategy: all) did not find any beans (OnBeanCondition)

   JpaBaseConfiguration.JpaWebConfiguration matched:
      - @ConditionalOnClass found required class 'org.springframework.web.servlet.config.annotation.WebMvcConfigurer' (OnClassCondition)
      - found 'session' scope (OnWebApplicationCondition)
      - @ConditionalOnProperty (spring.jpa.open-in-view=true) matched (OnPropertyCondition)
      - @ConditionalOnMissingBean (types: org.springframework.orm.jpa.support.OpenEntityManagerInViewInterceptor,org.springframework.orm.jpa.support.OpenEntityManagerInViewFilter; SearchStrategy: all) did not find any beans (OnBeanCondition)

   JpaBaseConfiguration.PersistenceManagedTypesConfiguration matched:
      - @ConditionalOnMissingBean (types: org.springframework.orm.jpa.LocalContainerEntityManagerFactoryBean,jakarta.persistence.EntityManagerFactory; SearchStrategy: all) did not find any beans (OnBeanCondition)

   JpaBaseConfiguration.PersistenceManagedTypesConfiguration#persistenceManagedTypes matched:
      - @ConditionalOnMissingBean (types: org.springframework.orm.jpa.persistenceunit.PersistenceManagedTypes; SearchStrategy: all) did not find any beans (OnBeanCondition)

   JtaAutoConfiguration matched:
      - @ConditionalOnClass found required class 'jakarta.transaction.Transaction' (OnClassCondition)
      - @ConditionalOnProperty (spring.jta.enabled) matched (OnPropertyCondition)

   LifecycleAutoConfiguration#defaultLifecycleProcessor matched:
      - @ConditionalOnMissingBean (names: lifecycleProcessor; SearchStrategy: current) did not find any beans (OnBeanCondition)

   MultipartAutoConfiguration matched:
      - @ConditionalOnClass found required classes 'jakarta.servlet.Servlet', 'org.springframework.web.multipart.support.StandardServletMultipartResolver', 'jakarta.servlet.MultipartConfigElement' (OnClassCondition)
      - found 'session' scope (OnWebApplicationCondition)
      - @ConditionalOnProperty (spring.servlet.multipart.enabled) matched (OnPropertyCondition)

   MultipartAutoConfiguration#multipartConfigElement matched:
      - @ConditionalOnMissingBean (types: jakarta.servlet.MultipartConfigElement; SearchStrategy: all) did not find any beans (OnBeanCondition)

   MultipartAutoConfiguration#multipartResolver matched:
      - @ConditionalOnMissingBean (types: org.springframework.web.multipart.MultipartResolver; SearchStrategy: all) did not find any beans (OnBeanCondition)

   NamedParameterJdbcTemplateConfiguration matched:
      - @ConditionalOnSingleCandidate (types: org.springframework.jdbc.core.JdbcTemplate; SearchStrategy: all) found a single bean 'jdbcTemplate'; @ConditionalOnMissingBean (types: org.springframework.jdbc.core.namedparam.NamedParameterJdbcOperations; SearchStrategy: all) did not find any beans (OnBeanCondition)

   NoOpCacheConfiguration matched:
      - Cache org.springframework.boot.autoconfigure.cache.NoOpCacheConfiguration automatic cache type (CacheCondition)

   PersistenceExceptionTranslationAutoConfiguration matched:
      - @ConditionalOnClass found required class 'org.springframework.dao.annotation.PersistenceExceptionTranslationPostProcessor' (OnClassCondition)

   PersistenceExceptionTranslationAutoConfiguration#persistenceExceptionTranslationPostProcessor matched:
      - @ConditionalOnProperty (spring.dao.exceptiontranslation.enabled) matched (OnPropertyCondition)
      - @ConditionalOnMissingBean (types: org.springframework.dao.annotation.PersistenceExceptionTranslationPostProcessor; SearchStrategy: all) did not find any beans (OnBeanCondition)

   PropertyPlaceholderAutoConfiguration#propertySourcesPlaceholderConfigurer matched:
      - @ConditionalOnMissingBean (types: org.springframework.context.support.PropertySourcesPlaceholderConfigurer; SearchStrategy: current) did not find any beans (OnBeanCondition)

   RabbitAnnotationDrivenConfiguration matched:
      - @ConditionalOnClass found required class 'org.springframework.amqp.rabbit.annotation.EnableRabbit' (OnClassCondition)

   RabbitAnnotationDrivenConfiguration#directRabbitListenerContainerFactoryConfigurer matched:
      - @ConditionalOnMissingBean (types: org.springframework.boot.autoconfigure.amqp.DirectRabbitListenerContainerFactoryConfigurer; SearchStrategy: all) did not find any beans (OnBeanCondition)
      - @ConditionalOnThreading found PLATFORM (OnThreadingCondition)

   RabbitAnnotationDrivenConfiguration#simpleRabbitListenerContainerFactory matched:
      - @ConditionalOnProperty (spring.rabbitmq.listener.type=simple) matched (OnPropertyCondition)
      - @ConditionalOnMissingBean (names: rabbitListenerContainerFactory; SearchStrategy: all) did not find any beans (OnBeanCondition)

   RabbitAnnotationDrivenConfiguration#simpleRabbitListenerContainerFactoryConfigurer matched:
      - @ConditionalOnMissingBean (types: org.springframework.boot.autoconfigure.amqp.SimpleRabbitListenerContainerFactoryConfigurer; SearchStrategy: all) did not find any beans (OnBeanCondition)
      - @ConditionalOnThreading found PLATFORM (OnThreadingCondition)

   RabbitAnnotationDrivenConfiguration.EnableRabbitConfiguration matched:
      - @ConditionalOnMissingBean (names: org.springframework.amqp.rabbit.config.internalRabbitListenerAnnotationProcessor; SearchStrategy: all) did not find any beans (OnBeanCondition)

   RabbitAutoConfiguration matched:
      - @ConditionalOnClass found required classes 'org.springframework.amqp.rabbit.core.RabbitTemplate', 'com.rabbitmq.client.Channel' (OnClassCondition)

   RabbitAutoConfiguration.MessagingTemplateConfiguration matched:
      - @ConditionalOnClass found required class 'org.springframework.amqp.rabbit.core.RabbitMessagingTemplate' (OnClassCondition)
      - @ConditionalOnMissingBean (types: org.springframework.amqp.rabbit.core.RabbitMessagingTemplate; SearchStrategy: all) did not find any beans (OnBeanCondition)

   RabbitAutoConfiguration.MessagingTemplateConfiguration#rabbitMessagingTemplate matched:
      - @ConditionalOnSingleCandidate (types: org.springframework.amqp.rabbit.core.RabbitTemplate; SearchStrategy: all) found a single bean 'rabbitTemplate' (OnBeanCondition)

   RabbitAutoConfiguration.RabbitConnectionFactoryCreator#rabbitConnectionDetails matched:
      - @ConditionalOnMissingBean (types: org.springframework.boot.autoconfigure.amqp.RabbitConnectionDetails; SearchStrategy: all) did not find any beans (OnBeanCondition)

   RabbitAutoConfiguration.RabbitConnectionFactoryCreator#rabbitConnectionFactory matched:
      - @ConditionalOnMissingBean (types: org.springframework.amqp.rabbit.connection.ConnectionFactory; SearchStrategy: all) did not find any beans (OnBeanCondition)

   RabbitAutoConfiguration.RabbitConnectionFactoryCreator#rabbitConnectionFactoryBeanConfigurer matched:
      - @ConditionalOnMissingBean (types: org.springframework.boot.autoconfigure.amqp.RabbitConnectionFactoryBeanConfigurer; SearchStrategy: all) did not find any beans (OnBeanCondition)

   RabbitAutoConfiguration.RabbitConnectionFactoryCreator#rabbitConnectionFactoryConfigurer matched:
      - @ConditionalOnMissingBean (types: org.springframework.boot.autoconfigure.amqp.CachingConnectionFactoryConfigurer; SearchStrategy: all) did not find any beans (OnBeanCondition)

   RabbitAutoConfiguration.RabbitTemplateConfiguration#amqpAdmin matched:
      - @ConditionalOnProperty (spring.rabbitmq.dynamic) matched (OnPropertyCondition)
      - @ConditionalOnSingleCandidate (types: org.springframework.amqp.rabbit.connection.ConnectionFactory; SearchStrategy: all) found a single bean 'rabbitConnectionFactory'; @ConditionalOnMissingBean (types: org.springframework.amqp.core.AmqpAdmin; SearchStrategy: all) did not find any beans (OnBeanCondition)

   RabbitAutoConfiguration.RabbitTemplateConfiguration#rabbitTemplate matched:
      - @ConditionalOnSingleCandidate (types: org.springframework.amqp.rabbit.connection.ConnectionFactory; SearchStrategy: all) found a single bean 'rabbitConnectionFactory'; @ConditionalOnMissingBean (types: org.springframework.amqp.rabbit.core.RabbitOperations; SearchStrategy: all) did not find any beans (OnBeanCondition)

   RabbitAutoConfiguration.RabbitTemplateConfiguration#rabbitTemplateConfigurer matched:
      - @ConditionalOnMissingBean (types: org.springframework.boot.autoconfigure.amqp.RabbitTemplateConfigurer; SearchStrategy: all) did not find any beans (OnBeanCondition)

   RestClientAutoConfiguration matched:
      - @ConditionalOnClass found required class 'org.springframework.web.client.RestClient' (OnClassCondition)
      - NoneNestedConditions 0 matched 1 did not; NestedCondition on NotReactiveWebApplicationCondition.ReactiveWebApplication did not find reactive web application classes (NotReactiveWebApplicationCondition)

   RestClientAutoConfiguration#httpMessageConvertersRestClientCustomizer matched:
      - @ConditionalOnMissingBean (types: org.springframework.boot.autoconfigure.web.client.HttpMessageConvertersRestClientCustomizer; SearchStrategy: all) did not find any beans (OnBeanCondition)

   RestClientAutoConfiguration#restClientBuilder matched:
      - @ConditionalOnMissingBean (types: org.springframework.web.client.RestClient$Builder; SearchStrategy: all) did not find any beans (OnBeanCondition)

   RestClientAutoConfiguration#restClientBuilderConfigurer matched:
      - @ConditionalOnMissingBean (types: org.springframework.boot.autoconfigure.web.client.RestClientBuilderConfigurer; SearchStrategy: all) did not find any beans (OnBeanCondition)

   RestClientAutoConfiguration#restClientSsl matched:
      - @ConditionalOnBean (types: org.springframework.boot.ssl.SslBundles; SearchStrategy: all) found bean 'sslBundleRegistry'; @ConditionalOnMissingBean (types: org.springframework.boot.autoconfigure.web.client.RestClientSsl; SearchStrategy: all) did not find any beans (OnBeanCondition)

   RestTemplateAutoConfiguration matched:
      - @ConditionalOnClass found required class 'org.springframework.web.client.RestTemplate' (OnClassCondition)
      - NoneNestedConditions 0 matched 1 did not; NestedCondition on NotReactiveWebApplicationCondition.ReactiveWebApplication did not find reactive web application classes (NotReactiveWebApplicationCondition)

   RestTemplateAutoConfiguration#restTemplateBuilder matched:
      - @ConditionalOnMissingBean (types: org.springframework.boot.web.client.RestTemplateBuilder; SearchStrategy: all) did not find any beans (OnBeanCondition)

   ServletWebServerFactoryAutoConfiguration matched:
      - @ConditionalOnClass found required class 'jakarta.servlet.ServletRequest' (OnClassCondition)
      - found 'session' scope (OnWebApplicationCondition)

   ServletWebServerFactoryAutoConfiguration#tomcatServletWebServerFactoryCustomizer matched:
      - @ConditionalOnClass found required class 'org.apache.catalina.startup.Tomcat' (OnClassCondition)

   ServletWebServerFactoryConfiguration.EmbeddedTomcat matched:
      - @ConditionalOnClass found required classes 'jakarta.servlet.Servlet', 'org.apache.catalina.startup.Tomcat', 'org.apache.coyote.UpgradeProtocol' (OnClassCondition)
      - @ConditionalOnMissingBean (types: org.springframework.boot.web.servlet.server.ServletWebServerFactory; SearchStrategy: current) did not find any beans (OnBeanCondition)

   SimpleCacheConfiguration matched:
      - Cache org.springframework.boot.autoconfigure.cache.SimpleCacheConfiguration automatic cache type (CacheCondition)

   SpringDataWebAutoConfiguration matched:
      - @ConditionalOnClass found required classes 'org.springframework.data.web.PageableHandlerMethodArgumentResolver', 'org.springframework.web.servlet.config.annotation.WebMvcConfigurer' (OnClassCondition)
      - found 'session' scope (OnWebApplicationCondition)
      - @ConditionalOnMissingBean (types: org.springframework.data.web.PageableHandlerMethodArgumentResolver; SearchStrategy: all) did not find any beans (OnBeanCondition)

   SpringDataWebAutoConfiguration#pageableCustomizer matched:
      - @ConditionalOnMissingBean (types: org.springframework.data.web.config.PageableHandlerMethodArgumentResolverCustomizer; SearchStrategy: all) did not find any beans (OnBeanCondition)

   SpringDataWebAutoConfiguration#sortCustomizer matched:
      - @ConditionalOnMissingBean (types: org.springframework.data.web.config.SortHandlerMethodArgumentResolverCustomizer; SearchStrategy: all) did not find any beans (OnBeanCondition)

   SqlInitializationAutoConfiguration matched:
      - @ConditionalOnProperty (spring.sql.init.enabled) matched (OnPropertyCondition)
      - NoneNestedConditions 0 matched 1 did not; NestedCondition on SqlInitializationAutoConfiguration.SqlInitializationModeCondition.ModeIsNever @ConditionalOnProperty (spring.sql.init.mode=never) did not find property 'mode' (SqlInitializationAutoConfiguration.SqlInitializationModeCondition)

   SslAutoConfiguration#sslBundleRegistry matched:
      - @ConditionalOnMissingBean (types: org.springframework.boot.ssl.SslBundleRegistry,org.springframework.boot.ssl.SslBundles; SearchStrategy: all) did not find any beans (OnBeanCondition)

   TaskExecutionAutoConfiguration matched:
      - @ConditionalOnClass found required class 'org.springframework.scheduling.concurrent.ThreadPoolTaskExecutor' (OnClassCondition)

   TaskExecutorConfigurations.SimpleAsyncTaskExecutorBuilderConfiguration#simpleAsyncTaskExecutorBuilder matched:
      - @ConditionalOnMissingBean (types: org.springframework.boot.task.SimpleAsyncTaskExecutorBuilder; SearchStrategy: all) did not find any beans (OnBeanCondition)
      - @ConditionalOnThreading found PLATFORM (OnThreadingCondition)

   TaskExecutorConfigurations.TaskExecutorBuilderConfiguration#taskExecutorBuilder matched:
      - @ConditionalOnMissingBean (types: org.springframework.boot.task.TaskExecutorBuilder; SearchStrategy: all) did not find any beans (OnBeanCondition)

   TaskExecutorConfigurations.TaskExecutorConfiguration matched:
      - @ConditionalOnMissingBean (types: java.util.concurrent.Executor; SearchStrategy: all) did not find any beans (OnBeanCondition)

   TaskExecutorConfigurations.TaskExecutorConfiguration#applicationTaskExecutor matched:
      - @ConditionalOnThreading found PLATFORM (OnThreadingCondition)

   TaskExecutorConfigurations.ThreadPoolTaskExecutorBuilderConfiguration#threadPoolTaskExecutorBuilder matched:
      - @ConditionalOnMissingBean (types: org.springframework.boot.task.TaskExecutorBuilder,org.springframework.boot.task.ThreadPoolTaskExecutorBuilder; SearchStrategy: all) did not find any beans (OnBeanCondition)

   TaskSchedulingAutoConfiguration matched:
      - @ConditionalOnClass found required class 'org.springframework.scheduling.concurrent.ThreadPoolTaskScheduler' (OnClassCondition)

   TaskSchedulingConfigurations.SimpleAsyncTaskSchedulerBuilderConfiguration#simpleAsyncTaskSchedulerBuilder matched:
      - @ConditionalOnMissingBean (types: org.springframework.boot.task.SimpleAsyncTaskSchedulerBuilder; SearchStrategy: all) did not find any beans (OnBeanCondition)
      - @ConditionalOnThreading found PLATFORM (OnThreadingCondition)

   TaskSchedulingConfigurations.TaskSchedulerBuilderConfiguration#taskSchedulerBuilder matched:
      - @ConditionalOnMissingBean (types: org.springframework.boot.task.TaskSchedulerBuilder; SearchStrategy: all) did not find any beans (OnBeanCondition)

   TaskSchedulingConfigurations.ThreadPoolTaskSchedulerBuilderConfiguration#threadPoolTaskSchedulerBuilder matched:
      - @ConditionalOnMissingBean (types: org.springframework.boot.task.TaskSchedulerBuilder,org.springframework.boot.task.ThreadPoolTaskSchedulerBuilder; SearchStrategy: all) did not find any beans (OnBeanCondition)

   TestcontainersPropertySourceAutoConfiguration matched:
      - @ConditionalOnClass found required class 'org.springframework.test.context.DynamicPropertyRegistry' (OnClassCondition)

   TransactionAutoConfiguration matched:
      - @ConditionalOnClass found required class 'org.springframework.transaction.PlatformTransactionManager' (OnClassCondition)

   TransactionAutoConfiguration.EnableTransactionManagementConfiguration matched:
      - @ConditionalOnBean (types: org.springframework.transaction.TransactionManager; SearchStrategy: all) found bean 'transactionManager'; @ConditionalOnMissingBean (types: org.springframework.transaction.annotation.AbstractTransactionManagementConfiguration; SearchStrategy: all) did not find any beans (OnBeanCondition)

   TransactionAutoConfiguration.EnableTransactionManagementConfiguration.CglibAutoProxyConfiguration matched:
      - @ConditionalOnProperty (spring.aop.proxy-target-class=true) matched (OnPropertyCondition)

   TransactionAutoConfiguration.TransactionTemplateConfiguration matched:
      - @ConditionalOnSingleCandidate (types: org.springframework.transaction.PlatformTransactionManager; SearchStrategy: all) found a single bean 'transactionManager' (OnBeanCondition)

   TransactionAutoConfiguration.TransactionTemplateConfiguration#transactionTemplate matched:
      - @ConditionalOnMissingBean (types: org.springframework.transaction.support.TransactionOperations; SearchStrategy: all) did not find any beans (OnBeanCondition)

   TransactionManagerCustomizationAutoConfiguration matched:
      - @ConditionalOnClass found required class 'org.springframework.transaction.PlatformTransactionManager' (OnClassCondition)

   TransactionManagerCustomizationAutoConfiguration#platformTransactionManagerCustomizers matched:
      - @ConditionalOnMissingBean (types: org.springframework.boot.autoconfigure.transaction.TransactionManagerCustomizers; SearchStrategy: all) did not find any beans (OnBeanCondition)

   WebMvcAutoConfiguration matched:
      - @ConditionalOnClass found required classes 'jakarta.servlet.Servlet', 'org.springframework.web.servlet.DispatcherServlet', 'org.springframework.web.servlet.config.annotation.WebMvcConfigurer' (OnClassCondition)
      - found 'session' scope (OnWebApplicationCondition)
      - @ConditionalOnMissingBean (types: org.springframework.web.servlet.config.annotation.WebMvcConfigurationSupport; SearchStrategy: all) did not find any beans (OnBeanCondition)

   WebMvcAutoConfiguration#formContentFilter matched:
      - @ConditionalOnProperty (spring.mvc.formcontent.filter.enabled) matched (OnPropertyCondition)
      - @ConditionalOnMissingBean (types: org.springframework.web.filter.FormContentFilter; SearchStrategy: all) did not find any beans (OnBeanCondition)

   WebMvcAutoConfiguration.EnableWebMvcConfiguration#flashMapManager matched:
      - @ConditionalOnMissingBean (names: flashMapManager; SearchStrategy: all) did not find any beans (OnBeanCondition)

   WebMvcAutoConfiguration.EnableWebMvcConfiguration#localeResolver matched:
      - @ConditionalOnMissingBean (names: localeResolver; SearchStrategy: all) did not find any beans (OnBeanCondition)

   WebMvcAutoConfiguration.EnableWebMvcConfiguration#themeResolver matched:
      - @ConditionalOnMissingBean (names: themeResolver; SearchStrategy: all) did not find any beans (OnBeanCondition)

   WebMvcAutoConfiguration.WebMvcAutoConfigurationAdapter#defaultViewResolver matched:
      - @ConditionalOnMissingBean (types: org.springframework.web.servlet.view.InternalResourceViewResolver; SearchStrategy: all) did not find any beans (OnBeanCondition)

   WebMvcAutoConfiguration.WebMvcAutoConfigurationAdapter#requestContextFilter matched:
      - @ConditionalOnMissingBean (types: org.springframework.web.context.request.RequestContextListener,org.springframework.web.filter.RequestContextFilter; SearchStrategy: all) did not find any beans (OnBeanCondition)

   WebMvcAutoConfiguration.WebMvcAutoConfigurationAdapter#viewResolver matched:
      - @ConditionalOnBean (types: org.springframework.web.servlet.ViewResolver; SearchStrategy: all) found beans 'defaultViewResolver', 'beanNameViewResolver', 'mvcViewResolver'; @ConditionalOnMissingBean (names: viewResolver types: org.springframework.web.servlet.view.ContentNegotiatingViewResolver; SearchStrategy: all) did not find any beans (OnBeanCondition)

   WebSocketServletAutoConfiguration matched:
      - @ConditionalOnClass found required classes 'jakarta.servlet.Servlet', 'jakarta.websocket.server.ServerContainer' (OnClassCondition)
      - found 'session' scope (OnWebApplicationCondition)

   WebSocketServletAutoConfiguration.TomcatWebSocketConfiguration matched:
      - @ConditionalOnClass found required classes 'org.apache.catalina.startup.Tomcat', 'org.apache.tomcat.websocket.server.WsSci' (OnClassCondition)

   WebSocketServletAutoConfiguration.TomcatWebSocketConfiguration#websocketServletWebServerCustomizer matched:
      - @ConditionalOnMissingBean (names: websocketServletWebServerCustomizer; SearchStrategy: all) did not find any beans (OnBeanCondition)


Negative matches:
-----------------

   ActiveMQAutoConfiguration:
      Did not match:
         - @ConditionalOnClass did not find required class 'jakarta.jms.ConnectionFactory' (OnClassCondition)

   AopAutoConfiguration.AspectJAutoProxyingConfiguration.JdkDynamicAutoProxyConfiguration:
      Did not match:
         - @ConditionalOnProperty (spring.aop.proxy-target-class=false) did not find property 'proxy-target-class' (OnPropertyCondition)

   AopAutoConfiguration.ClassProxyingConfiguration:
      Did not match:
         - @ConditionalOnMissingClass found unwanted class 'org.aspectj.weaver.Advice' (OnClassCondition)

   ArtemisAutoConfiguration:
      Did not match:
         - @ConditionalOnClass did not find required class 'jakarta.jms.ConnectionFactory' (OnClassCondition)

   BatchAutoConfiguration:
      Did not match:
         - @ConditionalOnClass did not find required class 'org.springframework.batch.core.launch.JobLauncher' (OnClassCondition)

   Cache2kCacheConfiguration:
      Did not match:
         - @ConditionalOnClass did not find required class 'org.cache2k.Cache2kBuilder' (OnClassCondition)

   CacheAutoConfiguration:
      Did not match:
         - @ConditionalOnBean (types: org.springframework.cache.interceptor.CacheAspectSupport; SearchStrategy: all) did not find any beans of type org.springframework.cache.interceptor.CacheAspectSupport (OnBeanCondition)
      Matched:
         - @ConditionalOnClass found required class 'org.springframework.cache.CacheManager' (OnClassCondition)

   CacheAutoConfiguration.CacheManagerEntityManagerFactoryDependsOnPostProcessor:
      Did not match:
         - Ancestor org.springframework.boot.autoconfigure.cache.CacheAutoConfiguration did not match (ConditionEvaluationReport.AncestorsMatchedCondition)
      Matched:
         - @ConditionalOnClass found required class 'org.springframework.orm.jpa.LocalContainerEntityManagerFactoryBean' (OnClassCondition)

   CaffeineCacheConfiguration:
      Did not match:
         - @ConditionalOnClass did not find required class 'com.github.benmanes.caffeine.cache.Caffeine' (OnClassCondition)

   CassandraAutoConfiguration:
      Did not match:
         - @ConditionalOnClass did not find required class 'com.datastax.oss.driver.api.core.CqlSession' (OnClassCondition)

   CassandraDataAutoConfiguration:
      Did not match:
         - @ConditionalOnClass did not find required class 'com.datastax.oss.driver.api.core.CqlSession' (OnClassCondition)

   CassandraReactiveDataAutoConfiguration:
      Did not match:
         - @ConditionalOnClass did not find required class 'com.datastax.oss.driver.api.core.CqlSession' (OnClassCondition)

   CassandraReactiveRepositoriesAutoConfiguration:
      Did not match:
         - @ConditionalOnClass did not find required class 'org.springframework.data.cassandra.ReactiveSession' (OnClassCondition)

   CassandraRepositoriesAutoConfiguration:
      Did not match:
         - @ConditionalOnClass did not find required class 'com.datastax.oss.driver.api.core.CqlSession' (OnClassCondition)

   ClientHttpConnectorAutoConfiguration:
      Did not match:
         - @ConditionalOnClass did not find required class 'org.springframework.web.reactive.function.client.WebClient' (OnClassCondition)

   CodecsAutoConfiguration:
      Did not match:
         - @ConditionalOnClass did not find required class 'org.springframework.web.reactive.function.client.WebClient' (OnClassCondition)

   CouchbaseAutoConfiguration:
      Did not match:
         - @ConditionalOnClass did not find required class 'com.couchbase.client.java.Cluster' (OnClassCondition)

   CouchbaseCacheConfiguration:
      Did not match:
         - @ConditionalOnClass did not find required class 'com.couchbase.client.java.Cluster' (OnClassCondition)

   CouchbaseDataAutoConfiguration:
      Did not match:
         - @ConditionalOnClass did not find required class 'com.couchbase.client.java.Bucket' (OnClassCondition)

   CouchbaseReactiveDataAutoConfiguration:
      Did not match:
         - @ConditionalOnClass did not find required class 'com.couchbase.client.java.Cluster' (OnClassCondition)

   CouchbaseReactiveRepositoriesAutoConfiguration:
      Did not match:
         - @ConditionalOnClass did not find required class 'com.couchbase.client.java.Cluster' (OnClassCondition)

   CouchbaseRepositoriesAutoConfiguration:
      Did not match:
         - @ConditionalOnClass did not find required class 'com.couchbase.client.java.Bucket' (OnClassCondition)

   DataSourceAutoConfiguration.EmbeddedDatabaseConfiguration:
      Did not match:
         - EmbeddedDataSource spring.datasource.url is set (DataSourceAutoConfiguration.EmbeddedDatabaseCondition)

   DataSourceCheckpointRestoreConfiguration:
      Did not match:
         - @ConditionalOnClass did not find required class 'org.crac.Resource' (OnClassCondition)

   DataSourceConfiguration.Dbcp2:
      Did not match:
         - @ConditionalOnClass did not find required class 'org.apache.commons.dbcp2.BasicDataSource' (OnClassCondition)

   DataSourceConfiguration.Generic:
      Did not match:
         - @ConditionalOnProperty (spring.datasource.type) did not find property 'spring.datasource.type' (OnPropertyCondition)

   DataSourceConfiguration.OracleUcp:
      Did not match:
         - @ConditionalOnClass did not find required classes 'oracle.ucp.jdbc.PoolDataSourceImpl', 'oracle.jdbc.OracleConnection' (OnClassCondition)

   DataSourceConfiguration.Tomcat:
      Did not match:
         - @ConditionalOnClass did not find required class 'org.apache.tomcat.jdbc.pool.DataSource' (OnClassCondition)

   DataSourceJmxConfiguration:
      Did not match:
         - @ConditionalOnProperty (spring.jmx.enabled=true) found different value in property 'enabled' (OnPropertyCondition)

   DataSourcePoolMetadataProvidersConfiguration.CommonsDbcp2PoolDataSourceMetadataProviderConfiguration:
      Did not match:
         - @ConditionalOnClass did not find required class 'org.apache.commons.dbcp2.BasicDataSource' (OnClassCondition)

   DataSourcePoolMetadataProvidersConfiguration.OracleUcpPoolDataSourceMetadataProviderConfiguration:
      Did not match:
         - @ConditionalOnClass did not find required classes 'oracle.ucp.jdbc.PoolDataSource', 'oracle.jdbc.OracleConnection' (OnClassCondition)

   DataSourcePoolMetadataProvidersConfiguration.TomcatDataSourcePoolMetadataProviderConfiguration:
      Did not match:
         - @ConditionalOnClass did not find required class 'org.apache.tomcat.jdbc.pool.DataSource' (OnClassCondition)

   DataSourceTransactionManagerAutoConfiguration.JdbcTransactionManagerConfiguration#transactionManager:
      Did not match:
         - @ConditionalOnMissingBean (types: org.springframework.transaction.TransactionManager; SearchStrategy: all) found beans of type 'org.springframework.transaction.TransactionManager' transactionManager (OnBeanCondition)

   DevToolsDataSourceAutoConfiguration:
      Did not match:
         - Devtools devtools is disabled for current context. (OnEnabledDevToolsCondition)
      Matched:
         - @ConditionalOnClass found required class 'javax.sql.DataSource' (OnClassCondition)

   DevToolsR2dbcAutoConfiguration:
      Did not match:
         - @ConditionalOnClass did not find required class 'io.r2dbc.spi.ConnectionFactory' (OnClassCondition)

   DispatcherServletAutoConfiguration.DispatcherServletConfiguration#multipartResolver:
      Did not match:
         - @ConditionalOnBean (types: org.springframework.web.multipart.MultipartResolver; SearchStrategy: all) did not find any beans of type org.springframework.web.multipart.MultipartResolver (OnBeanCondition)

   ElasticsearchClientAutoConfiguration:
      Did not match:
         - @ConditionalOnClass did not find required class 'co.elastic.clients.elasticsearch.ElasticsearchClient' (OnClassCondition)

   ElasticsearchDataAutoConfiguration:
      Did not match:
         - @ConditionalOnClass did not find required class 'org.springframework.data.elasticsearch.client.elc.ElasticsearchTemplate' (OnClassCondition)

   ElasticsearchRepositoriesAutoConfiguration:
      Did not match:
         - @ConditionalOnClass did not find required class 'org.springframework.data.elasticsearch.repository.ElasticsearchRepository' (OnClassCondition)

   ElasticsearchRestClientAutoConfiguration:
      Did not match:
         - @ConditionalOnClass did not find required class 'org.elasticsearch.client.RestClientBuilder' (OnClassCondition)

   EmbeddedLdapAutoConfiguration:
      Did not match:
         - @ConditionalOnClass did not find required class 'com.unboundid.ldap.listener.InMemoryDirectoryServer' (OnClassCondition)

   EmbeddedWebServerFactoryCustomizerAutoConfiguration:
      Did not match:
         - Application is deployed as a WAR file. (OnWarDeploymentCondition)
      Matched:
         - @ConditionalOnWebApplication (required) found 'session' scope (OnWebApplicationCondition)

   ErrorWebFluxAutoConfiguration:
      Did not match:
         - @ConditionalOnClass did not find required class 'org.springframework.web.reactive.config.WebFluxConfigurer' (OnClassCondition)

   FlywayAutoConfiguration:
      Did not match:
         - @ConditionalOnClass did not find required class 'org.flywaydb.core.Flyway' (OnClassCondition)

   FreeMarkerAutoConfiguration:
      Did not match:
         - @ConditionalOnClass did not find required class 'freemarker.template.Configuration' (OnClassCondition)

   GraphQlAutoConfiguration:
      Did not match:
         - @ConditionalOnClass did not find required class 'graphql.GraphQL' (OnClassCondition)

   GraphQlQueryByExampleAutoConfiguration:
      Did not match:
         - @ConditionalOnClass did not find required class 'graphql.GraphQL' (OnClassCondition)

   GraphQlQuerydslAutoConfiguration:
      Did not match:
         - @ConditionalOnClass did not find required class 'com.querydsl.core.Query' (OnClassCondition)

   GraphQlRSocketAutoConfiguration:
      Did not match:
         - @ConditionalOnClass did not find required class 'graphql.GraphQL' (OnClassCondition)

   GraphQlReactiveQueryByExampleAutoConfiguration:
      Did not match:
         - @ConditionalOnClass did not find required class 'graphql.GraphQL' (OnClassCondition)

   GraphQlReactiveQuerydslAutoConfiguration:
      Did not match:
         - @ConditionalOnClass did not find required class 'com.querydsl.core.Query' (OnClassCondition)

   GraphQlWebFluxAutoConfiguration:
      Did not match:
         - @ConditionalOnClass did not find required class 'graphql.GraphQL' (OnClassCondition)

   GraphQlWebFluxSecurityAutoConfiguration:
      Did not match:
         - @ConditionalOnClass did not find required class 'graphql.GraphQL' (OnClassCondition)

   GraphQlWebMvcAutoConfiguration:
      Did not match:
         - @ConditionalOnClass did not find required class 'graphql.GraphQL' (OnClassCondition)

   GraphQlWebMvcSecurityAutoConfiguration:
      Did not match:
         - @ConditionalOnClass did not find required class 'graphql.GraphQL' (OnClassCondition)

   GroovyTemplateAutoConfiguration:
      Did not match:
         - @ConditionalOnClass did not find required class 'groovy.text.markup.MarkupTemplateEngine' (OnClassCondition)

   GsonAutoConfiguration:
      Did not match:
         - @ConditionalOnClass did not find required class 'com.google.gson.Gson' (OnClassCondition)

   GsonHttpMessageConvertersConfiguration:
      Did not match:
         - @ConditionalOnClass did not find required class 'com.google.gson.Gson' (OnClassCondition)

   H2ConsoleAutoConfiguration:
      Did not match:
         - @ConditionalOnProperty (spring.h2.console.enabled=true) did not find property 'enabled' (OnPropertyCondition)
      Matched:
         - @ConditionalOnClass found required class 'org.h2.server.web.JakartaWebServlet' (OnClassCondition)
         - found 'session' scope (OnWebApplicationCondition)

   HazelcastAutoConfiguration:
      Did not match:
         - @ConditionalOnClass did not find required class 'com.hazelcast.core.HazelcastInstance' (OnClassCondition)

   HazelcastCacheConfiguration:
      Did not match:
         - @ConditionalOnClass did not find required class 'com.hazelcast.core.HazelcastInstance' (OnClassCondition)

   HazelcastJpaDependencyAutoConfiguration:
      Did not match:
         - @ConditionalOnClass did not find required class 'com.hazelcast.core.HazelcastInstance' (OnClassCondition)

   HttpHandlerAutoConfiguration:
      Did not match:
         - @ConditionalOnClass did not find required class 'org.springframework.web.reactive.DispatcherHandler' (OnClassCondition)

   HypermediaAutoConfiguration:
      Did not match:
         - @ConditionalOnClass did not find required class 'org.springframework.hateoas.EntityModel' (OnClassCondition)

   InfinispanCacheConfiguration:
      Did not match:
         - @ConditionalOnClass did not find required class 'org.infinispan.spring.embedded.provider.SpringEmbeddedCacheManager' (OnClassCondition)

   InfluxDbAutoConfiguration:
      Did not match:
         - @ConditionalOnClass did not find required class 'org.influxdb.InfluxDB' (OnClassCondition)

   IntegrationAutoConfiguration:
      Did not match:
         - @ConditionalOnClass did not find required class 'org.springframework.integration.config.EnableIntegration' (OnClassCondition)

   JCacheCacheConfiguration:
      Did not match:
         - @ConditionalOnClass did not find required class 'javax.cache.Caching' (OnClassCondition)

   JacksonHttpMessageConvertersConfiguration.MappingJackson2XmlHttpMessageConverterConfiguration:
      Did not match:
         - @ConditionalOnClass did not find required class 'com.fasterxml.jackson.dataformat.xml.XmlMapper' (OnClassCondition)

   JdbcRepositoriesAutoConfiguration:
      Did not match:
         - @ConditionalOnClass did not find required class 'org.springframework.data.jdbc.repository.config.AbstractJdbcConfiguration' (OnClassCondition)

   JerseyAutoConfiguration:
      Did not match:
         - @ConditionalOnClass did not find required class 'org.glassfish.jersey.server.spring.SpringComponentProvider' (OnClassCondition)

   JmsAutoConfiguration:
      Did not match:
         - @ConditionalOnClass did not find required class 'jakarta.jms.Message' (OnClassCondition)

   JmxAutoConfiguration:
      Did not match:
         - @ConditionalOnProperty (spring.jmx.enabled=true) found different value in property 'enabled' (OnPropertyCondition)
      Matched:
         - @ConditionalOnClass found required class 'org.springframework.jmx.export.MBeanExporter' (OnClassCondition)

   JndiConnectionFactoryAutoConfiguration:
      Did not match:
         - @ConditionalOnClass did not find required class 'org.springframework.jms.core.JmsTemplate' (OnClassCondition)

   JndiDataSourceAutoConfiguration:
      Did not match:
         - @ConditionalOnProperty (spring.datasource.jndi-name) did not find property 'jndi-name' (OnPropertyCondition)
      Matched:
         - @ConditionalOnClass found required classes 'javax.sql.DataSource', 'org.springframework.jdbc.datasource.embedded.EmbeddedDatabaseType' (OnClassCondition)

   JndiJtaConfiguration:
      Did not match:
         - @ConditionalOnJndi JNDI environment is not available (OnJndiCondition)
      Matched:
         - @ConditionalOnClass found required class 'org.springframework.transaction.jta.JtaTransactionManager' (OnClassCondition)

   JooqAutoConfiguration:
      Did not match:
         - @ConditionalOnClass did not find required class 'org.jooq.DSLContext' (OnClassCondition)

   JpaRepositoriesAutoConfiguration:
      Did not match:
         - @ConditionalOnMissingBean (types: org.springframework.data.jpa.repository.support.JpaRepositoryFactoryBean,org.springframework.data.jpa.repository.config.JpaRepositoryConfigExtension; SearchStrategy: all) found beans of type 'org.springframework.data.jpa.repository.support.JpaRepositoryFactoryBean' &documentJpaRepository and found beans of type 'org.springframework.data.jpa.repository.config.JpaRepositoryConfigExtension' org.springframework.data.jpa.repository.config.JpaRepositoryConfigExtension#0 (OnBeanCondition)
      Matched:
         - @ConditionalOnClass found required class 'org.springframework.data.jpa.repository.JpaRepository' (OnClassCondition)
         - @ConditionalOnProperty (spring.data.jpa.repositories.enabled=true) matched (OnPropertyCondition)

   JsonbAutoConfiguration:
      Did not match:
         - @ConditionalOnClass did not find required class 'jakarta.json.bind.Jsonb' (OnClassCondition)

   JsonbHttpMessageConvertersConfiguration:
      Did not match:
         - @ConditionalOnClass did not find required class 'jakarta.json.bind.Jsonb' (OnClassCondition)

   KafkaAutoConfiguration:
      Did not match:
         - @ConditionalOnClass did not find required class 'org.springframework.kafka.core.KafkaTemplate' (OnClassCondition)

   LdapAutoConfiguration:
      Did not match:
         - @ConditionalOnClass did not find required class 'org.springframework.ldap.core.ContextSource' (OnClassCondition)

   LdapRepositoriesAutoConfiguration:
      Did not match:
         - @ConditionalOnClass did not find required class 'org.springframework.data.ldap.repository.LdapRepository' (OnClassCondition)

   LiquibaseAutoConfiguration:
      Did not match:
         - @ConditionalOnClass did not find required class 'liquibase.change.DatabaseChange' (OnClassCondition)

   LocalDevToolsAutoConfiguration:
      Did not match:
         - Initialized Restarter Condition initialized without URLs (OnInitializedRestarterCondition)

   MailSenderAutoConfiguration:
      Did not match:
         - @ConditionalOnClass did not find required class 'jakarta.mail.internet.MimeMessage' (OnClassCondition)

   MailSenderValidatorAutoConfiguration:
      Did not match:
         - @ConditionalOnSingleCandidate did not find required type 'org.springframework.mail.javamail.JavaMailSenderImpl' (OnBeanCondition)

   MessageSourceAutoConfiguration:
      Did not match:
         - ResourceBundle did not find bundle with basename messages (MessageSourceAutoConfiguration.ResourceBundleCondition)

   MongoAutoConfiguration:
      Did not match:
         - @ConditionalOnClass did not find required class 'com.mongodb.client.MongoClient' (OnClassCondition)

   MongoDataAutoConfiguration:
      Did not match:
         - @ConditionalOnClass did not find required class 'com.mongodb.client.MongoClient' (OnClassCondition)

   MongoReactiveAutoConfiguration:
      Did not match:
         - @ConditionalOnClass did not find required class 'com.mongodb.reactivestreams.client.MongoClient' (OnClassCondition)

   MongoReactiveDataAutoConfiguration:
      Did not match:
         - @ConditionalOnClass did not find required class 'com.mongodb.reactivestreams.client.MongoClient' (OnClassCondition)

   MongoReactiveRepositoriesAutoConfiguration:
      Did not match:
         - @ConditionalOnClass did not find required class 'com.mongodb.reactivestreams.client.MongoClient' (OnClassCondition)

   MongoRepositoriesAutoConfiguration:
      Did not match:
         - @ConditionalOnClass did not find required class 'com.mongodb.client.MongoClient' (OnClassCondition)

   MustacheAutoConfiguration:
      Did not match:
         - @ConditionalOnClass did not find required class 'com.samskivert.mustache.Mustache' (OnClassCondition)

   Neo4jAutoConfiguration:
      Did not match:
         - @ConditionalOnClass did not find required class 'org.neo4j.driver.Driver' (OnClassCondition)

   Neo4jDataAutoConfiguration:
      Did not match:
         - @ConditionalOnClass did not find required class 'org.neo4j.driver.Driver' (OnClassCondition)

   Neo4jReactiveDataAutoConfiguration:
      Did not match:
         - @ConditionalOnClass did not find required class 'org.neo4j.driver.Driver' (OnClassCondition)

   Neo4jReactiveRepositoriesAutoConfiguration:
      Did not match:
         - @ConditionalOnClass did not find required class 'org.neo4j.driver.Driver' (OnClassCondition)

   Neo4jRepositoriesAutoConfiguration:
      Did not match:
         - @ConditionalOnClass did not find required class 'org.neo4j.driver.Driver' (OnClassCondition)

   NettyAutoConfiguration:
      Did not match:
         - @ConditionalOnClass did not find required class 'io.netty.util.NettyRuntime' (OnClassCondition)

   OAuth2AuthorizationServerAutoConfiguration:
      Did not match:
         - @ConditionalOnClass did not find required class 'org.springframework.security.oauth2.server.authorization.OAuth2Authorization' (OnClassCondition)

   OAuth2AuthorizationServerJwtAutoConfiguration:
      Did not match:
         - @ConditionalOnClass did not find required class 'org.springframework.security.oauth2.server.authorization.OAuth2Authorization' (OnClassCondition)

   OAuth2ClientAutoConfiguration:
      Did not match:
         - @ConditionalOnClass did not find required class 'org.springframework.security.config.annotation.web.configuration.EnableWebSecurity' (OnClassCondition)

   OAuth2ResourceServerAutoConfiguration:
      Did not match:
         - @ConditionalOnClass did not find required class 'org.springframework.security.oauth2.server.resource.authentication.BearerTokenAuthenticationToken' (OnClassCondition)

   ProjectInfoAutoConfiguration#buildProperties:
      Did not match:
         - @ConditionalOnResource did not find resource '${spring.info.build.location:classpath:META-INF/build-info.properties}' (OnResourceCondition)

   ProjectInfoAutoConfiguration#gitProperties:
      Did not match:
         - GitResource did not find git info at classpath:git.properties (ProjectInfoAutoConfiguration.GitResourceAvailableCondition)

   PulsarAutoConfiguration:
      Did not match:
         - @ConditionalOnClass did not find required class 'org.apache.pulsar.client.api.PulsarClient' (OnClassCondition)

   PulsarReactiveAutoConfiguration:
      Did not match:
         - @ConditionalOnClass did not find required class 'org.apache.pulsar.client.api.PulsarClient' (OnClassCondition)

   QuartzAutoConfiguration:
      Did not match:
         - @ConditionalOnClass did not find required class 'org.quartz.Scheduler' (OnClassCondition)

   R2dbcAutoConfiguration:
      Did not match:
         - @ConditionalOnClass did not find required class 'io.r2dbc.spi.ConnectionFactory' (OnClassCondition)

   R2dbcDataAutoConfiguration:
      Did not match:
         - @ConditionalOnClass did not find required class 'org.springframework.data.r2dbc.core.R2dbcEntityTemplate' (OnClassCondition)

   R2dbcInitializationConfiguration:
      Did not match:
         - @ConditionalOnClass did not find required classes 'io.r2dbc.spi.ConnectionFactory', 'org.springframework.r2dbc.connection.init.DatabasePopulator' (OnClassCondition)

   R2dbcRepositoriesAutoConfiguration:
      Did not match:
         - @ConditionalOnClass did not find required class 'io.r2dbc.spi.ConnectionFactory' (OnClassCondition)

   R2dbcTransactionManagerAutoConfiguration:
      Did not match:
         - @ConditionalOnClass did not find required class 'org.springframework.r2dbc.connection.R2dbcTransactionManager' (OnClassCondition)

   RSocketGraphQlClientAutoConfiguration:
      Did not match:
         - @ConditionalOnClass did not find required class 'graphql.GraphQL' (OnClassCondition)

   RSocketMessagingAutoConfiguration:
      Did not match:
         - @ConditionalOnClass did not find required class 'io.rsocket.RSocket' (OnClassCondition)

   RSocketRequesterAutoConfiguration:
      Did not match:
         - @ConditionalOnClass did not find required class 'io.rsocket.RSocket' (OnClassCondition)

   RSocketSecurityAutoConfiguration:
      Did not match:
         - @ConditionalOnClass did not find required class 'org.springframework.security.rsocket.core.SecuritySocketAcceptorInterceptor' (OnClassCondition)

   RSocketServerAutoConfiguration:
      Did not match:
         - @ConditionalOnClass did not find required class 'io.rsocket.core.RSocketServer' (OnClassCondition)

   RSocketStrategiesAutoConfiguration:
      Did not match:
         - @ConditionalOnClass did not find required class 'io.netty.buffer.PooledByteBufAllocator' (OnClassCondition)

   RabbitAnnotationDrivenConfiguration#directRabbitListenerContainerFactory:
      Did not match:
         - @ConditionalOnProperty (spring.rabbitmq.listener.type=direct) did not find property 'type' (OnPropertyCondition)

   RabbitAnnotationDrivenConfiguration#directRabbitListenerContainerFactoryConfigurerVirtualThreads:
      Did not match:
         - @ConditionalOnMissingBean (types: org.springframework.boot.autoconfigure.amqp.DirectRabbitListenerContainerFactoryConfigurer; SearchStrategy: all) found beans of type 'org.springframework.boot.autoconfigure.amqp.DirectRabbitListenerContainerFactoryConfigurer' directRabbitListenerContainerFactoryConfigurer (OnBeanCondition)

   RabbitAnnotationDrivenConfiguration#simpleRabbitListenerContainerFactoryConfigurerVirtualThreads:
      Did not match:
         - @ConditionalOnMissingBean (types: org.springframework.boot.autoconfigure.amqp.SimpleRabbitListenerContainerFactoryConfigurer; SearchStrategy: all) found beans of type 'org.springframework.boot.autoconfigure.amqp.SimpleRabbitListenerContainerFactoryConfigurer' simpleRabbitListenerContainerFactoryConfigurer (OnBeanCondition)

   RabbitStreamConfiguration:
      Did not match:
         - @ConditionalOnClass did not find required class 'org.springframework.rabbit.stream.config.StreamRabbitListenerContainerFactory' (OnClassCondition)

   ReactiveElasticsearchClientAutoConfiguration:
      Did not match:
         - @ConditionalOnClass did not find required class 'co.elastic.clients.transport.ElasticsearchTransport' (OnClassCondition)

   ReactiveElasticsearchRepositoriesAutoConfiguration:
      Did not match:
         - @ConditionalOnClass did not find required class 'reactor.core.publisher.Mono' (OnClassCondition)

   ReactiveMultipartAutoConfiguration:
      Did not match:
         - @ConditionalOnClass did not find required class 'org.springframework.web.reactive.config.WebFluxConfigurer' (OnClassCondition)

   ReactiveOAuth2ClientAutoConfiguration:
      Did not match:
         - @ConditionalOnClass did not find required class 'reactor.core.publisher.Flux' (OnClassCondition)

   ReactiveOAuth2ResourceServerAutoConfiguration:
      Did not match:
         - @ConditionalOnClass did not find required class 'org.springframework.security.config.annotation.web.reactive.EnableWebFluxSecurity' (OnClassCondition)

   ReactiveSecurityAutoConfiguration:
      Did not match:
         - @ConditionalOnClass did not find required class 'reactor.core.publisher.Flux' (OnClassCondition)

   ReactiveUserDetailsServiceAutoConfiguration:
      Did not match:
         - @ConditionalOnClass did not find required class 'org.springframework.security.authentication.ReactiveAuthenticationManager' (OnClassCondition)

   ReactiveWebServerFactoryAutoConfiguration:
      Did not match:
         - @ConditionalOnWebApplication did not find reactive web application classes (OnWebApplicationCondition)

   ReactorAutoConfiguration:
      Did not match:
         - @ConditionalOnClass did not find required class 'reactor.core.publisher.Hooks' (OnClassCondition)

   RedisAutoConfiguration:
      Did not match:
         - @ConditionalOnClass did not find required class 'org.springframework.data.redis.core.RedisOperations' (OnClassCondition)

   RedisCacheConfiguration:
      Did not match:
         - @ConditionalOnClass did not find required class 'org.springframework.data.redis.connection.RedisConnectionFactory' (OnClassCondition)

   RedisReactiveAutoConfiguration:
      Did not match:
         - @ConditionalOnClass did not find required class 'reactor.core.publisher.Flux' (OnClassCondition)

   RedisRepositoriesAutoConfiguration:
      Did not match:
         - @ConditionalOnClass did not find required class 'org.springframework.data.redis.repository.configuration.EnableRedisRepositories' (OnClassCondition)

   RemoteDevToolsAutoConfiguration:
      Did not match:
         - @ConditionalOnProperty (spring.devtools.remote.secret) did not find property 'secret' (OnPropertyCondition)
      Matched:
         - @ConditionalOnClass found required classes 'jakarta.servlet.Filter', 'org.springframework.http.server.ServerHttpRequest' (OnClassCondition)

   RepositoryRestMvcAutoConfiguration:
      Did not match:
         - @ConditionalOnClass did not find required class 'org.springframework.data.rest.webmvc.config.RepositoryRestMvcConfiguration' (OnClassCondition)

   Saml2RelyingPartyAutoConfiguration:
      Did not match:
         - @ConditionalOnClass did not find required class 'org.springframework.security.saml2.provider.service.registration.RelyingPartyRegistrationRepository' (OnClassCondition)

   SecurityAutoConfiguration:
      Did not match:
         - @ConditionalOnClass did not find required class 'org.springframework.security.authentication.DefaultAuthenticationEventPublisher' (OnClassCondition)

   SecurityFilterAutoConfiguration:
      Did not match:
         - @ConditionalOnClass did not find required class 'org.springframework.security.config.http.SessionCreationPolicy' (OnClassCondition)

   SendGridAutoConfiguration:
      Did not match:
         - @ConditionalOnClass did not find required class 'com.sendgrid.SendGrid' (OnClassCondition)

   ServletWebServerFactoryAutoConfiguration.ForwardedHeaderFilterConfiguration:
      Did not match:
         - @ConditionalOnProperty (server.forward-headers-strategy=framework) did not find property 'server.forward-headers-strategy' (OnPropertyCondition)

   ServletWebServerFactoryConfiguration.EmbeddedJetty:
      Did not match:
         - @ConditionalOnClass did not find required classes 'org.eclipse.jetty.server.Server', 'org.eclipse.jetty.util.Loader', 'org.eclipse.jetty.ee10.webapp.WebAppContext' (OnClassCondition)

   ServletWebServerFactoryConfiguration.EmbeddedUndertow:
      Did not match:
         - @ConditionalOnClass did not find required classes 'io.undertow.Undertow', 'org.xnio.SslClientAuthMode' (OnClassCondition)

   SessionAutoConfiguration:
      Did not match:
         - @ConditionalOnClass did not find required class 'org.springframework.session.Session' (OnClassCondition)

   SpringApplicationAdminJmxAutoConfiguration:
      Did not match:
         - @ConditionalOnProperty (spring.application.admin.enabled=true) did not find property 'enabled' (OnPropertyCondition)

   TaskExecutorConfigurations.SimpleAsyncTaskExecutorBuilderConfiguration#simpleAsyncTaskExecutorBuilderVirtualThreads:
      Did not match:
         - @ConditionalOnMissingBean (types: org.springframework.boot.task.SimpleAsyncTaskExecutorBuilder; SearchStrategy: all) found beans of type 'org.springframework.boot.task.SimpleAsyncTaskExecutorBuilder' simpleAsyncTaskExecutorBuilder (OnBeanCondition)

   TaskExecutorConfigurations.TaskExecutorConfiguration#applicationTaskExecutorVirtualThreads:
      Did not match:
         - @ConditionalOnThreading did not find VIRTUAL (OnThreadingCondition)

   TaskSchedulingAutoConfiguration#scheduledBeanLazyInitializationExcludeFilter:
      Did not match:
         - @ConditionalOnBean (names: org.springframework.context.annotation.internalScheduledAnnotationProcessor; SearchStrategy: all) did not find any beans named org.springframework.context.annotation.internalScheduledAnnotationProcessor (OnBeanCondition)

   TaskSchedulingConfigurations.SimpleAsyncTaskSchedulerBuilderConfiguration#simpleAsyncTaskSchedulerBuilderVirtualThreads:
      Did not match:
         - @ConditionalOnMissingBean (types: org.springframework.boot.task.SimpleAsyncTaskSchedulerBuilder; SearchStrategy: all) found beans of type 'org.springframework.boot.task.SimpleAsyncTaskSchedulerBuilder' simpleAsyncTaskSchedulerBuilder (OnBeanCondition)

   TaskSchedulingConfigurations.TaskSchedulerConfiguration:
      Did not match:
         - @ConditionalOnBean (names: org.springframework.context.annotation.internalScheduledAnnotationProcessor; SearchStrategy: all) did not find any beans named org.springframework.context.annotation.internalScheduledAnnotationProcessor (OnBeanCondition)

   ThymeleafAutoConfiguration:
      Did not match:
         - @ConditionalOnClass did not find required class 'org.thymeleaf.spring6.SpringTemplateEngine' (OnClassCondition)

   TransactionAutoConfiguration#transactionalOperator:
      Did not match:
         - @ConditionalOnSingleCandidate (types: org.springframework.transaction.ReactiveTransactionManager; SearchStrategy: all) did not find any beans (OnBeanCondition)

   TransactionAutoConfiguration.AspectJTransactionManagementConfiguration:
      Did not match:
         - @ConditionalOnBean (types: org.springframework.transaction.aspectj.AbstractTransactionAspect; SearchStrategy: all) did not find any beans of type org.springframework.transaction.aspectj.AbstractTransactionAspect (OnBeanCondition)

   TransactionAutoConfiguration.EnableTransactionManagementConfiguration.JdkDynamicAutoProxyConfiguration:
      Did not match:
         - @ConditionalOnProperty (spring.aop.proxy-target-class=false) did not find property 'proxy-target-class' (OnPropertyCondition)

   UserDetailsServiceAutoConfiguration:
      Did not match:
         - @ConditionalOnClass did not find required class 'org.springframework.security.authentication.AuthenticationManager' (OnClassCondition)

   ValidationAutoConfiguration:
      Did not match:
         - @ConditionalOnClass did not find required class 'jakarta.validation.executable.ExecutableValidator' (OnClassCondition)

   WebClientAutoConfiguration:
      Did not match:
         - @ConditionalOnClass did not find required class 'org.springframework.web.reactive.function.client.WebClient' (OnClassCondition)

   WebFluxAutoConfiguration:
      Did not match:
         - @ConditionalOnClass did not find required class 'org.springframework.web.reactive.config.WebFluxConfigurer' (OnClassCondition)

   WebMvcAutoConfiguration#hiddenHttpMethodFilter:
      Did not match:
         - @ConditionalOnProperty (spring.mvc.hiddenmethod.filter.enabled) did not find property 'enabled' (OnPropertyCondition)

   WebMvcAutoConfiguration.ProblemDetailsErrorHandlingConfiguration:
      Did not match:
         - @ConditionalOnProperty (spring.mvc.problemdetails.enabled=true) did not find property 'enabled' (OnPropertyCondition)

   WebMvcAutoConfiguration.ResourceChainCustomizerConfiguration:
      Did not match:
         - @ConditionalOnEnabledResourceChain did not find class org.webjars.WebJarAssetLocator (OnEnabledResourceChainCondition)

   WebMvcAutoConfiguration.WebMvcAutoConfigurationAdapter#beanNameViewResolver:
      Did not match:
         - @ConditionalOnMissingBean (types: org.springframework.web.servlet.view.BeanNameViewResolver; SearchStrategy: all) found beans of type 'org.springframework.web.servlet.view.BeanNameViewResolver' beanNameViewResolver (OnBeanCondition)

   WebServiceTemplateAutoConfiguration:
      Did not match:
         - @ConditionalOnClass did not find required class 'org.springframework.oxm.Marshaller' (OnClassCondition)

   WebServicesAutoConfiguration:
      Did not match:
         - @ConditionalOnClass did not find required class 'org.springframework.ws.transport.http.MessageDispatcherServlet' (OnClassCondition)

   WebSessionIdResolverAutoConfiguration:
      Did not match:
         - @ConditionalOnClass did not find required class 'reactor.core.publisher.Mono' (OnClassCondition)

   WebSocketMessagingAutoConfiguration:
      Did not match:
         - @ConditionalOnClass did not find required class 'org.springframework.web.socket.config.annotation.WebSocketMessageBrokerConfigurer' (OnClassCondition)

   WebSocketReactiveAutoConfiguration:
      Did not match:
         - @ConditionalOnWebApplication did not find reactive web application classes (OnWebApplicationCondition)

   WebSocketServletAutoConfiguration.JettyWebSocketConfiguration:
      Did not match:
         - @ConditionalOnClass did not find required class 'org.eclipse.jetty.ee10.websocket.jakarta.server.config.JakartaWebSocketServletContainerInitializer' (OnClassCondition)

   WebSocketServletAutoConfiguration.UndertowWebSocketConfiguration:
      Did not match:
         - @ConditionalOnClass did not find required class 'io.undertow.websockets.jsr.Bootstrap' (OnClassCondition)

   XADataSourceAutoConfiguration:
      Did not match:
         - @ConditionalOnBean (types: org.springframework.boot.jdbc.XADataSourceWrapper; SearchStrategy: all) did not find any beans of type org.springframework.boot.jdbc.XADataSourceWrapper (OnBeanCondition)
      Matched:
         - @ConditionalOnClass found required classes 'javax.sql.DataSource', 'jakarta.transaction.TransactionManager', 'org.springframework.jdbc.datasource.embedded.EmbeddedDatabaseType' (OnClassCondition)


Exclusions:
-----------

    None


Unconditional classes:
----------------------

    org.springframework.boot.autoconfigure.context.ConfigurationPropertiesAutoConfiguration

    org.springframework.boot.autoconfigure.ssl.SslAutoConfiguration

    org.springframework.boot.autoconfigure.context.LifecycleAutoConfiguration

    org.springframework.boot.autoconfigure.context.PropertyPlaceholderAutoConfiguration

    org.springframework.boot.testcontainers.service.connection.ServiceConnectionAutoConfiguration

    org.springframework.boot.autoconfigure.availability.ApplicationAvailabilityAutoConfiguration

    org.springframework.boot.autoconfigure.info.ProjectInfoAutoConfiguration



2024-12-19T11:11:23.826+01:00  INFO 14736 --- [main] a.t.p.r.PaperlessRestApplicationTests    : Started PaperlessRestApplicationTests in 5.083 seconds (process running for 6.486)
2024-12-19T11:11:23.827+01:00 DEBUG 14736 --- [main] o.s.b.a.ApplicationAvailabilityBean      : Application availability state LivenessState changed to CORRECT
2024-12-19T11:11:23.831+01:00 DEBUG 14736 --- [main] o.s.boot.devtools.restart.Restarter      : Creating new Restarter for thread Thread[#1,main,5,main]
2024-12-19T11:11:23.832+01:00 DEBUG 14736 --- [main] o.s.b.a.ApplicationAvailabilityBean      : Application availability state ReadinessState changed to ACCEPTING_TRAFFIC
2024-12-19T11:11:23.833+01:00 DEBUG 14736 --- [main] org.springframework.test.context.cache   : Spring test ApplicationContext cache statistics: [DefaultContextCache@77cd1f67 size = 1, maxSize = 32, parentContextCount = 0, hitCount = 0, missCount = 1, failureCount = 0]
2024-12-19T11:11:23.834+01:00 DEBUG 14736 --- [main] o.s.t.c.w.ServletTestExecutionListener   : Setting up MockHttpServletRequest, MockHttpServletResponse, ServletWebRequest, and RequestContextHolder for test class at.technikumwien.paperless.rest.PaperlessRestApplicationTests
2024-12-19T11:11:23.852+01:00 DEBUG 14736 --- [main] DependencyInjectionTestExecutionListener : Performing dependency injection for test class at.technikumwien.paperless.rest.PaperlessRestApplicationTests
2024-12-19T11:11:23.853+01:00 DEBUG 14736 --- [main] org.springframework.test.context.cache   : Spring test ApplicationContext cache statistics: [DefaultContextCache@77cd1f67 size = 1, maxSize = 32, parentContextCount = 0, hitCount = 1, missCount = 1, failureCount = 0]
2024-12-19T11:11:23.854+01:00 DEBUG 14736 --- [main] org.springframework.test.context.cache   : Spring test ApplicationContext cache statistics: [DefaultContextCache@77cd1f67 size = 1, maxSize = 32, parentContextCount = 0, hitCount = 2, missCount = 1, failureCount = 0]
2024-12-19T11:11:23.859+01:00 DEBUG 14736 --- [main] sContextBeforeModesTestExecutionListener : Before test method: class [PaperlessRestApplicationTests], method [contextLoads], class annotated with @DirtiesContext [false] with mode [null], method annotated with @DirtiesContext [false] with mode [null]
2024-12-19T11:11:23.862+01:00 DEBUG 14736 --- [main] org.springframework.test.context.cache   : Spring test ApplicationContext cache statistics: [DefaultContextCache@77cd1f67 size = 1, maxSize = 32, parentContextCount = 0, hitCount = 3, missCount = 1, failureCount = 0]
2024-12-19T11:11:23.862+01:00 DEBUG 14736 --- [main] org.springframework.test.context.cache   : Spring test ApplicationContext cache statistics: [DefaultContextCache@77cd1f67 size = 1, maxSize = 32, parentContextCount = 0, hitCount = 4, missCount = 1, failureCount = 0]
2024-12-19T11:11:23.903+01:00 DEBUG 14736 --- [main] java.lang.ProcessBuilder                 : ProcessBuilder.start(): pid: 13816, dir: null, cmd: "C:\Program Files\Java\jdk-21\bin\java.exe"

java.lang.RuntimeException: ProcessBuilder.start() debug
	at java.base/java.lang.ProcessBuilder.start(ProcessBuilder.java:1147) ~[na:na]
	at java.base/java.lang.ProcessBuilder.start(ProcessBuilder.java:1089) ~[na:na]
	at net.bytebuddy.agent.ByteBuddyAgent.installExternal(ByteBuddyAgent.java:673) ~[byte-buddy-agent-1.14.19.jar:na]
	at net.bytebuddy.agent.ByteBuddyAgent.install(ByteBuddyAgent.java:604) ~[byte-buddy-agent-1.14.19.jar:na]
	at net.bytebuddy.agent.ByteBuddyAgent.install(ByteBuddyAgent.java:584) ~[byte-buddy-agent-1.14.19.jar:na]
	at net.bytebuddy.agent.ByteBuddyAgent.install(ByteBuddyAgent.java:536) ~[byte-buddy-agent-1.14.19.jar:na]
	at net.bytebuddy.agent.ByteBuddyAgent.install(ByteBuddyAgent.java:513) ~[byte-buddy-agent-1.14.19.jar:na]
	at org.mockito.internal.creation.bytebuddy.InlineDelegateByteBuddyMockMaker.<clinit>(InlineDelegateByteBuddyMockMaker.java:133) ~[mockito-core-5.11.0.jar:na]
	at org.mockito.internal.creation.bytebuddy.InlineByteBuddyMockMaker.<init>(InlineByteBuddyMockMaker.java:23) ~[mockito-core-5.11.0.jar:na]
	at java.base/jdk.internal.reflect.DirectConstructorHandleAccessor.newInstance(DirectConstructorHandleAccessor.java:62) ~[na:na]
	at java.base/java.lang.reflect.Constructor.newInstanceWithCaller(Constructor.java:502) ~[na:na]
	at java.base/java.lang.reflect.Constructor.newInstance(Constructor.java:486) ~[na:na]
	at org.mockito.internal.configuration.plugins.DefaultMockitoPlugins.create(DefaultMockitoPlugins.java:103) ~[mockito-core-5.11.0.jar:na]
	at org.mockito.internal.configuration.plugins.DefaultMockitoPlugins.getDefaultPlugin(DefaultMockitoPlugins.java:79) ~[mockito-core-5.11.0.jar:na]
	at org.mockito.internal.configuration.plugins.PluginLoader.loadPlugin(PluginLoader.java:75) ~[mockito-core-5.11.0.jar:na]
	at org.mockito.internal.configuration.plugins.PluginLoader.loadPlugin(PluginLoader.java:49) ~[mockito-core-5.11.0.jar:na]
	at org.mockito.internal.configuration.plugins.PluginRegistry.<init>(PluginRegistry.java:29) ~[mockito-core-5.11.0.jar:na]
	at org.mockito.internal.configuration.plugins.Plugins.<clinit>(Plugins.java:26) ~[mockito-core-5.11.0.jar:na]
	at org.mockito.internal.MockitoCore.<clinit>(MockitoCore.java:71) ~[mockito-core-5.11.0.jar:na]
	at org.mockito.Mockito.<clinit>(Mockito.java:1683) ~[mockito-core-5.11.0.jar:na]
	at org.springframework.boot.test.mock.mockito.MockReset.get(MockReset.java:105) ~[spring-boot-test-3.3.4.jar:3.3.4]
	at org.springframework.boot.test.mock.mockito.ResetMocksTestExecutionListener.resetMocks(ResetMocksTestExecutionListener.java:85) ~[spring-boot-test-3.3.4.jar:3.3.4]
	at org.springframework.boot.test.mock.mockito.ResetMocksTestExecutionListener.resetMocks(ResetMocksTestExecutionListener.java:73) ~[spring-boot-test-3.3.4.jar:3.3.4]
	at org.springframework.boot.test.mock.mockito.ResetMocksTestExecutionListener.beforeTestMethod(ResetMocksTestExecutionListener.java:60) ~[spring-boot-test-3.3.4.jar:3.3.4]
	at org.springframework.test.context.TestContextManager.beforeTestMethod(TestContextManager.java:320) ~[spring-test-6.1.13.jar:6.1.13]
	at org.springframework.test.context.junit.jupiter.SpringExtension.beforeEach(SpringExtension.java:240) ~[spring-test-6.1.13.jar:6.1.13]
	at org.junit.jupiter.engine.descriptor.TestMethodTestDescriptor.lambda$invokeBeforeEachCallbacks$2(TestMethodTestDescriptor.java:167) ~[junit-jupiter-engine-5.10.3.jar:5.10.3]
	at org.junit.jupiter.engine.descriptor.TestMethodTestDescriptor.lambda$invokeBeforeMethodsOrCallbacksUntilExceptionOccurs$6(TestMethodTestDescriptor.java:203) ~[junit-jupiter-engine-5.10.3.jar:5.10.3]
	at org.junit.platform.engine.support.hierarchical.ThrowableCollector.execute(ThrowableCollector.java:73) ~[junit-platform-engine-1.10.3.jar:1.10.3]
	at org.junit.jupiter.engine.descriptor.TestMethodTestDescriptor.invokeBeforeMethodsOrCallbacksUntilExceptionOccurs(TestMethodTestDescriptor.java:203) ~[junit-jupiter-engine-5.10.3.jar:5.10.3]
	at org.junit.jupiter.engine.descriptor.TestMethodTestDescriptor.invokeBeforeEachCallbacks(TestMethodTestDescriptor.java:166) ~[junit-jupiter-engine-5.10.3.jar:5.10.3]
	at org.junit.jupiter.engine.descriptor.TestMethodTestDescriptor.execute(TestMethodTestDescriptor.java:133) ~[junit-jupiter-engine-5.10.3.jar:5.10.3]
	at org.junit.jupiter.engine.descriptor.TestMethodTestDescriptor.execute(TestMethodTestDescriptor.java:69) ~[junit-jupiter-engine-5.10.3.jar:5.10.3]
	at org.junit.platform.engine.support.hierarchical.NodeTestTask.lambda$executeRecursively$6(NodeTestTask.java:151) ~[junit-platform-engine-1.10.3.jar:1.10.3]
	at org.junit.platform.engine.support.hierarchical.ThrowableCollector.execute(ThrowableCollector.java:73) ~[junit-platform-engine-1.10.3.jar:1.10.3]
	at org.junit.platform.engine.support.hierarchical.NodeTestTask.lambda$executeRecursively$8(NodeTestTask.java:141) ~[junit-platform-engine-1.10.3.jar:1.10.3]
	at org.junit.platform.engine.support.hierarchical.Node.around(Node.java:137) ~[junit-platform-engine-1.10.3.jar:1.10.3]
	at org.junit.platform.engine.support.hierarchical.NodeTestTask.lambda$executeRecursively$9(NodeTestTask.java:139) ~[junit-platform-engine-1.10.3.jar:1.10.3]
	at org.junit.platform.engine.support.hierarchical.ThrowableCollector.execute(ThrowableCollector.java:73) ~[junit-platform-engine-1.10.3.jar:1.10.3]
	at org.junit.platform.engine.support.hierarchical.NodeTestTask.executeRecursively(NodeTestTask.java:138) ~[junit-platform-engine-1.10.3.jar:1.10.3]
	at org.junit.platform.engine.support.hierarchical.NodeTestTask.execute(NodeTestTask.java:95) ~[junit-platform-engine-1.10.3.jar:1.10.3]
	at java.base/java.util.ArrayList.forEach(ArrayList.java:1596) ~[na:na]
	at org.junit.platform.engine.support.hierarchical.SameThreadHierarchicalTestExecutorService.invokeAll(SameThreadHierarchicalTestExecutorService.java:41) ~[junit-platform-engine-1.10.3.jar:1.10.3]
	at org.junit.platform.engine.support.hierarchical.NodeTestTask.lambda$executeRecursively$6(NodeTestTask.java:155) ~[junit-platform-engine-1.10.3.jar:1.10.3]
	at org.junit.platform.engine.support.hierarchical.ThrowableCollector.execute(ThrowableCollector.java:73) ~[junit-platform-engine-1.10.3.jar:1.10.3]
	at org.junit.platform.engine.support.hierarchical.NodeTestTask.lambda$executeRecursively$8(NodeTestTask.java:141) ~[junit-platform-engine-1.10.3.jar:1.10.3]
	at org.junit.platform.engine.support.hierarchical.Node.around(Node.java:137) ~[junit-platform-engine-1.10.3.jar:1.10.3]
	at org.junit.platform.engine.support.hierarchical.NodeTestTask.lambda$executeRecursively$9(NodeTestTask.java:139) ~[junit-platform-engine-1.10.3.jar:1.10.3]
	at org.junit.platform.engine.support.hierarchical.ThrowableCollector.execute(ThrowableCollector.java:73) ~[junit-platform-engine-1.10.3.jar:1.10.3]
	at org.junit.platform.engine.support.hierarchical.NodeTestTask.executeRecursively(NodeTestTask.java:138) ~[junit-platform-engine-1.10.3.jar:1.10.3]
	at org.junit.platform.engine.support.hierarchical.NodeTestTask.execute(NodeTestTask.java:95) ~[junit-platform-engine-1.10.3.jar:1.10.3]
	at java.base/java.util.ArrayList.forEach(ArrayList.java:1596) ~[na:na]
	at org.junit.platform.engine.support.hierarchical.SameThreadHierarchicalTestExecutorService.invokeAll(SameThreadHierarchicalTestExecutorService.java:41) ~[junit-platform-engine-1.10.3.jar:1.10.3]
	at org.junit.platform.engine.support.hierarchical.NodeTestTask.lambda$executeRecursively$6(NodeTestTask.java:155) ~[junit-platform-engine-1.10.3.jar:1.10.3]
	at org.junit.platform.engine.support.hierarchical.ThrowableCollector.execute(ThrowableCollector.java:73) ~[junit-platform-engine-1.10.3.jar:1.10.3]
	at org.junit.platform.engine.support.hierarchical.NodeTestTask.lambda$executeRecursively$8(NodeTestTask.java:141) ~[junit-platform-engine-1.10.3.jar:1.10.3]
	at org.junit.platform.engine.support.hierarchical.Node.around(Node.java:137) ~[junit-platform-engine-1.10.3.jar:1.10.3]
	at org.junit.platform.engine.support.hierarchical.NodeTestTask.lambda$executeRecursively$9(NodeTestTask.java:139) ~[junit-platform-engine-1.10.3.jar:1.10.3]
	at org.junit.platform.engine.support.hierarchical.ThrowableCollector.execute(ThrowableCollector.java:73) ~[junit-platform-engine-1.10.3.jar:1.10.3]
	at org.junit.platform.engine.support.hierarchical.NodeTestTask.executeRecursively(NodeTestTask.java:138) ~[junit-platform-engine-1.10.3.jar:1.10.3]
	at org.junit.platform.engine.support.hierarchical.NodeTestTask.execute(NodeTestTask.java:95) ~[junit-platform-engine-1.10.3.jar:1.10.3]
	at org.junit.platform.engine.support.hierarchical.SameThreadHierarchicalTestExecutorService.submit(SameThreadHierarchicalTestExecutorService.java:35) ~[junit-platform-engine-1.10.3.jar:1.10.3]
	at org.junit.platform.engine.support.hierarchical.HierarchicalTestExecutor.execute(HierarchicalTestExecutor.java:57) ~[junit-platform-engine-1.10.3.jar:1.10.3]
	at org.junit.platform.engine.support.hierarchical.HierarchicalTestEngine.execute(HierarchicalTestEngine.java:54) ~[junit-platform-engine-1.10.3.jar:1.10.3]
	at org.junit.platform.launcher.core.EngineExecutionOrchestrator.execute(EngineExecutionOrchestrator.java:198) ~[junit-platform-launcher-1.10.3.jar:1.10.3]
	at org.junit.platform.launcher.core.EngineExecutionOrchestrator.execute(EngineExecutionOrchestrator.java:169) ~[junit-platform-launcher-1.10.3.jar:1.10.3]
	at org.junit.platform.launcher.core.EngineExecutionOrchestrator.execute(EngineExecutionOrchestrator.java:93) ~[junit-platform-launcher-1.10.3.jar:1.10.3]
	at org.junit.platform.launcher.core.EngineExecutionOrchestrator.lambda$execute$0(EngineExecutionOrchestrator.java:58) ~[junit-platform-launcher-1.10.3.jar:1.10.3]
	at org.junit.platform.launcher.core.EngineExecutionOrchestrator.withInterceptedStreams(EngineExecutionOrchestrator.java:141) ~[junit-platform-launcher-1.10.3.jar:1.10.3]
	at org.junit.platform.launcher.core.EngineExecutionOrchestrator.execute(EngineExecutionOrchestrator.java:57) ~[junit-platform-launcher-1.10.3.jar:1.10.3]
	at org.junit.platform.launcher.core.DefaultLauncher.execute(DefaultLauncher.java:103) ~[junit-platform-launcher-1.10.3.jar:1.10.3]
	at org.junit.platform.launcher.core.DefaultLauncher.execute(DefaultLauncher.java:85) ~[junit-platform-launcher-1.10.3.jar:1.10.3]
	at org.junit.platform.launcher.core.DelegatingLauncher.execute(DelegatingLauncher.java:47) ~[junit-platform-launcher-1.10.3.jar:1.10.3]
	at org.apache.maven.surefire.junitplatform.LazyLauncher.execute(LazyLauncher.java:56) ~[surefire-junit-platform-3.2.5.jar:3.2.5]
	at org.apache.maven.surefire.junitplatform.JUnitPlatformProvider.execute(JUnitPlatformProvider.java:184) ~[surefire-junit-platform-3.2.5.jar:3.2.5]
	at org.apache.maven.surefire.junitplatform.JUnitPlatformProvider.invokeAllTests(JUnitPlatformProvider.java:148) ~[surefire-junit-platform-3.2.5.jar:3.2.5]
	at org.apache.maven.surefire.junitplatform.JUnitPlatformProvider.invoke(JUnitPlatformProvider.java:122) ~[surefire-junit-platform-3.2.5.jar:3.2.5]
	at org.apache.maven.surefire.booter.ForkedBooter.runSuitesInProcess(ForkedBooter.java:385) ~[surefire-booter-3.2.5.jar:3.2.5]
	at org.apache.maven.surefire.booter.ForkedBooter.execute(ForkedBooter.java:162) ~[surefire-booter-3.2.5.jar:3.2.5]
	at org.apache.maven.surefire.booter.ForkedBooter.run(ForkedBooter.java:507) ~[surefire-booter-3.2.5.jar:3.2.5]
	at org.apache.maven.surefire.booter.ForkedBooter.main(ForkedBooter.java:495) ~[surefire-booter-3.2.5.jar:3.2.5]

2024-12-19T11:11:24.290+01:00 DEBUG 14736 --- [main] org.springframework.test.context.cache   : Spring test ApplicationContext cache statistics: [DefaultContextCache@77cd1f67 size = 1, maxSize = 32, parentContextCount = 0, hitCount = 5, missCount = 1, failureCount = 0]
2024-12-19T11:11:24.291+01:00  INFO 14736 --- [main] a.t.p.r.PaperlessRestApplicationTests    : Test 1
2024-12-19T11:11:24.292+01:00 DEBUG 14736 --- [main] org.springframework.test.context.cache   : Spring test ApplicationContext cache statistics: [DefaultContextCache@77cd1f67 size = 1, maxSize = 32, parentContextCount = 0, hitCount = 6, missCount = 1, failureCount = 0]
2024-12-19T11:11:24.293+01:00 DEBUG 14736 --- [main] org.springframework.test.context.cache   : Spring test ApplicationContext cache statistics: [DefaultContextCache@77cd1f67 size = 1, maxSize = 32, parentContextCount = 0, hitCount = 7, missCount = 1, failureCount = 0]
2024-12-19T11:11:24.293+01:00 DEBUG 14736 --- [main] org.springframework.test.context.cache   : Spring test ApplicationContext cache statistics: [DefaultContextCache@77cd1f67 size = 1, maxSize = 32, parentContextCount = 0, hitCount = 8, missCount = 1, failureCount = 0]
2024-12-19T11:11:24.295+01:00 DEBUG 14736 --- [main] org.springframework.test.context.cache   : Spring test ApplicationContext cache statistics: [DefaultContextCache@77cd1f67 size = 1, maxSize = 32, parentContextCount = 0, hitCount = 9, missCount = 1, failureCount = 0]
2024-12-19T11:11:24.296+01:00 DEBUG 14736 --- [main] org.springframework.test.context.cache   : Spring test ApplicationContext cache statistics: [DefaultContextCache@77cd1f67 size = 1, maxSize = 32, parentContextCount = 0, hitCount = 10, missCount = 1, failureCount = 0]
2024-12-19T11:11:24.297+01:00 DEBUG 14736 --- [main] org.springframework.test.context.cache   : Spring test ApplicationContext cache statistics: [DefaultContextCache@77cd1f67 size = 1, maxSize = 32, parentContextCount = 0, hitCount = 11, missCount = 1, failureCount = 0]
2024-12-19T11:11:24.297+01:00 DEBUG 14736 --- [main] .c.s.DirtiesContextTestExecutionListener : After test method: class [PaperlessRestApplicationTests], method [contextLoads], class annotated with @DirtiesContext [false] with mode [null], method annotated with @DirtiesContext [false] with mode [null]
2024-12-19T11:11:24.297+01:00 DEBUG 14736 --- [main] o.s.t.c.w.ServletTestExecutionListener   : Resetting RequestContextHolder for test class at.technikumwien.paperless.rest.PaperlessRestApplicationTests
2024-12-19T11:11:24.306+01:00  INFO 14736 --- [main] a.t.p.r.PaperlessRestApplicationTests    : Stopping Tests
2024-12-19T11:11:24.307+01:00 DEBUG 14736 --- [main] org.springframework.test.context.cache   : Spring test ApplicationContext cache statistics: [DefaultContextCache@77cd1f67 size = 1, maxSize = 32, parentContextCount = 0, hitCount = 12, missCount = 1, failureCount = 0]
2024-12-19T11:11:24.307+01:00 DEBUG 14736 --- [main] .c.s.DirtiesContextTestExecutionListener : After test class: class [PaperlessRestApplicationTests], class annotated with @DirtiesContext [false] with mode [null]
2024-12-19T11:11:24.353+01:00 DEBUG 14736 --- [main] java.lang.Runtime                        : Runtime.exit() called with status: 0

java.lang.Throwable: Runtime.exit(0)
	at java.base/java.lang.Shutdown.logRuntimeExit(Shutdown.java:179) ~[na:na]
	at java.base/java.lang.Shutdown.exit(Shutdown.java:160) ~[na:na]
	at java.base/java.lang.Runtime.exit(Runtime.java:188) ~[na:na]
	at java.base/java.lang.System.exit(System.java:1920) ~[na:na]
	at org.apache.maven.surefire.booter.ForkedBooter.acknowledgedExit(ForkedBooter.java:381) ~[surefire-booter-3.2.5.jar:3.2.5]
	at org.apache.maven.surefire.booter.ForkedBooter.execute(ForkedBooter.java:178) ~[surefire-booter-3.2.5.jar:3.2.5]
	at org.apache.maven.surefire.booter.ForkedBooter.run(ForkedBooter.java:507) ~[surefire-booter-3.2.5.jar:3.2.5]
	at org.apache.maven.surefire.booter.ForkedBooter.main(ForkedBooter.java:495) ~[surefire-booter-3.2.5.jar:3.2.5]

2024-12-19T11:11:24.354+01:00 DEBUG 14736 --- [SpringApplicationShutdownHook] o.s.w.c.s.GenericWebApplicationContext   : Closing org.springframework.web.context.support.GenericWebApplicationContext@66eb985d, started on Thu Dec 19 11:11:19 CET 2024
2024-12-19T11:11:24.357+01:00 DEBUG 14736 --- [SpringApplicationShutdownHook] o.s.c.support.DefaultLifecycleProcessor  : Stopping beans in phase 2147483647
2024-12-19T11:11:24.357+01:00 DEBUG 14736 --- [SpringApplicationShutdownHook] o.s.c.support.DefaultLifecycleProcessor  : Bean 'applicationTaskExecutor' completed its stop procedure
2024-12-19T11:11:24.357+01:00 DEBUG 14736 --- [SpringApplicationShutdownHook] o.s.c.support.DefaultLifecycleProcessor  : Stopping beans in phase 0
2024-12-19T11:11:24.361+01:00 DEBUG 14736 --- [SpringApplicationShutdownHook] o.s.c.support.DefaultLifecycleProcessor  : Stopping beans in phase -2147483647
2024-12-19T11:11:24.361+01:00 DEBUG 14736 --- [SpringApplicationShutdownHook] o.s.c.support.DefaultLifecycleProcessor  : Bean 'springBootLoggingLifecycle' completed its stop procedure
2024-12-19T11:11:24.361+01:00 DEBUG 14736 --- [SpringApplicationShutdownHook] o.s.c.support.DefaultLifecycleProcessor  : Stopping beans in phase -2147483648
2024-12-19T11:11:24.362+01:00 DEBUG 14736 --- [SpringApplicationShutdownHook] o.s.c.support.DefaultLifecycleProcessor  : Bean 'rabbitConnectionFactory' completed its stop procedure
2024-12-19T11:11:24.362+01:00 DEBUG 14736 --- [SpringApplicationShutdownHook] o.s.s.concurrent.ThreadPoolTaskExecutor  : Shutting down ExecutorService 'applicationTaskExecutor'
2024-12-19T11:11:24.365+01:00  INFO 14736 --- [SpringApplicationShutdownHook] j.LocalContainerEntityManagerFactoryBean : Closing JPA EntityManagerFactory for persistence unit 'default'
2024-12-19T11:11:24.365+01:00 DEBUG 14736 --- [SpringApplicationShutdownHook] o.hibernate.internal.SessionFactoryImpl  : HHH000031: Closing
2024-12-19T11:11:24.365+01:00 DEBUG 14736 --- [SpringApplicationShutdownHook] .SchemaDropperImpl$DelayedDropActionImpl : HHH000477: Starting delayed evictData of schema as part of SessionFactory shut-down'
2024-12-19T11:11:24.366+01:00 DEBUG 14736 --- [SpringApplicationShutdownHook] org.hibernate.SQL                        : drop table if exists document_jpa cascade
2024-12-19T11:11:24.367+01:00 DEBUG 14736 --- [SpringApplicationShutdownHook] org.hibernate.SQL                        : drop sequence if exists document_jpa_seq
2024-12-19T11:11:24.368+01:00 DEBUG 14736 --- [SpringApplicationShutdownHook] o.h.type.spi.TypeConfiguration$Scope     : Un-scoping TypeConfiguration [org.hibernate.type.spi.TypeConfiguration$Scope@4573ce64] from SessionFactory [org.hibernate.internal.SessionFactoryImpl@4693d24f]
2024-12-19T11:11:24.368+01:00 DEBUG 14736 --- [SpringApplicationShutdownHook] o.h.s.i.AbstractServiceRegistryImpl      : Implicitly destroying ServiceRegistry on de-registration of all child ServiceRegistries
2024-12-19T11:11:24.368+01:00 DEBUG 14736 --- [SpringApplicationShutdownHook] o.h.b.r.i.BootstrapServiceRegistryImpl   : Implicitly destroying Boot-strap registry on de-registration of all child ServiceRegistries
2024-12-19T11:11:24.369+01:00  INFO 14736 --- [SpringApplicationShutdownHook] com.zaxxer.hikari.HikariDataSource       : HikariPool-1 - Shutdown initiated...
2024-12-19T11:11:24.369+01:00 DEBUG 14736 --- [SpringApplicationShutdownHook] com.zaxxer.hikari.pool.HikariPool        : HikariPool-1 - Before shutdown stats (total=10, active=0, idle=10, waiting=0)
2024-12-19T11:11:24.370+01:00 DEBUG 14736 --- [HikariPool-1 connection closer] com.zaxxer.hikari.pool.PoolBase          : HikariPool-1 - Closing connection conn0: url=jdbc:h2:mem:testdb user=USER: (connection evicted)
2024-12-19T11:11:24.371+01:00 DEBUG 14736 --- [HikariPool-1 connection closer] com.zaxxer.hikari.pool.PoolBase          : HikariPool-1 - Closing connection conn1: url=jdbc:h2:mem:testdb user=USER: (connection evicted)
2024-12-19T11:11:24.371+01:00 DEBUG 14736 --- [HikariPool-1 connection closer] com.zaxxer.hikari.pool.PoolBase          : HikariPool-1 - Closing connection conn2: url=jdbc:h2:mem:testdb user=USER: (connection evicted)
2024-12-19T11:11:24.371+01:00 DEBUG 14736 --- [HikariPool-1 connection closer] com.zaxxer.hikari.pool.PoolBase          : HikariPool-1 - Closing connection conn3: url=jdbc:h2:mem:testdb user=USER: (connection evicted)
2024-12-19T11:11:24.371+01:00 DEBUG 14736 --- [HikariPool-1 connection closer] com.zaxxer.hikari.pool.PoolBase          : HikariPool-1 - Closing connection conn4: url=jdbc:h2:mem:testdb user=USER: (connection evicted)
2024-12-19T11:11:24.371+01:00 DEBUG 14736 --- [HikariPool-1 connection closer] com.zaxxer.hikari.pool.PoolBase          : HikariPool-1 - Closing connection conn5: url=jdbc:h2:mem:testdb user=USER: (connection evicted)
2024-12-19T11:11:24.371+01:00 DEBUG 14736 --- [HikariPool-1 connection closer] com.zaxxer.hikari.pool.PoolBase          : HikariPool-1 - Closing connection conn6: url=jdbc:h2:mem:testdb user=USER: (connection evicted)
2024-12-19T11:11:24.371+01:00 DEBUG 14736 --- [HikariPool-1 connection closer] com.zaxxer.hikari.pool.PoolBase          : HikariPool-1 - Closing connection conn7: url=jdbc:h2:mem:testdb user=USER: (connection evicted)
2024-12-19T11:11:24.371+01:00 DEBUG 14736 --- [HikariPool-1 connection closer] com.zaxxer.hikari.pool.PoolBase          : HikariPool-1 - Closing connection conn8: url=jdbc:h2:mem:testdb user=USER: (connection evicted)
2024-12-19T11:11:24.371+01:00 DEBUG 14736 --- [HikariPool-1 connection closer] com.zaxxer.hikari.pool.PoolBase          : HikariPool-1 - Closing connection conn9: url=jdbc:h2:mem:testdb user=USER: (connection evicted)
2024-12-19T11:11:24.372+01:00 DEBUG 14736 --- [SpringApplicationShutdownHook] com.zaxxer.hikari.pool.HikariPool        : HikariPool-1 - After shutdown stats (total=0, active=0, idle=0, waiting=0)
2024-12-19T11:11:24.372+01:00  INFO 14736 --- [SpringApplicationShutdownHook] com.zaxxer.hikari.HikariDataSource       : HikariPool-1 - Shutdown completed.
